Name,Salary,Hand,Team,Position,Opp,Order,Pitcher,PHND,PLTN?,Rank,Average,pOWN%,ContR,SalDiff,RankDiff,,,Total,Movement,AB,AVG,wOBA,ISO,OBP,SLG,OPS,K%,BB%,BABIP,Points,Pt/$/K,AB,AVG,wOBA,ISO,OBP,SLG,OPS,K%,BB%,BABIP,AB,AVG,wOBA,ISO,OBP,SLG,OPS,K%,BB%,BABIP,AB,AVG,wOBA,ISO,OBP,SLG,OPS,K%,BB%,BABIP
Andrew McCutchen,$4.0K,R,SFG,OF,@ COL,3,Tyler Anderson,L,,,,,,-100,26,,,5.08,-0.53,241,0.307,0.415,0.286,0.379,0.593,0.972,18.90,12.00,0.339,10.63,2.66,38,0.342,0.396,0.211,0.375,0.553,0.928,15.00,5.00,0.387,20,0.300,0.319,0.1,0.333,0.400,0.733,14.30,4.80,0.353,12,0.250,0.251,0.083,0.250,0.333,0.583,16.70,0.00,0.300
Gorkys Hernandez,$3.7K,R,SFG,OF,@ COL,1,Tyler Anderson,L,,,,,,-100,32,,,5.08,-0.53,222,0.243,0.289,0.117,0.294,0.360,0.654,24.80,7.90,0.316,9.83,2.66,33,0.212,0.314,0.242,0.257,0.455,0.712,22.20,8.30,0.217,17,0.294,0.439,0.471,0.294,0.765,1.059,17.60,0.00,0.250,9,0.222,0.325,0.333,0.222,0.556,0.778,0.00,0.00,0.125
Noel Cuevas,$3.3K,R,COL,OF,SFG,7,Andrew Suarez,L,,,,,,300,25,,,5.42,-0.47,65,0.262,0.273,0.062,0.294,0.323,0.617,11.80,2.90,0.286,8.37,2.54,24,0.208,0.218,0.042,0.240,0.250,0.490,24.00,4.00,0.278,16,0.250,0.269,0.062,0.294,0.313,0.607,29.40,5.90,0.364,10,0.200,0.256,0.1,0.273,0.300,0.573,36.40,9.10,0.333
Eduardo Nunez,$3.4K,R,BOS,2B/SS,@ WAS,6,Erick Fedde,R, ,,,,,900,1,,,4.76,0.09,534,0.301,0.332,0.144,0.326,0.446,0.772,13.60,2.90,0.326,8.57,2.52,40,0.200,0.239,0.075,0.256,0.275,0.531,14.00,4.70,0.212,14,0.214,0.299,0.214,0.267,0.429,0.696,20.00,6.70,0.200,8,0.125,0.256,0.375,0.125,0.500,0.625,25.00,0.00,0.000
Chris Herrmann,$2.7K,L,SEA,C/OF,LAA,8,Garrett Richards,R,,,,,,500,-27,,,4.18, ,193,0.187,0.283,0.155,0.291,0.342,0.633,26.00,13.00,0.219,6.79,2.51,8,0.125,0.225,0,0.300,0.125,0.425,10.00,20.00,0.143,8,0.125,0.225,0,0.300,0.125,0.425,10.00,20.00,0.143,4,0.000,0,0,0.000,0.000,0.000,25.00,0.00,0.000
Ian Desmond,$4.3K,R,COL,1B/OF,SFG,5,Andrew Suarez,L,,,,,,600,4,,,5.42,-0.47,189,0.270,0.346,0.212,0.325,0.481,0.806,22.70,7.10,0.301,10.75,2.5,27,0.407,0.551,0.444,0.484,0.852,1.336,22.60,12.90,0.438,17,0.235,0.337,0.176,0.350,0.412,0.762,30.00,15.00,0.300,10,0.100,0.142,0,0.182,0.100,0.282,36.40,9.10,0.167
Kole Calhoun,$3.2K,L,LAA,OF,@ SEA,1,Mike Leake,R,,,,,,600,10,,,4.32, ,579,0.231,0.293,0.135,0.299,0.366,0.665,22.00,9.60,0.274,7.89,2.47,36,0.333,0.431,0.333,0.375,0.667,1.042,12.50,7.50,0.310,30,0.300,0.395,0.3,0.353,0.600,0.953,11.80,8.80,0.280,17,0.294,0.384,0.294,0.350,0.588,0.938,15.00,10.00,0.286
Yoan Moncada,$3.8K,S,CHW,2B,@ CIN,1,Sal Romano,R,,,,,,500,2,,,4.36,0.15,370,0.246,0.342,0.211,0.333,0.457,0.790,34.00,11.00,0.355,9.3,2.45,91,0.220,0.286,0.176,0.260,0.396,0.656,38.10,5.20,0.346,47,0.255,0.327,0.213,0.300,0.468,0.768,34.00,4.00,0.379,27,0.259,0.309,0.148,0.310,0.407,0.717,37.90,6.90,0.438
Nick Williams,$3.4K,L,PHI,OF,BAL,5,Yefrey Ramirez,R,,,,,,900,-6,,,5.05,-0.12,382,0.267,0.344,0.209,0.326,0.476,0.802,27.30,7.30,0.333,8.28,2.44,48,0.208,0.295,0.146,0.309,0.354,0.663,30.90,10.90,0.300,27,0.185,0.242,0.037,0.290,0.222,0.512,38.70,12.90,0.333,9,0.222,0.318,0,0.417,0.222,0.639,50.00,25.00,0.667
Curtis Granderson,$4.0K,L,TOR,OF,NYM,1,Corey Oswalt,R,,,,,,1200,-17,,,5.38,0.13,542,0.227,0.348,0.238,0.336,0.465,0.801,25.20,14.00,0.263,9.74,2.44,59,0.339,0.452,0.339,0.400,0.678,1.078,24.60,9.20,0.395,28,0.286,0.438,0.393,0.375,0.679,1.054,25.00,12.50,0.294,11,0.273,0.366,0.182,0.385,0.455,0.840,23.10,15.40,0.375
Buster Posey,$4.2K,R,SFG,1B/C,@ COL,4,Tyler Anderson,L,,,,,,400,6,,,5.08,-0.53,230,0.335,0.403,0.204,0.398,0.539,0.937,10.40,14.20,0.347,10.19,2.43,29,0.345,0.395,0.138,0.424,0.483,0.907,9.10,15.20,0.385,14,0.286,0.352,0.143,0.375,0.429,0.804,17.60,17.60,0.364,8,0.250,0.350,0.125,0.400,0.375,0.775,20.00,20.00,0.333
Patrick Valaika,$3.0K,R,COL,1B/2B,SFG,8,Andrew Suarez,L,,,,,, ,23,,,5.42,-0.47,117,0.248,0.340,0.256,0.285,0.504,0.789,25.20,6.30,0.282,7.2,2.4,4,0.500,0.731,0.75,0.500,1.250,1.750,25.00,0.00,0.500,4,0.500,0.731,0.75,0.500,1.250,1.750,25.00,0.00,0.500,4,0.500,0.731,0.75,0.500,1.250,1.750,25.00,0.00,0.500
Daniel Palka,$3.0K,L,CHW,OF,@ CIN,5,Sal Romano,R,,,,,,300,22,,,4.36,0.15,154,0.234,0.309,0.227,0.263,0.461,0.724,31.90,5.50,0.305,7.13,2.38,64,0.188,0.270,0.172,0.246,0.359,0.605,40.80,9.90,0.281,28,0.179,0.309,0.321,0.207,0.500,0.707,35.50,9.70,0.143,15,0.200,0.373,0.4,0.250,0.600,0.850,33.30,16.70,0.143
Scott Kingery,$3.1K,R,PHI,SS,BAL,6,Yefrey Ramirez,R, ,,,,,700,1,,,5.05,-0.12,196,0.235,0.276,0.117,0.278,0.352,0.630,21.70,5.70,0.287,7.34,2.37,64,0.250,0.289,0.141,0.286,0.391,0.677,21.40,5.70,0.286,38,0.263,0.275,0.105,0.275,0.368,0.643,22.50,2.50,0.310,20,0.150,0.199,0.2,0.143,0.350,0.493,19.00,0.00,0.125
Pedro Severino,$2.6K,R,WAS,C,BOS,8,Eduardo Rodriguez,L,,,,,,600,-36,,,4.24,-0.09,54,0.222,0.246,0.037,0.283,0.259,0.542,22.60,9.70,0.293,6.14,2.36,16,0.062,0.125,0,0.167,0.063,0.230,21.10,15.80,0.083,5,0.000,0.115,0,0.167,0.000,0.167,16.70,16.70,0.000,1,0.000,0.344,0,0.500,0.000,0.500,0.00,50.00,0.000
Jorge Polanco,$3.0K,S,MIN,3B/SS,@ MIL,5,Chase Anderson,R,,,,,,300,11,,,4.18,0.01,329,0.261,0.324,0.161,0.322,0.422,0.744,14.70,9.40,0.285,7.06,2.35,3,0.333,0.417,0.333,0.333,0.667,1.000,66.70,0.00,1.000,3,0.333,0.417,0.333,0.333,0.667,1.000,66.70,0.00,1.000,3,0.333,0.417,0.333,0.333,0.667,1.000,66.70,0.00,1.000
Joseph Wendle,$3.1K,L,TBR,2B,@ MIA,5,Jose Urena,R,,,,,,800,4,,,3.86,0.11,219,0.265,0.289,0.096,0.301,0.361,0.662,23.40,5.00,0.335,7.24,2.34,66,0.227,0.221,0.015,0.254,0.242,0.496,29.20,1.40,0.319,32,0.188,0.192,0,0.229,0.188,0.417,27.80,2.80,0.261,18,0.333,0.300,0,0.350,0.333,0.683,33.30,4.80,0.500
Jedd Gyorko,$3.4K,R,STL,2B/3B,@ ARI,6,Patrick Corbin,L,,,,,,600,5,,,3.6,-0.12,147,0.327,0.414,0.286,0.374,0.612,0.986,14.00,9.10,0.319,7.92,2.33,22,0.273,0.327,0.227,0.273,0.500,0.773,18.20,0.00,0.294,11,0.273,0.380,0.364,0.273,0.636,0.909,18.20,0.00,0.250,7,0.286,0.418,0.429,0.286,0.714,1.000,28.60,0.00,0.250
Austin Slater,$3.3K,R,SFG,OF,@ COL,5,Tyler Anderson,L,,,,,,-100,39,,,5.08,-0.53,47,0.319,0.342,0.128,0.353,0.447,0.800,19.20,5.80,0.395,7.6,2.3,8,0.375,0.375,0.25,0.333,0.625,0.958,0.00,10.00,0.333,8,0.375,0.375,0.25,0.333,0.625,0.958,0.00,10.00,0.333,8,0.375,0.422,0.25,0.375,0.625,1.000,0.00,11.10,0.375
Brett Gardner,$3.6K,L,NYY,OF,ATL,1,Julio Teheran,R,,,,,,300,27,,,5.57,0.16,693,0.268,0.345,0.172,0.350,0.440,0.790,17.20,11.20,0.300,8.21,2.28,47,0.191,0.256,0.085,0.283,0.277,0.560,11.30,11.30,0.200,22,0.136,0.221,0.045,0.269,0.182,0.451,3.80,15.40,0.143,10,0.100,0.286,0.1,0.357,0.200,0.557,0.00,28.60,0.100
Matt Joyce,$3.3K,L,OAK,OF,SDP,2,Luis Perdomo,R,,,,,,900,-8,,,4.73,-0.11,574,0.240,0.344,0.223,0.327,0.463,0.790,21.30,12.90,0.263,7.52,2.28,21,0.286,0.321,0.048,0.375,0.333,0.708,16.70,12.50,0.353,21,0.286,0.321,0.048,0.375,0.333,0.708,16.70,12.50,0.353,12,0.333,0.293,0,0.333,0.333,0.666,16.70,0.00,0.400
Jose Bautista,$3.5K,R,NYM,3B/OF,@ TOR,2,Marcus Stroman,R, ,,,,,900,-42,,,4.12,0.37,522,0.209,0.309,0.176,0.312,0.385,0.697,25.10,13.20,0.247,7.95,2.27,35,0.257,0.411,0.257,0.435,0.514,0.949,28.30,23.90,0.350,25,0.280,0.446,0.32,0.455,0.600,1.055,24.20,24.20,0.333,18,0.278,0.411,0.278,0.409,0.556,0.965,27.30,18.20,0.364
Jarrod Dyson,$3.1K,L,ARI,OF,STL,7,Miles Mikolas,R,,,,,,700,1,,,3.9,-0.38,452,0.237,0.285,0.097,0.302,0.334,0.636,14.20,8.30,0.267,7.02,2.26,54,0.148,0.175,0.019,0.207,0.167,0.374,16.90,8.50,0.182,27,0.222,0.209,0.037,0.222,0.259,0.481,14.80,0.00,0.261,7,0.286,0.251,0,0.286,0.286,0.572,0.00,0.00,0.286
John Hicks,$3.3K,R,DET,1B/C,@ CHC,4,Jose Quintana,L,,,,,,700,2,,,3.56,3.56,114,0.272,0.343,0.184,0.339,0.456,0.795,27.80,9.50,0.355,7.47,2.26,15,0.333,0.341,0.067,0.375,0.400,0.775,18.80,6.20,0.417,10,0.300,0.301,0.1,0.300,0.400,0.700,30.00,0.00,0.429,9,0.333,0.334,0.111,0.333,0.444,0.777,22.20,0.00,0.429
Jose Pirela,$3.3K,R,SDP,2B/OF,@ OAK,6,Sean Manaea,L,,,,,,800,4,,,3.77,0.11,172,0.285,0.352,0.186,0.344,0.471,0.815,18.50,9.00,0.331,7.43,2.25,20,0.250,0.301,0.2,0.273,0.450,0.723,4.50,4.50,0.211,11,0.273,0.346,0.273,0.273,0.545,0.818,0.00,0.00,0.200,2,0.000,0,0,0.000,0.000,0.000,0.00,0.00,0.000
George Springer,$4.8K,R,HOU,OF,@ TEX,1,Mike Minor,L,,,,,,1100,-5,,,5.43,-0.15,253,0.292,0.398,0.249,0.387,0.542,0.929,17.20,12.50,0.303,10.64,2.22,33,0.182,0.290,0.152,0.308,0.333,0.641,15.80,15.80,0.192,15,0.067,0.154,0.067,0.176,0.133,0.309,25.00,12.50,0.091,7,0.000,0,0,0.000,0.000,0.000,50.00,0.00,0.000
Yolmer Sanchez,$3.6K,S,CHW,3B,@ CIN,2,Sal Romano,R,,,,,,500,5,,,4.36,0.15,612,0.270,0.325,0.165,0.317,0.435,0.752,18.30,6.10,0.312,7.95,2.21,82,0.195,0.285,0.195,0.272,0.390,0.662,19.60,8.70,0.222,41,0.244,0.307,0.220,0.273,0.463,0.736,18.20,4.50,0.273,21,0.238,0.301,0.190,0.292,0.429,0.721,20.80,8.30,0.294
Teoscar Hernandez,$4.4K,R,TOR,OF,NYM,2,Corey Oswalt,R, ,,,,,900,-2,,,5.38,0.13,246,0.272,0.369,0.276,0.323,0.549,0.872,27.10,6.40,0.329,9.66,2.2,72,0.278,0.361,0.222,0.333,0.500,0.833,32.90,7.60,0.395,36,0.278,0.345,0.194,0.316,0.472,0.788,33.30,7.70,0.409,12,0.333,0.444,0.25,0.429,0.583,1.012,13.30,20.00,0.400
Chris Davis,$3.0K,L,BAL,1B,@ PHI,5,Aaron Nola,R,,,,,,700,-5,,,3.45,0.12,493,0.199,0.294,0.193,0.273,0.391,0.664,35.70,10.80,0.267,6.58,2.19,38,0.184,0.266,0.211,0.225,0.395,0.620,31.70,4.90,0.217,27,0.185,0.306,0.296,0.241,0.481,0.722,23.30,6.70,0.167,17,0.235,0.384,0.412,0.278,0.647,0.925,11.10,5.60,0.154
Kevan Smith,$2.8K,R,CHW,C,@ CIN,6,Sal Romano,R, ,,,,,300,-17,,,4.36,0.15,216,0.306,0.315,0.083,0.332,0.389,0.721,15.10,3.40,0.352,6.13,2.19,47,0.298,0.287,0.021,0.327,0.319,0.646,10.20,2.00,0.333,22,0.273,0.294,0.045,0.333,0.318,0.651,8.30,4.20,0.300,15,0.267,0.234,0,0.267,0.267,0.534,6.70,0.00,0.286
Justin Bour,$3.5K,L,MIA,1B,TBR,3,Matt Andriese,R,,,,,,900,-3,,,3.64,-0.11,476,0.277,0.376,0.246,0.354,0.523,0.877,21.80,13.30,0.308,7.68,2.19,62,0.258,0.359,0.194,0.370,0.452,0.822,30.10,15.10,0.351,32,0.188,0.267,0.094,0.297,0.281,0.578,35.10,13.50,0.278,19,0.158,0.166,0,0.200,0.158,0.358,35.00,5.00,0.250
Jose Altuve,$5.2K,R,HOU,2B,@ TEX,3,Mike Minor,L,,,,,,1000,-1,,,5.43,-0.15,250,0.332,0.385,0.168,0.389,0.500,0.889,12.50,9.30,0.357,11.32,2.18,28,0.357,0.404,0.107,0.455,0.464,0.919,0.00,15.20,0.357,15,0.333,0.379,0.067,0.444,0.400,0.844,0.00,16.70,0.333,8,0.250,0.220,0,0.250,0.250,0.500,0.00,0.00,0.250
Matt Olson,$4.5K,L,OAK,1B,SDP,5,Luis Perdomo,R,,,,,,900, ,,,4.73,-0.11,354,0.251,0.388,0.331,0.336,0.582,0.918,26.90,10.40,0.256,9.82,2.18,61,0.197,0.334,0.279,0.300,0.475,0.775,17.10,10.00,0.159,36,0.278,0.402,0.306,0.366,0.583,0.949,9.80,12.20,0.241,19,0.211,0.306,0.263,0.250,0.474,0.724,15.00,5.00,0.200
Chris Iannetta,$3.7K,R,COL,C,SFG,6,Andrew Suarez,L,,,,,,500,-11,,,5.42,-0.47,153,0.248,0.341,0.170,0.348,0.418,0.766,21.10,12.80,0.284,8.04,2.17,17,0.294,0.376,0.059,0.455,0.353,0.808,18.20,13.60,0.385,11,0.182,0.243,0,0.308,0.182,0.490,30.80,7.70,0.286,8,0.250,0.316,0,0.400,0.250,0.650,20.00,10.00,0.333
Russell Martin,$3.0K,R,TOR,C,NYM,6,Corey Oswalt,R, ,,,,,700,-32,,,5.38,0.13,383,0.211,0.322,0.167,0.336,0.379,0.715,22.30,14.40,0.242,6.5,2.17,38,0.105,0.250,0.079,0.292,0.184,0.476,20.40,22.40,0.111,20,0.100,0.226,0,0.280,0.100,0.380,23.10,23.10,0.143,8,0.000,0.076,0,0.111,0.000,0.111,22.20,11.10,0.000
Avisail Garcia,$3.6K,R,CHW,OF,@ CIN,4,Sal Romano,R, ,,,,,400,24,,,4.36,0.15,482,0.293,0.354,0.193,0.337,0.485,0.822,21.00,5.00,0.338,7.75,2.15,44,0.318,0.46,0.455,0.333,0.773,1.106,26.70,2.20,0.308,44,0.318,0.46,0.455,0.333,0.773,1.106,26.70,2.20,0.308,29,0.379,0.563,0.586,0.400,0.966,1.366,23.30,3.30,0.353
Jose Abreu,$4.0K,R,CHW,1B,@ CIN,3,Sal Romano,R, ,,,,,500,7,,,4.36,0.15,734,0.278,0.349,0.219,0.318,0.497,0.815,17.30,5.10,0.302,8.58,2.15,87,0.184,0.225,0.115,0.217,0.299,0.516,20.20,5.30,0.209,42,0.167,0.217,0.095,0.222,0.262,0.484,17.40,6.50,0.182,21,0.190,0.244,0.143,0.227,0.333,0.560,13.00,8.70,0.176
Trevor Story,$5.4K,R,COL,SS,SFG,4,Andrew Suarez,L,,,,,,1200,-1,,,5.42,-0.47,240,0.292,0.410,0.329,0.355,0.621,0.976,30.10,10.40,0.371,11.63,2.15,32,0.250,0.292,0.156,0.273,0.406,0.679,21.20,3.00,0.292,20,0.200,0.235,0.1,0.238,0.300,0.538,23.80,4.80,0.267,10,0.200,0.256,0.1,0.273,0.300,0.573,18.20,9.10,0.250
Gregory Bird,$3.7K,L,NYY,1B,ATL,7,Julio Teheran,R,,,,,,900,-5,,,5.57,0.16,233,0.202,0.323,0.236,0.302,0.438,0.740,25.70,12.50,0.225,7.94,2.15,50,0.200,0.285,0.18,0.273,0.380,0.653,25.00,10.70,0.235,20,0.200,0.293,0.15,0.304,0.350,0.654,29.20,16.70,0.250,7,0.286,0.418,0.429,0.286,0.714,1.000,25.00,12.50,0.250
Alen Hanson,$3.8K,S,SFG,2B/OF,@ COL,6,Tyler Anderson,L,,,,,,600, ,,,5.08,-0.53,68,0.221,0.262,0.118,0.267,0.338,0.605,21.60,6.80,0.264,8.16,2.15,25,0.160,0.149,0.04,0.154,0.200,0.354,30.80,0.00,0.222,13,0.154,0.135,0,0.154,0.154,0.308,30.80,0.00,0.222,7,0.143,0.126,0,0.143,0.143,0.286,28.60,0.00,0.200
Michael Conforto,$3.9K,L,NYM,OF,@ TOR,4,Marcus Stroman,R,,,,,,800,-1,,,4.12,0.37,448,0.268,0.381,0.234,0.373,0.502,0.875,21.90,15.50,0.303,8.4,2.15,52,0.135,0.258,0.115,0.292,0.250,0.542,22.70,16.70,0.139,27,0.148,0.240,0.111,0.258,0.259,0.517,32.30,12.90,0.188,16,0.062,0.125,0,0.167,0.063,0.230,38.90,11.10,0.111
Brock Holt,$3.5K,L,BOS,2B/SS,@ WAS,2,Erick Fedde,R,,,,,,900,-1,,,4.76,0.09,241,0.228,0.281,0.083,0.312,0.311,0.623,18.70,10.10,0.281,7.44,2.13,41,0.268,0.296,0.049,0.340,0.317,0.657,18.80,8.30,0.333,20,0.250,0.314,0.1,0.348,0.350,0.698,13.00,8.70,0.294,8,0.250,0.275,0,0.333,0.250,0.583,11.10,0.00,0.286
David Freese,$3.0K,R,PIT,1B/3B,@ LAD,5,Rich Hill,L,,,,,,900,16,,,3.36,0.09,171,0.275,0.321,0.082,0.355,0.357,0.712,21.40,13.40,0.344,6.35,2.12,27,0.222,0.271,0.037,0.300,0.259,0.559,25.80,12.90,0.316,18,0.278,0.265,0.056,0.278,0.333,0.611,38.90,0.00,0.455,12,0.333,0.324,0.083,0.333,0.417,0.750,33.30,0.00,0.500
Yonder Alonso,$3.9K,L,CLE,1B,@ KCR,5,Trevor Oaks,R,,,,,,1000,-3,,,5.62,0.12,581,0.281,0.372,0.219,0.355,0.499,0.854,21.50,12.60,0.322,8.26,2.12,57,0.316,0.380,0.158,0.391,0.474,0.865,10.60,13.60,0.347,29,0.379,0.438,0.207,0.438,0.586,1.024,12.10,12.10,0.417,15,0.333,0.383,0.133,0.412,0.467,0.879,16.70,16.70,0.417
Justin Smoak,$4.1K,S,TOR,1B,NYM,4,Corey Oswalt,R,,,,,,700,3,,,5.38,0.13,611,0.241,0.358,0.255,0.330,0.496,0.826,23.40,13.30,0.264,8.69,2.12,50,0.180,0.298,0.18,0.311,0.360,0.671,29.00,17.70,0.250,23,0.261,0.415,0.304,0.414,0.565,0.979,27.60,20.70,0.357,8,0.250,0.487,0.5,0.455,0.750,1.205,9.10,27.30,0.167
Addison Russell,$3.8K,R,CHC,SS,DET,4,Francisco Liriano,L,,,,,,800,-1,,,5.44,5.44,163,0.270,0.344,0.184,0.331,0.454,0.785,22.70,10.30,0.330,8.05,2.12,16,0.250,0.220,0,0.250,0.250,0.500,18.80,0.00,0.308,12,0.167,0.146,0,0.167,0.167,0.334,16.70,0.00,0.200,9,0.222,0.195,0,0.222,0.222,0.444,22.20,0.00,0.286
Scott Schebler,$4.6K,L,CIN,OF,CHW,1,Dylan Covey,R,,,,,,600,12,,,5.64,-0.15,513,0.224,0.337,0.251,0.306,0.476,0.782,23.40,9.30,0.236,9.77,2.12,67,0.269,0.366,0.254,0.324,0.522,0.846,23.70,9.20,0.319,27,0.222,0.368,0.333,0.290,0.556,0.846,21.20,15.20,0.211,16,0.188,0.312,0.25,0.300,0.438,0.738,20.00,15.00,0.167
Luis Valbuena,$3.4K,L,LAA,1B/3B,@ SEA,7,Mike Leake,R,,,,,,1100,12,,,4.32, ,501,0.210,0.303,0.210,0.281,0.419,0.700,29.40,9.50,0.244,7.2,2.12,61,0.180,0.252,0.180,0.227,0.361,0.588,33.30,6.10,0.216,28,0.214,0.327,0.357,0.214,0.571,0.785,39.30,0.00,0.214,14,0.143,0.152,0.071,0.143,0.214,0.357,42.90,0.00,0.250
Willson Contreras,$4.1K,R,CHC,C,DET,5,Francisco Liriano,L,,,,,,1000,-19,,,5.44,5.44,184,0.288,0.400,0.255,0.391,0.543,0.934,18.70,15.10,0.323,8.67,2.11,17,0.353,0.487,0.412,0.421,0.765,1.186,15.80,10.50,0.385,13,0.385,0.550,0.538,0.429,0.923,1.352,7.10,7.10,0.364,10,0.300,0.506,0.6,0.364,0.900,1.264,9.10,9.10,0.250
Tyler Naquin,$3.2K,L,CLE,OF,@ KCR,7,Trevor Oaks,R,,,,,,800,-4,,,5.62,0.12,137,0.270,0.287,0.088,0.301,0.358,0.659,25.90,4.10,0.354,6.75,2.11,37,0.189,0.198,0.027,0.225,0.216,0.441,25.00,2.50,0.250,29,0.138,0.159,0,0.194,0.138,0.332,32.30,3.20,0.211,12,0.250,0.289,0,0.357,0.250,0.607,21.40,7.10,0.333
Albert Almora,$4.0K,R,CHC,OF,DET,1,Francisco Liriano,L,,,,,,1400,-29,,,5.44,5.44,195,0.333,0.376,0.149,0.389,0.482,0.871,11.50,9.20,0.355,8.44,2.11,19,0.263,0.220,0,0.250,0.263,0.513,15.00,0.00,0.294,12,0.333,0.270,0,0.308,0.333,0.641,15.40,0.00,0.364,10,0.300,0.240,0,0.273,0.300,0.573,18.20,0.00,0.333
James McCann,$3.0K,R,DET,C,@ CHC,7,Jose Quintana,L,,,,,,800,-37,,,3.56,3.56,162,0.278,0.368,0.235,0.346,0.512,0.858,16.80,8.40,0.287,6.29,2.1,13,0.077,0.068,0,0.077,0.077,0.154,30.80,0.00,0.111,9,0.111,0.098,0,0.111,0.111,0.222,33.30,0.00,0.167,9,0.111,0.098,0,0.111,0.111,0.222,33.30,0.00,0.167
Brian Anderson,$3.6K,R,MIA,3B/OF,TBR,2,Matt Andriese,R, ,,,,,800,-32,,,3.64,-0.11,292,0.284,0.333,0.110,0.355,0.394,0.749,21.20,9.40,0.362,7.57,2.1,73,0.247,0.297,0.096,0.325,0.342,0.667,16.70,10.70,0.288,39,0.231,0.265,0.077,0.286,0.308,0.594,9.50,7.10,0.235,19,0.158,0.247,0.158,0.238,0.316,0.554,4.80,9.50,0.118
Rosell Herrera,$2.9K,S,KCR,OF,CLE,2,Trevor Bauer,R,,,,,,700,-2,,,3.38,-0.12,49,0.224,0.245,0.122,0.220,0.347,0.567,31.40,2.00,0.324,6.1,2.1,37,0.243,0.276,0.162,0.237,0.405,0.642,28.20,2.60,0.333,32,0.250,0.270,0.125,0.242,0.375,0.617,26.50,2.90,0.333,14,0.357,0.318,0.071,0.333,0.429,0.762,26.70,0.00,0.455
Dustin Fowler,$3.7K,L,OAK,OF,SDP,1,Luis Perdomo,R,,,,,,1200,-21,,,4.73,-0.11,125,0.256,0.308,0.168,0.288,0.424,0.712,20.30,4.50,0.287,7.72,2.09,69,0.261,0.276,0.116,0.268,0.377,0.645,25.40,1.40,0.320,36,0.278,0.300,0.139,0.289,0.417,0.706,28.90,2.60,0.360,19,0.158,0.220,0.211,0.158,0.368,0.526,36.80,0.00,0.182
Steve Pearce,$3.6K,R,BOS,1B/OF,@ WAS,4,Erick Fedde,R, ,,,,,1300,-52,,,4.76,0.09,265,0.275,0.336,0.174,0.319,0.449,0.768,17.90,7.60,0.307,7.52,2.09,10,0.400,0.505,0.4,0.400,0.800,1.200,30.00,0.00,0.500,10,0.400,0.505,0.4,0.400,0.800,1.200,30.00,0.00,0.500,5,0.400,0.426,0.2,0.400,0.600,1.000,20.00,0.00,0.500
DJ LeMahieu,$4.9K,R,COL,2B,SFG,1,Andrew Suarez,L,,,,,,800, ,,,5.42,-0.47,236,0.343,0.395,0.182,0.398,0.525,0.923,10.10,9.70,0.353,10.17,2.08,34,0.294,0.297,0.088,0.316,0.382,0.698,7.90,5.30,0.303,22,0.273,0.281,0.045,0.320,0.318,0.638,8.00,8.00,0.286,14,0.214,0.188,0,0.214,0.214,0.428,7.10,0.00,0.231
Daniel Descalso,$3.7K,L,ARI,2B/3B,STL,5,Miles Mikolas,R,,,,,,1200,-8,,,3.9,-0.38,442,0.249,0.344,0.195,0.349,0.443,0.792,22.60,13.60,0.301,7.69,2.08,54,0.167,0.264,0.130,0.288,0.296,0.584,28.80,16.70,0.222,28,0.071,0.113,0.036,0.129,0.107,0.236,25.80,9.70,0.095,12,0.000,0.098,0,0.143,0.000,0.143,30.80,15.40,0.000
Derek Dietrich,$3.7K,L,MIA,OF,TBR,1,Matt Andriese,R,,,,,,900,-1,,,3.64,-0.11,560,0.263,0.336,0.182,0.331,0.445,0.776,21.40,7.00,0.309,7.7,2.08,66,0.333,0.431,0.242,0.429,0.576,1.005,22.10,9.10,0.400,34,0.382,0.477,0.265,0.475,0.647,1.122,22.50,7.50,0.478,16,0.188,0.294,0,0.381,0.188,0.569,19.00,9.50,0.250
Manuel Margot,$3.6K,R,SDP,OF,@ OAK,1,Sean Manaea,L,,,,,,1000,-5,,,3.77,0.11,187,0.257,0.326,0.193,0.308,0.449,0.757,17.20,7.90,0.297,7.44,2.07,17,0.294,0.409,0.353,0.333,0.647,0.980,5.60,5.60,0.267,13,0.308,0.417,0.385,0.308,0.692,1.000,7.70,0.00,0.273,4,0.000,0,0,0.000,0.000,0.000,25.00,0.00,0.000
Yulieski Gurriel,$4.0K,R,HOU,1B,@ TEX,4,Mike Minor,L,,,,,,1100,-5,,,5.43,-0.15,250,0.256,0.292,0.112,0.296,0.368,0.664,13.40,6.00,0.283,8.27,2.07,27,0.259,0.286,0.037,0.333,0.296,0.629,13.30,10.00,0.304,12,0.167,0.188,0,0.231,0.167,0.398,7.70,7.70,0.182,3,0.000,0,0,0.000,0.000,0.000,33.30,0.00,0.000
Kevin Kiermaier,$3.7K,L,TBR,OF,@ MIA,1,Jose Urena,R,,,,,,1200,-21,,,3.86,0.11,309,0.262,0.331,0.175,0.325,0.437,0.762,23.80,8.80,0.323,7.66,2.07,41,0.146,0.216,0.049,0.255,0.195,0.450,25.50,8.50,0.207,36,0.167,0.242,0.056,0.286,0.222,0.508,26.20,9.50,0.240,20,0.150,0.184,0,0.227,0.150,0.377,27.30,4.50,0.214
Mitch Garver,$2.9K,R,MIN,C,@ MIL,7,Chase Anderson,R, ,,,,,500,-26,,,4.18,0.01,125,0.256,0.318,0.144,0.326,0.400,0.726,27.50,8.00,0.345,5.97,2.06,33,0.333,0.379,0.152,0.389,0.485,0.874,25.00,8.30,0.435,10,0.500,0.568,0.3,0.545,0.800,1.345,18.20,9.10,0.571,3,0.333,0.682,1,0.333,1.333,1.666,0.00,0.00,0.000
Brad Miller,$3.7K,L,MIL,1B,MIN,5,Jose Berrios,R,,,,,,800,2,,,4.32,-0.01,410,0.224,0.313,0.146,0.330,0.371,0.701,28.40,15.00,0.305,7.57,2.05,30,0.400,0.435,0.133,0.471,0.533,1.004,41.20,11.80,0.750,27,0.370,0.408,0.111,0.452,0.481,0.933,41.90,12.90,0.714,22,0.364,0.384,0.136,0.391,0.500,0.891,43.50,4.30,0.667
Lucas Duda,$3.3K,L,KCR,1B,CLE,4,Trevor Bauer,R,,,,,,900,-6,,,3.38,-0.12,432,0.245,0.367,0.275,0.334,0.521,0.855,24.60,12.40,0.271,6.77,2.05,19,0.263,0.389,0.368,0.300,0.632,0.932,40.00,5.00,0.333,19,0.263,0.389,0.368,0.300,0.632,0.932,40.00,5.00,0.333,9,0.333,0.464,0.444,0.333,0.778,1.111,22.20,0.00,0.333
Marcus Semien,$4.2K,R,OAK,SS,SDP,8,Luis Perdomo,R, ,,,,,800,1,,,4.73,-0.11,482,0.259,0.308,0.118,0.320,0.378,0.698,20.00,8.60,0.309,8.6,2.05,66,0.273,0.283,0.061,0.310,0.333,0.643,8.50,5.60,0.283,35,0.257,0.230,0.029,0.250,0.286,0.536,13.90,0.00,0.290,16,0.375,0.330,0,0.375,0.375,0.750,12.50,0.00,0.429
Chance Sisco,$2.8K,L,BAL,C,@ PHI,8,Aaron Nola,R,,,,,,700,-35,,,3.45,0.12,136,0.235,0.324,0.140,0.338,0.375,0.713,32.70,8.20,0.358,5.74,2.05,32,0.219,0.282,0.062,0.324,0.281,0.605,27.00,5.40,0.318,14,0.143,0.188,0.071,0.200,0.214,0.414,20.00,6.70,0.182,14,0.143,0.188,0.071,0.200,0.214,0.414,20.00,6.70,0.182
Justin Turner,$4.1K,R,LAD,3B,PIT,3,Clay Holmes,R, ,,,,,400,4,,,5.14,0.41,438,0.295,0.367,0.178,0.368,0.473,0.841,10.50,9.50,0.298,8.42,2.05,45,0.267,0.365,0.244,0.340,0.511,0.851,12.00,8.00,0.250,32,0.281,0.396,0.312,0.343,0.594,0.937,8.60,5.70,0.231,16,0.375,0.530,0.438,0.474,0.813,1.287,10.50,10.50,0.333
Yangervis Solarte,$4.2K,S,TOR,2B/3B,NYM,3,Corey Oswalt,R,,,,,,1400,-8,,,5.38,0.13,549,0.264,0.331,0.186,0.315,0.450,0.765,14.20,7.50,0.271,8.6,2.05,71,0.225,0.286,0.155,0.267,0.380,0.647,17.30,6.70,0.236,32,0.188,0.255,0.094,0.278,0.281,0.559,22.20,11.10,0.217,14,0.143,0.241,0.214,0.200,0.357,0.557,20.00,6.70,0.100
Tucker Barnhart,$3.6K,S,CIN,C,CHW,2,Dylan Covey,R,,,,,,700,-16,,,5.64,-0.15,506,0.259,0.311,0.126,0.323,0.385,0.708,16.30,9.90,0.297,7.36,2.04,64,0.234,0.282,0.109,0.296,0.344,0.640,16.40,8.20,0.255,35,0.257,0.306,0.114,0.325,0.371,0.696,12.20,7.30,0.267,16,0.312,0.323,0.062,0.368,0.375,0.743,10.00,10.00,0.333
Mikie Mahtook,$3.2K,R,DET,OF,@ CHC,1,Jose Quintana,L,,,,,,1200,-21,,,3.56,3.56,143,0.245,0.308,0.189,0.275,0.434,0.709,20.70,4.00,0.280,6.51,2.03,4,0.250,0.220,0,0.250,0.250,0.500,50.00,0.00,0.500,4,0.250,0.220,0,0.250,0.250,0.500,50.00,0.00,0.500,4,0.250,0.220,0,0.250,0.250,0.500,50.00,0.00,0.500
Jorge Alfaro,$2.9K,R,PHI,C,BAL,7,Yefrey Ramirez,R, ,,,,,700,-34,,,5.05,-0.12,217,0.300,0.347,0.171,0.333,0.470,0.803,34.20,3.00,0.438,5.86,2.02,39,0.231,0.234,0.051,0.250,0.282,0.532,33.30,4.80,0.360,21,0.286,0.269,0.048,0.286,0.333,0.619,30.40,8.70,0.429,11,0.364,0.353,0.091,0.364,0.455,0.819,25.00,8.30,0.500
Andrelton Simmons,$3.7K,R,LAA,SS,@ SEA,2,Mike Leake,R, ,,,,,400,5,,,4.32, ,656,0.297,0.334,0.142,0.335,0.439,0.774,8.20,5.40,0.306,7.46,2.02,43,0.233,0.232,0.047,0.250,0.279,0.529,9.10,2.30,0.256,32,0.312,0.298,0.062,0.313,0.375,0.688,12.50,0.00,0.357,18,0.389,0.383,0.111,0.389,0.500,0.889,11.10,0.00,0.438
Marwin Gonzalez,$3.3K,S,HOU,1B/OF,@ TEX,7,Mike Minor,L,,,,,,1000,17,,,5.43,-0.15,227,0.247,0.306,0.154,0.301,0.401,0.702,21.90,6.50,0.302,6.66,2.02,34,0.206,0.219,0.029,0.250,0.235,0.485,22.20,5.60,0.269,17,0.059,0.052,0,0.059,0.059,0.118,23.50,0.00,0.077,8,0.125,0.110,0,0.125,0.125,0.250,12.50,0.00,0.143
Roberto Perez,$2.6K,R,CLE,C,@ KCR,8,Trevor Oaks,R, ,,,,,600,-36,,,5.62,0.12,236,0.169,0.244,0.123,0.245,0.292,0.537,32.80,9.40,0.241,5.25,2.02,19,0.158,0.228,0.105,0.238,0.263,0.501,33.30,4.80,0.250,7,0.000,0,0,0.000,0.000,0.000,42.90,0.00,0.000,6,0.000,0,0,0.000,0.000,0.000,50.00,0.00,0.000
Carlos Santana,$4.6K,S,PHI,1B,BAL,4,Yefrey Ramirez,R,,,,,,1300,-5,,,5.05,-0.12,565,0.246,0.356,0.214,0.359,0.460,0.819,16.30,16.00,0.261,9.26,2.01,57,0.246,0.375,0.175,0.423,0.421,0.844,13.80,26.20,0.244,31,0.194,0.317,0.129,0.366,0.323,0.689,14.60,22.00,0.200,17,0.235,0.316,0.059,0.381,0.294,0.675,14.30,19.00,0.286
Nolan Arenado,$5.8K,R,COL,3B,SFG,3,Andrew Suarez,L,,,,,,700, ,,,5.42,-0.47,254,0.421,0.549,0.429,0.479,0.850,1.329,11.70,12.10,0.415,11.67,2.01,30,0.500,0.698,0.733,0.543,1.233,1.776,14.30,11.40,0.450,19,0.526,0.739,0.737,0.591,1.263,1.854,18.20,13.60,0.545,10,0.400,0.536,0.4,0.500,0.800,1.300,16.70,16.70,0.429
Kelby Tomlinson,$2.9K,R,SFG,2B/SS,@ COL,8,Tyler Anderson,L,,,,,,-100,18,,,5.08,-0.53,120,0.242,0.284,0.05,0.326,0.292,0.618,21.10,12.70,0.308,5.82,2.01,1,0.000,0.468,0,0.667,0.000,0.667,0.00,33.30,0.000,1,0.000,0,0,0.000,0.000,0.000,0.00,0.00,0.000,0,0.000,0,0,0.000,0.000,0.000,0.00,0.00,0.000
Wil Myers,$4.3K,R,SDP,OF,@ OAK,3,Sean Manaea,L,,,,,,1200,-11,,,3.77,0.11,172,0.227,0.322,0.180,0.316,0.407,0.723,29.70,14.40,0.302,8.63,2.01,17,0.235,0.277,0.059,0.316,0.294,0.610,30.00,15.00,0.364,17,0.235,0.277,0.059,0.316,0.294,0.610,30.00,15.00,0.364,5,0.200,0.176,0,0.200,0.200,0.400,20.00,0.00,0.250
Dee Gordon,$3.7K,L,SEA,2B/OF,LAA,1,Garrett Richards,R,,,,,,300,6,,,4.18, ,687,0.298,0.308,0.073,0.331,0.371,0.702,14.20,3.80,0.346,7.45,2.01,84,0.214,0.210,0.036,0.230,0.250,0.480,14.80,2.30,0.250,44,0.227,0.229,0.023,0.261,0.250,0.511,12.80,4.30,0.263,23,0.174,0.175,0,0.208,0.174,0.382,16.70,4.20,0.211
Max Kepler,$3.4K,L,MIN,OF,@ MIL,6,Chase Anderson,R,,,,,,900,-6,,,4.18,0.01,586,0.247,0.327,0.181,0.320,0.428,0.748,16.00,10.20,0.270,6.81,2,50,0.160,0.206,0.02,0.250,0.180,0.430,16.10,10.70,0.195,27,0.185,0.199,0,0.241,0.185,0.426,17.20,6.90,0.227,14,0.286,0.280,0,0.333,0.286,0.619,20.00,6.70,0.364
Kyle Higashioka,$3.2K,R,NYY,C,ATL,8,Julio Teheran,R, ,,,,,900,-36,,,5.57,0.16,22,0.000,0.082,0,0.120,0.000,0.120,32.00,12.00,0.000,6.4,2,10,0.000,0.115,0,0.167,0.000,0.167,25.00,16.70,0.000,10,0.000,0.115,0,0.167,0.000,0.167,25.00,16.70,0.000,10,0.000,0.115,0,0.167,0.000,0.167,25.00,16.70,0.000
Ryon Healy,$3.6K,R,SEA,1B,LAA,6,Garrett Richards,R, ,,,,,900,-3,,,4.18, ,629,0.256,0.311,0.184,0.285,0.440,0.725,23.60,3.30,0.293,7.19,2,69,0.275,0.358,0.275,0.301,0.551,0.852,19.20,2.70,0.260,37,0.270,0.342,0.243,0.300,0.514,0.814,22.50,2.50,0.269,19,0.316,0.380,0.316,0.300,0.632,0.932,30.00,0.00,0.333
Alex Gordon,$3.0K,L,KCR,OF,CLE,6,Trevor Bauer,R,,,,,,900,-12,,,3.38,-0.12,538,0.227,0.282,0.123,0.290,0.349,0.639,23.80,7.60,0.280,6,2,49,0.224,0.314,0.102,0.356,0.327,0.683,20.00,13.30,0.278,20,0.150,0.259,0.05,0.320,0.200,0.520,19.20,19.20,0.200,8,0.000,0.141,0,0.200,0.000,0.200,10.00,10.00,0.000
Joey Votto,$5.0K,L,CIN,1B,CHW,3,Dylan Covey,R,,,,,,700,2,,,5.64,-0.15,607,0.329,0.427,0.226,0.440,0.555,0.995,11.20,18.70,0.340,9.96,1.99,60,0.250,0.385,0.2,0.423,0.450,0.873,14.10,23.10,0.292,32,0.188,0.307,0.156,0.333,0.344,0.677,17.90,17.90,0.208,18,0.167,0.219,0.056,0.250,0.222,0.472,10.00,10.00,0.188
Neil Walker,$3.0K,S,NYY,1B/2B,ATL,9,Julio Teheran,R,,,,,,1000,-20,,,5.57,0.16,438,0.253,0.333,0.162,0.336,0.416,0.752,18.10,11.70,0.284,5.96,1.99,24,0.083,0.120,0,0.154,0.083,0.237,26.90,7.70,0.118,17,0.059,0.052,0,0.059,0.059,0.118,29.40,0.00,0.083,9,0.111,0.098,0,0.111,0.111,0.222,33.30,0.00,0.167
Trea Turner,$4.6K,R,WAS,SS,BOS,2,Eduardo Rodriguez,L,,,,,,800, ,,,4.24,-0.09,189,0.238,0.286,0.085,0.308,0.323,0.631,14.80,10.00,0.280,9.14,1.99,24,0.292,0.318,0.042,0.370,0.333,0.703,7.40,11.10,0.318,7,0.286,0.306,0,0.375,0.286,0.661,25.00,12.50,0.400,5,0.400,0.352,0,0.400,0.400,0.800,20.00,0.00,0.500
Aledmys Diaz,$3.2K,R,TOR,SS,NYM,9,Corey Oswalt,R, ,,,,,1000,-6,,,5.38,0.13,379,0.264,0.308,0.169,0.283,0.433,0.716,13.50,3.00,0.274,6.36,1.99,67,0.254,0.260,0.090,0.261,0.343,0.604,15.90,1.40,0.286,26,0.308,0.304,0.115,0.296,0.423,0.719,11.10,0.00,0.304,8,0.250,0.220,0,0.250,0.250,0.500,12.50,0.00,0.286
Brandon Nimmo,$4.2K,L,NYM,OF,@ TOR,1,Marcus Stroman,R,,,,,,1200,-14,,,4.12,0.37,283,0.283,0.400,0.251,0.399,0.534,0.933,24.30,14.10,0.351,8.29,1.97,59,0.220,0.316,0.237,0.281,0.458,0.739,34.90,6.30,0.294,25,0.120,0.162,0.04,0.185,0.160,0.345,38.50,7.70,0.200,20,0.100,0.159,0.05,0.182,0.150,0.332,42.90,9.50,0.182
Eric Hosmer,$3.8K,L,SDP,1B,@ OAK,2,Sean Manaea,L, ,,,,,700,5,,,3.77,0.11,295,0.264,0.313,0.142,0.314,0.407,0.721,15.40,7.20,0.293,7.5,1.97,31,0.258,0.253,0.032,0.281,0.290,0.571,18.80,3.10,0.320,18,0.222,0.221,0,0.263,0.222,0.485,21.10,5.30,0.286,6,0.333,0.349,0,0.429,0.333,0.762,14.30,14.30,0.400
Jeff Mathis,$2.5K,R,ARI,C,STL,8,Miles Mikolas,R, ,,,,,400,-28,,,3.9,-0.38,213,0.197,0.231,0.066,0.252,0.263,0.515,30.70,6.10,0.289,4.9,1.96,27,0.148,0.158,0.037,0.172,0.185,0.357,31.00,3.40,0.211,19,0.158,0.132,0,0.150,0.158,0.308,40.00,0.00,0.250,7,0.143,0.126,0,0.143,0.143,0.286,42.90,0.00,0.250
Asdrubal Cabrera,$4.2K,S,NYM,2B,@ TOR,3,Marcus Stroman,R,,,,,,600, ,,,4.12,0.37,570,0.254,0.332,0.188,0.325,0.442,0.767,17.50,9.00,0.281,8.19,1.95,61,0.262,0.367,0.246,0.348,0.508,0.856,21.70,11.60,0.286,27,0.333,0.458,0.296,0.455,0.630,1.085,15.20,18.20,0.350,16,0.312,0.482,0.438,0.421,0.750,1.171,15.80,15.80,0.273
Giancarlo Stanton,$5.2K,R,NYY,OF,ATL,4,Julio Teheran,R, ,,,,,700,3,,,5.57,0.16,710,0.256,0.367,0.275,0.328,0.531,0.859,28.50,9.70,0.296,10.12,1.95,72,0.292,0.360,0.222,0.333,0.514,0.847,35.10,6.50,0.405,38,0.342,0.416,0.263,0.375,0.605,0.980,32.50,2.50,0.478,15,0.200,0.278,0.267,0.200,0.467,0.667,33.30,0.00,0.222
Dansby Swanson,$3.5K,R,ATL,SS,@ NYY,9,CC Sabathia,L,,,,,,600, ,,,3.93,-0.16,150,0.233,0.290,0.153,0.277,0.387,0.664,24.60,10.20,0.295,6.79,1.94,23,0.174,0.216,0.174,0.174,0.348,0.522,30.40,0.00,0.250,6,0.000,0,0,0.000,0.000,0.000,16.70,0.00,0.000,1,0.000,0,0,0.000,0.000,0.000,0.00,0.00,0.000
Michael Brantley,$4.7K,L,CLE,OF,@ KCR,2,Trevor Oaks,R,,,,,,700,9,,,5.62,0.12,444,0.306,0.365,0.185,0.359,0.491,0.850,11.90,8.70,0.322,9.12,1.94,82,0.280,0.312,0.110,0.326,0.390,0.716,7.90,6.70,0.293,39,0.231,0.276,0.103,0.295,0.333,0.628,11.40,9.10,0.257,21,0.238,0.234,0.095,0.227,0.333,0.560,13.60,0.00,0.263
Rhys Hoskins,$5.3K,R,PHI,OF,BAL,2,Yefrey Ramirez,R, ,,,,,1400,-6,,,5.05,-0.12,338,0.266,0.392,0.296,0.351,0.562,0.913,25.30,12.90,0.300,10.26,1.94,69,0.304,0.445,0.377,0.385,0.681,1.066,23.10,10.30,0.318,42,0.286,0.421,0.357,0.362,0.643,1.005,25.50,8.50,0.308,21,0.333,0.504,0.524,0.364,0.857,1.221,22.70,4.50,0.308
Bryan Holaday,$2.6K,R,MIA,C,TBR,8,Matt Andriese,R, ,,,,,400,-26,,,3.64,-0.11,83,0.193,0.209,0.036,0.227,0.229,0.456,12.20,5.60,0.219,5.04,1.94,23,0.217,0.223,0,0.269,0.217,0.486,26.90,3.80,0.294,10,0.200,0.243,0,0.308,0.200,0.508,30.80,7.70,0.286,5,0.400,0.293,0,0.333,0.400,0.733,16.70,0.00,0.400
Hunter Renfroe,$3.7K,R,SDP,OF,@ OAK,4,Sean Manaea,L,,,,,,900,-1,,,3.77,0.11,166,0.307,0.423,0.325,0.371,0.633,1.004,20.00,10.00,0.331,7.19,1.94,23,0.348,0.413,0.217,0.375,0.565,0.940,20.00,8.00,0.412,16,0.375,0.449,0.312,0.375,0.688,1.063,18.80,0.00,0.417,4,0.000,0,0,0.000,0.000,0.000,25.00,0.00,0.000
Josh Phegley,$2.9K,R,OAK,C,SDP,9,Luis Perdomo,R, ,,,,,800,-39,,,4.73,-0.11,103,0.194,0.267,0.155,0.259,0.350,0.609,18.20,6.40,0.222,5.6,1.93,13,0.231,0.347,0.308,0.286,0.538,0.824,28.60,7.10,0.250,11,0.273,0.405,0.364,0.333,0.636,0.969,25.00,8.30,0.286,6,0.333,0.569,0.667,0.429,1.000,1.429,14.30,14.30,0.250
Joe Mauer,$3.9K,L,MIN,1B,@ MIL,1,Chase Anderson,R,,,,,,1400,-18,,,4.18,0.01,548,0.286,0.337,0.113,0.360,0.400,0.760,13.10,11.80,0.323,7.52,1.93,36,0.167,0.163,0.056,0.162,0.222,0.384,10.80,0.00,0.182,24,0.125,0.120,0.042,0.120,0.167,0.287,16.00,0.00,0.143,11,0.182,0.194,0.091,0.182,0.273,0.455,27.30,0.00,0.250
Jeimer Candelario,$4.0K,S,DET,3B,@ CHC,3,Jose Quintana,L,,,,,,800, ,,,3.56,3.56,98,0.306,0.392,0.235,0.376,0.541,0.917,27.50,8.30,0.406,7.72,1.93,20,0.250,0.296,0.1,0.318,0.350,0.668,40.90,9.10,0.455,12,0.250,0.284,0.083,0.308,0.333,0.641,30.80,7.70,0.375,8,0.250,0.272,0,0.333,0.250,0.583,33.30,11.10,0.400
David Fletcher,$3.2K,R,LAA,3B,@ SEA,9,Mike Leake,R, ,,,,,1000,2,,,4.32, ,26,0.308,0.300,0.038,0.333,0.346,0.679,14.80,3.70,0.364,6.14,1.92,26,0.308,0.300,0.038,0.333,0.346,0.679,14.80,3.70,0.364,19,0.263,0.273,0.053,0.300,0.316,0.616,10.00,5.00,0.294,13,0.231,0.264,0.077,0.286,0.308,0.594,14.30,7.10,0.273
Brian Dozier,$4.2K,R,MIN,2B,@ MIL,3,Chase Anderson,R, ,,,,,400,2,,,4.18,0.01,719,0.243,0.335,0.203,0.323,0.446,0.769,20.00,10.40,0.267,8.06,1.92,54,0.130,0.250,0.185,0.217,0.315,0.532,24.20,12.90,0.111,27,0.148,0.313,0.259,0.258,0.407,0.665,24.20,18.20,0.118,14,0.143,0.293,0.214,0.250,0.357,0.607,35.30,17.60,0.143
Drew Butera,$2.5K,R,KCR,C,CLE,9,Trevor Bauer,R, ,,,,,500,-33,,,3.38,-0.12,181,0.210,0.246,0.072,0.267,0.282,0.549,21.90,6.10,0.265,4.8,1.92,6,0.000,0,0,0.000,0.000,0.000,50.00,0.00,0.000,3,0.000,0,0,0.000,0.000,0.000,33.30,0.00,0.000,0,0.000,0,0,0.000,0.000,0.000,0.00,0.00,0.000
Elvis Andrus,$3.8K,R,TEX,SS,HOU,2,Gerrit Cole,R, ,,,,,600,1,,,4.07,-0.35,579,0.297,0.344,0.162,0.339,0.459,0.798,14.30,5.80,0.328,7.28,1.92,37,0.243,0.280,0.081,0.310,0.324,0.634,19.00,7.10,0.300,30,0.267,0.288,0.1,0.303,0.367,0.670,18.20,3.00,0.320,15,0.400,0.423,0.2,0.400,0.600,1.000,13.30,0.00,0.462
Evan Gattis,$4.1K,R,HOU,C,@ TEX,5,Mike Minor,L,,,,,,700,-12,,,5.43,-0.15,193,0.249,0.333,0.249,0.283,0.497,0.780,16.40,5.80,0.242,7.87,1.92,33,0.333,0.449,0.364,0.371,0.697,1.068,19.40,8.30,0.318,15,0.200,0.281,0.2,0.250,0.400,0.650,25.00,6.20,0.200,8,0.250,0.366,0.375,0.250,0.625,0.875,50.00,0.00,0.333
Marcell Ozuna,$3.7K,R,STL,OF,@ ARI,4,Patrick Corbin,L,,,,,,900,-1,,,3.6,-0.12,192,0.302,0.346,0.130,0.357,0.432,0.789,18.60,9.80,0.354,7.05,1.91,23,0.261,0.347,0.261,0.292,0.522,0.814,25.00,0.00,0.267,11,0.091,0.080,0,0.091,0.091,0.182,54.50,0.00,0.200,6,0.000,0,0,0.000,0.000,0.000,66.70,0.00,0.000
Kurt Suzuki,$3.8K,R,ATL,C,@ NYY,5,CC Sabathia,L,,,,,,900,-19,,,3.93,-0.16,109,0.303,0.428,0.349,0.367,0.651,1.018,11.80,6.70,0.262,7.24,1.91,13,0.231,0.347,0.308,0.286,0.538,0.824,21.40,7.10,0.222,6,0.167,0.390,0.5,0.286,0.667,0.953,28.60,14.30,0.000,2,0.000,0.229,0,0.333,0.000,0.333,33.30,33.30,0.000
Wilmer Flores,$3.7K,R,NYM,1B/3B,@ TOR,5,Marcus Stroman,R, ,,,,,700,4,,,4.12,0.37,329,0.274,0.342,0.207,0.319,0.480,0.799,12.70,6.90,0.271,7.08,1.91,32,0.281,0.384,0.344,0.324,0.625,0.949,8.10,8.10,0.214,26,0.308,0.409,0.385,0.333,0.692,1.025,0.00,6.70,0.200,16,0.312,0.458,0.438,0.353,0.750,1.103,0.00,5.90,0.214
Jon Jay,$3.6K,L,ARI,OF,STL,1,Miles Mikolas,R,,,,,,1000,-5,,,3.9,-0.38,550,0.289,0.327,0.1,0.353,0.389,0.742,17.00,6.30,0.349,6.89,1.91,69,0.246,0.316,0.130,0.333,0.377,0.710,17.90,5.10,0.296,38,0.158,0.208,0.079,0.220,0.237,0.457,17.10,2.40,0.194,16,0.062,0.094,0,0.118,0.063,0.181,5.90,0.00,0.067
Harrison Bader,$3.4K,R,STL,OF,@ ARI,7,Patrick Corbin,L,,,,,,1200,-21,,,3.6,-0.12,74,0.324,0.405,0.243,0.375,0.568,0.943,21.00,6.20,0.377,6.5,1.91,23,0.261,0.281,0.043,0.320,0.304,0.624,16.00,8.00,0.316,7,0.286,0.348,0,0.444,0.286,0.730,11.10,22.20,0.333,3,0.333,0.392,0,0.500,0.333,0.833,25.00,25.00,0.500
Mark Reynolds,$3.7K,R,WAS,1B,BOS,5,Eduardo Rodriguez,L,,,,,,1200,-13,,,4.24,-0.09,183,0.246,0.334,0.164,0.327,0.410,0.737,30.20,14.00,0.330,7.06,1.91,19,0.211,0.242,0,0.304,0.211,0.515,43.50,13.00,0.400,7,0.143,0.225,0,0.300,0.143,0.443,40.00,20.00,0.250,3,0.333,0.313,0,0.400,0.333,0.733,40.00,20.00,0.500
Yasiel Puig,$3.9K,R,LAD,OF,PIT,8,Clay Holmes,R, ,,,,,900,-6,,,5.14,0.41,557,0.291,0.378,0.250,0.344,0.540,0.884,19.10,8.90,0.313,7.43,1.91,45,0.356,0.410,0.222,0.383,0.578,0.961,14.60,6.20,0.389,28,0.357,0.393,0.179,0.379,0.536,0.915,17.20,3.40,0.409,13,0.385,0.395,0.154,0.385,0.538,0.923,15.40,0.00,0.455
Daniel Robertson,$3.4K,R,TBR,2B/SS,@ MIA,2,Jose Urena,R, ,,,,,800,10,,,3.86,0.11,302,0.245,0.320,0.116,0.344,0.361,0.705,27.40,12.10,0.337,6.47,1.9,33,0.303,0.390,0.182,0.410,0.485,0.895,30.80,12.80,0.450,25,0.360,0.425,0.12,0.484,0.480,0.964,35.50,16.10,0.643,17,0.412,0.461,0.118,0.524,0.529,1.053,33.30,14.30,0.700
Adam Duvall,$3.3K,R,CIN,OF,CHW,7,Dylan Covey,R, ,,,,,300,25,,,5.64,-0.15,640,0.225,0.300,0.203,0.272,0.428,0.700,27.60,5.60,0.268,6.23,1.89,53,0.226,0.333,0.226,0.317,0.453,0.770,25.00,10.00,0.257,31,0.226,0.311,0.194,0.294,0.419,0.713,23.50,5.90,0.238,18,0.278,0.364,0.167,0.381,0.444,0.825,23.80,9.50,0.333
Kyle Seager,$3.8K,L,SEA,3B,LAA,5,Garrett Richards,R,,,,,,400,5,,,4.18, ,632,0.236,0.317,0.201,0.295,0.437,0.732,17.50,8.70,0.248,7.18,1.89,64,0.219,0.300,0.203,0.275,0.422,0.697,26.10,7.20,0.256,30,0.267,0.398,0.3,0.371,0.567,0.938,20.00,14.30,0.286,15,0.267,0.331,0.133,0.353,0.400,0.753,17.60,11.80,0.333
Alex Bregman,$5.5K,R,HOU,3B,@ TEX,2,Mike Minor,L,,,,,,1100, ,,,5.43,-0.15,258,0.318,0.414,0.275,0.388,0.593,0.981,12.30,10.60,0.317,10.4,1.89,32,0.469,0.618,0.562,0.526,1.031,1.557,7.90,13.20,0.423,17,0.471,0.666,0.647,0.526,1.118,1.644,10.50,10.50,0.417,7,0.429,0.575,0.429,0.556,0.857,1.413,0.00,22.20,0.333
Didi Gregorius,$4.5K,L,NYY,SS,ATL,5,Julio Teheran,R,,,,,,500,3,,,5.57,0.16,642,0.279,0.354,0.240,0.318,0.519,0.837,12.40,7.00,0.267,8.44,1.88,59,0.271,0.352,0.254,0.308,0.525,0.833,7.60,7.60,0.231,27,0.222,0.277,0.148,0.258,0.370,0.628,6.20,9.40,0.192,10,0.100,0.073,0,0.083,0.100,0.183,8.30,0.00,0.091
Paul Goldschmidt,$5.2K,R,ARI,1B,STL,2,Miles Mikolas,R, ,,,,,900, ,,,3.9,-0.38,667,0.282,0.388,0.246,0.366,0.528,0.894,25.50,12.90,0.346,9.79,1.88,78,0.462,0.595,0.462,0.506,0.923,1.429,21.80,10.30,0.531,37,0.405,0.492,0.297,0.450,0.703,1.153,14.60,9.80,0.429,20,0.500,0.575,0.35,0.500,0.850,1.350,15.00,0.00,0.533
Alcides Escobar,$2.6K,R,KCR,SS,CLE,8,Trevor Bauer,R, ,,,,,600,-6,,,3.38,-0.12,685,0.219,0.238,0.085,0.244,0.304,0.548,14.90,2.80,0.248,4.9,1.88,58,0.069,0.111,0.052,0.115,0.121,0.236,16.40,4.90,0.064,23,0.043,0.090,0,0.120,0.043,0.163,20.00,8.00,0.056,12,0.083,0.073,0,0.083,0.083,0.166,8.30,0.00,0.091
David Bote,$3.2K,R,CHC,2B/3B,DET,7,Francisco Liriano,L,,,,,,1000,7,,,5.44,5.44,14,0.143,0.195,0.071,0.222,0.214,0.436,27.80,11.10,0.182,6,1.88,6,0.167,0.196,0,0.250,0.167,0.417,25.00,12.50,0.200,6,0.167,0.196,0,0.250,0.167,0.417,25.00,12.50,0.200,6,0.167,0.196,0,0.250,0.167,0.417,25.00,12.50,0.200
Ian Happ,$3.8K,S,CHC,OF,DET,6,Francisco Liriano,L,,,,,,700,3,,,5.44,5.44,166,0.271,0.336,0.193,0.318,0.464,0.782,33.50,6.60,0.378,7.15,1.88,18,0.333,0.391,0.167,0.400,0.500,0.900,40.00,10.00,0.556,12,0.417,0.463,0.25,0.417,0.667,1.084,33.30,0.00,0.571,8,0.375,0.475,0.375,0.375,0.750,1.125,37.50,0.00,0.500
Wilmer Difo,$3.2K,S,WAS,2B/3B,BOS,7,Eduardo Rodriguez,L,,,,,,800,2,,,4.24,-0.09,153,0.261,0.301,0.150,0.289,0.412,0.701,21.10,5.00,0.313,6.02,1.88,19,0.158,0.158,0.053,0.158,0.211,0.369,31.60,0.00,0.231,7,0.143,0.179,0.143,0.143,0.286,0.429,28.60,0.00,0.200,2,0.500,0.625,0.5,0.500,1.000,1.500,0.00,0.00,0.500
Jorge Bonifacio,$3.0K,R,KCR,OF,CLE,5,Trevor Bauer,R, ,,,,,800,-7,,,3.38,-0.12,278,0.266,0.339,0.173,0.337,0.439,0.776,27.70,9.60,0.343,5.65,1.88,8,0.500,0.508,0.125,0.556,0.625,1.181,0.00,11.10,0.500,8,0.500,0.508,0.125,0.556,0.625,1.181,0.00,11.10,0.500,8,0.500,0.508,0.125,0.556,0.625,1.181,0.00,11.10,0.500
Adam Engel,$2.8K,R,CHW,OF,@ CIN,8,Sal Romano,R, ,,,,,500,3,,,4.36,0.15,386,0.179,0.234,0.096,0.237,0.275,0.512,32.80,5.10,0.261,5.26,1.88,62,0.177,0.221,0.048,0.250,0.226,0.476,22.50,1.40,0.239,31,0.258,0.303,0.097,0.324,0.355,0.679,16.70,0.00,0.320,16,0.250,0.266,0.125,0.250,0.375,0.625,22.20,0.00,0.333
Randal Grichuk,$3.7K,R,TOR,OF,NYM,7,Corey Oswalt,R, ,,,,,1300,-27,,,5.38,0.13,420,0.243,0.335,0.257,0.285,0.500,0.785,29.70,5.90,0.293,6.94,1.88,62,0.323,0.437,0.323,0.382,0.645,1.027,21.70,7.20,0.357,32,0.219,0.278,0.156,0.265,0.375,0.640,26.50,2.90,0.273,14,0.286,0.307,0.071,0.333,0.357,0.690,33.30,0.00,0.444
Yadier Molina,$4.0K,R,STL,C,@ ARI,5,Patrick Corbin,L,,,,,,1100,-21,,,3.6,-0.12,149,0.248,0.338,0.255,0.299,0.503,0.802,11.00,4.90,0.224,7.48,1.87,17,0.235,0.372,0.176,0.409,0.412,0.821,13.60,13.60,0.231,7,0.429,0.590,0.429,0.600,0.857,1.457,10.00,20.00,0.400,5,0.600,0.748,0.6,0.667,1.200,1.867,0.00,16.70,0.500
Yairo Munoz,$3.3K,R,STL,SS,@ ARI,8,Patrick Corbin,L,,,,,,1100,-7,,,3.6,-0.12,36,0.194,0.292,0.25,0.231,0.444,0.675,34.10,9.80,0.238,6.17,1.87,21,0.143,0.177,0.095,0.174,0.238,0.412,25.00,8.30,0.188,11,0.273,0.307,0.182,0.273,0.455,0.728,27.30,0.00,0.375,7,0.143,0.179,0.143,0.143,0.286,0.429,28.60,0.00,0.200
Mike Trout,$6.0K,R,LAA,OF,@ SEA,3,Mike Leake,R, ,,,,,1000, ,,,4.32, ,555,0.306,0.448,0.339,0.422,0.645,1.067,18.90,18.70,0.319,11.24,1.87,58,0.293,0.416,0.207,0.447,0.500,0.947,22.90,24.10,0.361,28,0.143,0.284,0.107,0.333,0.250,0.583,28.20,23.10,0.188,13,0.154,0.374,0.231,0.421,0.385,0.806,14.30,28.60,0.111
Freddy Galvis,$2.9K,S,SDP,SS,@ OAK,8,Sean Manaea,L,,,,,,700,-1,,,3.77,0.11,282,0.255,0.281,0.106,0.285,0.362,0.647,14.50,3.70,0.288,5.38,1.86,16,0.250,0.247,0,0.294,0.250,0.544,29.40,5.90,0.364,11,0.273,0.240,0,0.273,0.273,0.546,36.40,0.00,0.429,3,0.000,0,0,0.000,0.000,0.000,66.70,0.00,0.000
JaCoby Jones,$3.2K,R,DET,OF,@ CHC,6,Jose Quintana,L,,,,,,800,-4,,,3.56,3.56,106,0.189,0.263,0.151,0.259,0.340,0.599,35.30,5.20,0.286,5.95,1.86,14,0.214,0.318,0.214,0.313,0.429,0.742,37.50,12.50,0.375,5,0.200,0.323,0.2,0.333,0.400,0.733,33.30,16.70,0.333,5,0.200,0.323,0.2,0.333,0.400,0.733,33.30,16.70,0.333
Starlin Castro,$3.9K,R,MIA,2B,TBR,4,Matt Andriese,R, ,,,,,400,3,,,3.64,-0.11,638,0.290,0.323,0.133,0.322,0.423,0.745,19.70,4.60,0.339,7.26,1.86,75,0.360,0.387,0.147,0.395,0.507,0.902,12.30,6.20,0.391,37,0.459,0.472,0.162,0.488,0.622,1.110,7.30,7.30,0.455,20,0.600,0.595,0.15,0.636,0.750,1.386,4.50,9.10,0.611
Cody Bellinger,$4.8K,L,LAD,1B/OF,PIT,4,Clay Holmes,R,,,,,,600,4,,,5.14,0.41,549,0.257,0.373,0.301,0.319,0.557,0.876,25.80,11.70,0.284,8.95,1.86,51,0.294,0.473,0.471,0.390,0.765,1.155,23.70,13.60,0.267,33,0.273,0.459,0.515,0.333,0.788,1.121,22.20,8.30,0.200,19,0.211,0.344,0.316,0.286,0.526,0.812,19.00,9.50,0.154
Christian Villanueva,$3.9K,R,SDP,3B,@ OAK,5,Sean Manaea,L,,,,,,1300,-6,,,3.77,0.11,87,0.322,0.471,0.460,0.362,0.782,1.144,31.90,6.40,0.333,7.24,1.86,17,0.176,0.175,0,0.211,0.176,0.387,42.10,5.30,0.300,12,0.250,0.237,0,0.286,0.250,0.536,28.60,7.10,0.333,2,0.000,0,0,0.000,0.000,0.000,50.00,0.00,0.000
Ben Gamel,$3.2K,L,SEA,OF,LAA,7,Garrett Richards,R,,,,,,900,-10,,,4.18, ,528,0.284,0.330,0.133,0.341,0.417,0.758,19.40,8.00,0.342,5.95,1.86,43,0.395,0.415,0.116,0.447,0.512,0.959,14.90,10.60,0.472,27,0.370,0.390,0.148,0.393,0.519,0.912,10.70,7.10,0.417,14,0.500,0.516,0.214,0.500,0.714,1.214,0.00,6.70,0.500
Eugenio Suarez,$5.1K,R,CIN,3B,CHW,5,Dylan Covey,R, ,,,,,1000,-1,,,5.64,-0.15,596,0.267,0.362,0.216,0.355,0.483,0.838,21.80,11.70,0.302,9.5,1.86,68,0.338,0.452,0.294,0.438,0.632,1.070,19.80,13.60,0.383,34,0.324,0.442,0.324,0.410,0.647,1.057,25.00,15.00,0.409,19,0.368,0.477,0.316,0.455,0.684,1.139,27.30,13.60,0.500
Maikel Franco,$3.7K,R,PHI,3B,BAL,8,Yefrey Ramirez,R, ,,,,,1200,-4,,,5.05,-0.12,600,0.247,0.304,0.175,0.281,0.422,0.703,15.70,6.10,0.260,6.88,1.86,37,0.378,0.428,0.216,0.410,0.595,1.005,9.80,9.80,0.406,29,0.379,0.407,0.172,0.400,0.552,0.952,12.50,9.40,0.440,14,0.357,0.413,0.214,0.400,0.571,0.971,6.20,12.50,0.385
Anthony Rendon,$4.8K,R,WAS,3B,BOS,3,Eduardo Rodriguez,L,,,,,,600,1,,,4.24,-0.09,183,0.317,0.426,0.306,0.391,0.623,1.014,13.70,14.20,0.322,8.94,1.86,29,0.379,0.458,0.310,0.400,0.690,1.090,20.70,3.40,0.455,12,0.417,0.556,0.5,0.417,0.917,1.334,25.00,0.00,0.500,6,0.333,0.355,0.167,0.333,0.500,0.833,33.30,0.00,0.500
Yasmani Grandal,$4.0K,S,LAD,C,PIT,5,Clay Holmes,R,,,,,,1100,-21,,,5.14,0.41,533,0.248,0.342,0.236,0.314,0.484,0.798,24.00,9.10,0.275,7.4,1.85,43,0.256,0.376,0.302,0.333,0.558,0.891,10.60,12.80,0.229,21,0.286,0.435,0.333,0.423,0.619,1.042,3.70,22.20,0.263,12,0.417,0.610,0.583,0.563,1.000,1.563,6.20,25.00,0.400
Ian Kinsler,$3.5K,R,LAA,2B,@ SEA, ,Mike Leake,R, ,,,,,600,3,,,4.32, ,652,0.224,0.302,0.169,0.295,0.393,0.688,13.30,8.60,0.226,6.46,1.85,75,0.227,0.341,0.293,0.284,0.520,0.804,12.30,6.20,0.186,34,0.088,0.139,0.118,0.114,0.206,0.320,22.90,2.90,0.080,18,0.111,0.210,0.222,0.158,0.333,0.491,10.50,5.30,0.067
Victor Caratini,$2.9K,S,CHC,1B/C,DET,8,Francisco Liriano,L,,,,,,900,-15,,,5.44,5.44,35,0.343,0.372,0.086,0.410,0.429,0.839,20.00,5.00,0.444,5.36,1.85,0,0.000,0,0,0.000,0.000,0.000,0.00,0.00,0.000,0,0.000,0,0,0.000,0.000,0.000,0.00,0.00,0.000,0,0.000,0,0,0.000,0.000,0.000,0.00,0.00,0.000
Colin Moran,$3.2K,L,PIT,3B,@ LAD,6,Rich Hill,L, ,,,,,800,2,,,3.36,0.09,37,0.216,0.295,0.108,0.326,0.324,0.650,20.90,14.00,0.259,5.91,1.85,16,0.125,0.244,0.062,0.300,0.188,0.488,20.00,20.00,0.167,8,0.125,0.110,0,0.125,0.125,0.250,12.50,0.00,0.143,5,0.000,0,0,0.000,0.000,0.000,0.00,0.00,0.000
Jake Lamb,$4.4K,L,ARI,3B,STL,3,Miles Mikolas,R,,,,,,800,-1,,,3.9,-0.38,542,0.275,0.374,0.242,0.356,0.517,0.873,21.20,13.00,0.308,8.15,1.85,76,0.263,0.335,0.171,0.333,0.434,0.767,21.40,8.30,0.296,34,0.324,0.367,0.118,0.395,0.441,0.836,15.80,10.50,0.370,13,0.231,0.294,0,0.375,0.231,0.606,18.80,18.80,0.300
Odubel Herrera,$4.8K,L,PHI,OF,BAL,3,Yefrey Ramirez,R,,,,,,1000,-3,,,5.05,-0.12,607,0.275,0.333,0.175,0.318,0.450,0.768,21.50,6.80,0.327,8.9,1.85,78,0.192,0.289,0.256,0.232,0.449,0.681,25.30,3.60,0.176,40,0.175,0.272,0.25,0.214,0.425,0.639,23.80,2.40,0.148,20,0.050,0.132,0.15,0.095,0.200,0.295,19.00,0.00,0.000
Jake Cave,$3.0K,L,MIN,OF,@ MIL,8,Chase Anderson,R,,,,,,500,8,,,4.18,0.01,35,0.229,0.290,0.2,0.250,0.429,0.679,25.00,2.80,0.250,5.54,1.85,27,0.259,0.299,0.148,0.286,0.407,0.693,25.00,3.60,0.316,17,0.235,0.234,0,0.278,0.235,0.513,27.80,5.60,0.333,15,0.200,0.208,0,0.250,0.200,0.450,31.20,6.20,0.300
Guillermo Heredia,$2.8K,R,SEA,OF,LAA,9,Garrett Richards,R, ,,,,,700,-5,,,4.18, ,365,0.227,0.279,0.077,0.309,0.304,0.613,15.10,8.60,0.263,5.17,1.85,48,0.188,0.221,0.021,0.264,0.208,0.472,15.10,9.40,0.225,25,0.200,0.231,0,0.286,0.200,0.486,7.10,10.70,0.217,14,0.143,0.163,0,0.200,0.143,0.343,0.00,6.70,0.143
Kevin Plawecki,$3.2K,R,NYM,C,@ TOR,8,Marcus Stroman,R, ,,,,,700,-28,,,4.12,0.37,139,0.245,0.335,0.173,0.333,0.417,0.750,18.40,11.70,0.283,5.9,1.84,34,0.235,0.338,0.235,0.316,0.471,0.787,23.70,7.90,0.292,14,0.214,0.390,0.357,0.353,0.571,0.924,17.60,11.80,0.200,5,0.200,0.375,0.2,0.429,0.400,0.829,0.00,28.60,0.200
Christian Vazquez,$2.8K,R,BOS,C,@ WAS,8,Erick Fedde,R, ,,,,,800,-40,,,4.76,0.09,422,0.261,0.291,0.097,0.303,0.358,0.661,17.70,4.70,0.309,5.15,1.84,35,0.257,0.303,0.2,0.257,0.457,0.714,20.00,0.00,0.269,19,0.211,0.266,0.211,0.211,0.421,0.632,15.80,0.00,0.200,7,0.286,0.251,0,0.286,0.286,0.572,0.00,0.00,0.286
Manny Pina,$3.3K,R,MIL,C,MIN,6,Jose Berrios,R, ,,,,,900,-34,,,4.32,-0.01,396,0.260,0.317,0.164,0.307,0.424,0.731,21.00,5.60,0.302,6.07,1.84,49,0.265,0.354,0.224,0.333,0.490,0.823,27.80,3.70,0.344,24,0.292,0.407,0.292,0.370,0.583,0.953,29.60,3.70,0.357,11,0.364,0.471,0.273,0.462,0.636,1.098,15.40,0.00,0.375
Eric Thames,$5.0K,L,MIL,1B/OF,MIN,1,Jose Berrios,R,,,,,,900,-1,,,4.32,-0.01,482,0.261,0.393,0.297,0.357,0.558,0.915,27.70,14.40,0.312,9.22,1.84,56,0.250,0.368,0.25,0.354,0.500,0.854,30.30,12.10,0.312,37,0.297,0.391,0.216,0.395,0.514,0.909,27.30,15.90,0.391,20,0.300,0.431,0.3,0.417,0.600,1.017,28.00,20.00,0.364
Khris Davis,$5.1K,R,OAK,OF,SDP,4,Luis Perdomo,R, ,,,,,1200,-4,,,4.73,-0.11,658,0.255,0.371,0.289,0.328,0.544,0.872,28.00,9.20,0.287,9.33,1.83,65,0.277,0.392,0.292,0.360,0.569,0.929,24.00,9.30,0.302,37,0.270,0.311,0.081,0.349,0.351,0.700,16.30,9.30,0.323,20,0.350,0.361,0.15,0.364,0.500,0.864,13.60,4.50,0.389
Tim Beckham,$3.2K,R,BAL,3B,@ PHI,1,Aaron Nola,R, ,,,,,900,1,,,3.45,0.12,483,0.265,0.314,0.155,0.299,0.420,0.719,29.30,5.40,0.352,5.87,1.83,19,0.211,0.185,0,0.211,0.211,0.422,26.30,0.00,0.286,19,0.211,0.185,0,0.211,0.211,0.422,26.30,0.00,0.286,14,0.286,0.251,0,0.286,0.286,0.572,28.60,0.00,0.400
Willy Adames,$3.6K,R,TBR,2B/SS,@ MIA,7,Jose Urena,R, ,,,,,1200,4,,,3.86,0.11,46,0.239,0.282,0.087,0.308,0.326,0.634,28.80,9.60,0.323,6.59,1.83,41,0.244,0.293,0.098,0.319,0.341,0.660,27.70,10.60,0.321,25,0.280,0.336,0.16,0.333,0.440,0.773,22.20,7.40,0.333,10,0.300,0.336,0.1,0.364,0.400,0.764,18.20,9.10,0.375
Joe Panik,$3.5K,L,SFG,2B,@ COL,7,Tyler Anderson,L, ,,,,,300,9,,,5.08,-0.53,233,0.253,0.282,0.064,0.304,0.318,0.622,9.70,7.30,0.271,6.39,1.83,29,0.138,0.174,0,0.219,0.138,0.357,6.50,9.70,0.148,15,0.000,0.043,0,0.063,0.000,0.063,13.30,6.70,0.000,10,0.000,0,0,0.000,0.000,0.000,10.00,0.00,0.000
Josh Reddick,$3.6K,L,HOU,OF,@ TEX,6,Mike Minor,L, ,,,,,1000,-5,,,5.43,-0.15,163,0.294,0.327,0.117,0.337,0.411,0.748,19.30,6.80,0.354,6.56,1.82,20,0.250,0.257,0.1,0.250,0.350,0.600,10.50,0.00,0.278,13,0.231,0.260,0.154,0.231,0.385,0.616,8.30,0.00,0.250,10,0.100,0.125,0.1,0.100,0.200,0.300,11.10,0.00,0.111
Christian Yelich,$4.9K,L,MIL,OF,MIN,2,Jose Berrios,R,,,,,,1200,-7,,,4.32,-0.01,639,0.290,0.365,0.177,0.370,0.466,0.836,20.90,12.40,0.345,8.92,1.82,58,0.259,0.359,0.224,0.348,0.483,0.831,33.30,12.10,0.344,19,0.211,0.344,0.316,0.286,0.526,0.812,28.60,9.50,0.182,2,0.000,0,0,0.000,0.000,0.000,0.00,0.00,0.000
Eddie Rosario,$5.1K,L,MIN,OF,@ MIL,2,Chase Anderson,R,,,,,,1400,-11,,,4.18,0.01,592,0.307,0.396,0.277,0.350,0.584,0.934,17.20,7.40,0.318,9.3,1.82,53,0.377,0.498,0.396,0.411,0.774,1.185,17.50,7.00,0.395,26,0.346,0.441,0.308,0.370,0.654,1.024,17.90,7.10,0.368,15,0.333,0.430,0.267,0.375,0.600,0.975,23.50,11.80,0.400
Jose Reyes,$3.3K,S,NYM,3B/SS,@ TOR,9,Marcus Stroman,R,,,,,,1300,-5,,,4.12,0.37,452,0.228,0.288,0.135,0.287,0.363,0.650,12.90,8.90,0.245,5.99,1.82,22,0.318,0.345,0.091,0.375,0.409,0.784,12.00,12.00,0.368,16,0.312,0.321,0.125,0.313,0.438,0.751,17.60,5.90,0.385,3,0.000,0,0,0.000,0.000,0.000,66.70,0.00,0.000
Jesus Sucre,$2.2K,R,TBR,C,@ MIA,8,Jose Urena,R, ,,,,,100,-26,,,3.86,0.11,190,0.263,0.285,0.1,0.292,0.363,0.655,16.70,2.90,0.297,4,1.82,10,0.300,0.336,0.1,0.364,0.400,0.764,0.00,9.10,0.300,6,0.500,0.528,0.167,0.571,0.667,1.238,0.00,14.30,0.500,3,0.333,0.293,0,0.333,0.333,0.666,0.00,0.00,0.333
Keon Broxton,$3.8K,R,MIL,OF,MIN,8,Jose Berrios,R, ,,,,,1000,-9,,,4.32,-0.01,333,0.222,0.315,0.213,0.290,0.435,0.725,38.50,7.60,0.322,6.91,1.82,19,0.263,0.416,0.368,0.364,0.632,0.996,27.30,13.60,0.273,19,0.263,0.416,0.368,0.364,0.632,0.996,27.30,13.60,0.273,19,0.263,0.416,0.368,0.364,0.632,0.996,27.30,13.60,0.273
Aaron Judge,$5.4K,R,NYY,OF,ATL,2,Julio Teheran,R, ,,,,,400,4,,,5.57,0.16,691,0.291,0.432,0.344,0.393,0.635,1.028,31.30,15.80,0.363,9.84,1.82,55,0.327,0.448,0.345,0.409,0.673,1.082,25.40,14.90,0.371,28,0.393,0.514,0.357,0.469,0.750,1.219,24.20,15.20,0.471,9,0.667,0.817,0.667,0.727,1.333,2.060,9.10,18.20,0.667
Jose Ramirez,$5.7K,S,CLE,3B,@ KCR,3,Trevor Oaks,R,,,,,,700, ,,,5.62,0.12,611,0.300,0.409,0.295,0.370,0.594,0.964,11.60,11.80,0.289,10.4,1.82,72,0.278,0.410,0.306,0.391,0.583,0.974,13.00,18.50,0.268,35,0.314,0.461,0.343,0.442,0.657,1.099,8.70,19.60,0.286,21,0.333,0.440,0.286,0.417,0.619,1.036,8.30,4.20,0.333
Yadiel Rivera,$2.7K,R,MIA,3B/SS,TBR,7,Matt Andriese,R, ,,,,,700, ,,,3.64,-0.11,53,0.151,0.180,0,0.211,0.151,0.362,36.20,10.30,0.250,4.89,1.81,23,0.130,0.160,0,0.200,0.130,0.330,36.00,12.00,0.214,12,0.083,0.073,0,0.083,0.083,0.166,41.70,8.30,0.143,8,0.125,0.110,0,0.125,0.125,0.250,28.60,0.00,0.167
Michael Taylor,$3.8K,R,WAS,OF,BOS,6,Eduardo Rodriguez,L,,,,,,1100,-15,,,4.24,-0.09,174,0.276,0.331,0.184,0.308,0.460,0.768,31.70,5.90,0.380,6.86,1.81,19,0.368,0.376,0.053,0.429,0.421,0.850,23.80,9.50,0.500,7,0.286,0.251,0,0.286,0.286,0.572,28.60,0.00,0.400,3,0.667,0.586,0,0.667,0.667,1.334,0.00,0.00,0.667
J.B. Shuck,$2.7K,L,MIA,OF,TBR,6,Matt Andriese,R,,,,,,700,-6,,,3.64,-0.11,104,0.192,0.223,0.038,0.257,0.231,0.488,15.80,7.90,0.233,4.88,1.81,33,0.182,0.201,0.030,0.229,0.212,0.441,13.90,8.30,0.214,12,0.250,0.287,0,0.357,0.250,0.607,28.60,14.30,0.375,7,0.286,0.306,0,0.375,0.286,0.661,25.00,12.50,0.400
Charlie Culberson,$3.4K,R,ATL,3B/OF,@ NYY,8,CC Sabathia,L,,,,,,700,-35,,,3.93,-0.16,75,0.280,0.330,0.187,0.304,0.467,0.771,20.00,5.00,0.339,6.14,1.81,20,0.350,0.412,0.2,0.381,0.550,0.931,27.30,9.10,0.462,4,0.250,0.220,0,0.250,0.250,0.500,50.00,0.00,0.500,1,0.000,0,0,0.000,0.000,0.000,100.00,0.00,0.000
Brandon Belt,$4.7K,L,SFG,1B,@ COL,2,Tyler Anderson,L, ,,,,,700,2,,,5.08,-0.53,224,0.237,0.321,0.161,0.322,0.397,0.719,23.00,10.90,0.287,8.49,1.81,28,0.179,0.246,0.107,0.258,0.286,0.544,6.50,9.70,0.160,20,0.150,0.182,0,0.227,0.150,0.377,9.10,9.10,0.167,11,0.182,0.241,0,0.308,0.182,0.490,0.00,15.40,0.182
David Peralta,$4.8K,L,ARI,OF,STL,4,Miles Mikolas,R,,,,,,1200,-10,,,3.9,-0.38,617,0.305,0.369,0.198,0.358,0.502,0.860,17.40,8.10,0.342,8.67,1.81,76,0.355,0.450,0.316,0.402,0.671,1.073,18.10,8.40,0.404,37,0.351,0.451,0.297,0.429,0.649,1.078,18.60,14.00,0.429,16,0.375,0.462,0.25,0.474,0.625,1.099,15.80,15.80,0.462
Jesse Winker,$3.9K,L,CIN,OF,CHW,6,Dylan Covey,R,,,,,,700,4,,,5.64,-0.15,281,0.310,0.384,0.171,0.396,0.480,0.876,14.60,13.70,0.341,7.05,1.81,56,0.339,0.425,0.196,0.439,0.536,0.975,10.30,17.60,0.348,25,0.440,0.542,0.28,0.563,0.720,1.283,11.80,26.50,0.474,15,0.333,0.457,0.267,0.444,0.600,1.044,15.80,21.10,0.364
Salvador Perez,$3.4K,R,KCR,C,CLE,3,Trevor Bauer,R, ,,,,,900,-30,,,3.38,-0.12,525,0.250,0.312,0.196,0.281,0.446,0.727,18.50,2.90,0.266,6.15,1.81,63,0.159,0.177,0.032,0.197,0.190,0.387,24.20,1.50,0.213,28,0.143,0.159,0.036,0.172,0.179,0.351,31.00,0.00,0.211,14,0.143,0.165,0,0.200,0.143,0.343,26.70,0.00,0.200
Tommy Pham,$4.2K,R,STL,OF,@ ARI,2,Patrick Corbin,L,,,,,,1000,-4,,,3.6,-0.12,152,0.283,0.386,0.211,0.393,0.493,0.886,18.90,16.20,0.309,7.58,1.8,23,0.217,0.248,0,0.280,0.217,0.497,20.00,12.00,0.278,8,0.125,0.225,0,0.222,0.125,0.347,30.00,20.00,0.200,4,0.250,0.376,0,0.400,0.250,0.650,33.30,33.30,0.500
Jonathan Schoop,$3.3K,R,BAL,2B,@ PHI,6,Aaron Nola,R, ,,,,,800,4,,,3.45,0.12,650,0.262,0.319,0.182,0.296,0.443,0.739,21.10,3.90,0.295,5.93,1.8,59,0.136,0.223,0.169,0.203,0.305,0.508,18.80,6.20,0.133,29,0.172,0.205,0.138,0.172,0.310,0.482,24.10,0.00,0.190,12,0.167,0.146,0,0.167,0.167,0.334,33.30,0.00,0.250
Jakob Bauers,$4.1K,L,TBR,1B,@ MIA,3,Jose Urena,R,,,,,,1400,-18,,,3.86,0.11,61,0.213,0.340,0.180,0.360,0.393,0.753,23.70,18.40,0.286,7.38,1.8,61,0.213,0.340,0.180,0.360,0.393,0.753,23.70,18.40,0.286,33,0.242,0.359,0.152,0.390,0.394,0.784,16.70,19.00,0.308,18,0.167,0.281,0.056,0.318,0.222,0.540,21.70,17.40,0.231
Rafael Devers,$4.4K,L,BOS,3B,@ WAS,5,Erick Fedde,R,,,,,,1700,-12,,,4.76,0.09,413,0.252,0.321,0.208,0.288,0.460,0.748,24.20,7.20,0.292,7.87,1.79,58,0.328,0.434,0.345,0.361,0.672,1.033,21.30,4.90,0.350,28,0.250,0.341,0.25,0.300,0.500,0.800,20.00,6.70,0.250,15,0.400,0.542,0.467,0.438,0.867,1.305,12.50,6.20,0.364
Nate Orf,$2.9K,R,MIL,2B/OF,MIN,7,Jose Berrios,R, ,,,,,900,4,,,4.32,-0.01,4,0.000,0.234,0,0.333,0.000,0.333,16.70,16.70,0.000,5.2,1.79,4,0.000,0.234,0,0.333,0.000,0.333,16.70,16.70,0.000,4,0.000,0.234,0,0.333,0.000,0.333,16.70,16.70,0.000,4,0.000,0.234,0,0.333,0.000,0.333,16.70,16.70,0.000
Max Muncy,$4.9K,L,LAD,1B/3B,PIT,2,Clay Holmes,R,,,,,,600,4,,,5.14,0.41,140,0.279,0.440,0.371,0.407,0.650,1.057,24.70,18.40,0.289,8.76,1.79,46,0.348,0.542,0.478,0.516,0.826,1.342,19.40,25.80,0.333,30,0.367,0.556,0.5,0.513,0.867,1.380,20.50,23.10,0.353,17,0.471,0.688,0.706,0.571,1.176,1.747,19.00,19.00,0.444
Aaron Hicks,$4.6K,S,NYY,OF,ATL,3,Julio Teheran,R,,,,,,700,9,,,5.57,0.16,391,0.246,0.348,0.202,0.351,0.448,0.799,19.40,14.10,0.268,8.2,1.78,52,0.250,0.350,0.269,0.286,0.519,0.805,20.30,8.50,0.243,24,0.292,0.400,0.292,0.333,0.583,0.916,17.20,13.80,0.278,13,0.385,0.487,0.308,0.467,0.692,1.159,20.00,13.30,0.444
Edwin Encarnacion,$4.9K,R,CLE,1B,@ KCR,4,Trevor Oaks,R, ,,,,,800,1,,,5.62,0.12,600,0.252,0.367,0.265,0.339,0.517,0.856,20.70,11.80,0.255,8.72,1.78,67,0.164,0.254,0.194,0.208,0.358,0.566,21.30,9.30,0.146,37,0.216,0.345,0.351,0.250,0.568,0.818,19.00,9.50,0.154,19,0.158,0.288,0.316,0.227,0.474,0.701,17.40,13.00,0.071
Tony Kemp,$3.4K,L,HOU,OF,@ TEX,9,Mike Minor,L, ,,,,,1200,-21,,,5.43,-0.15,30,0.333,0.379,0.067,0.444,0.400,0.844,16.20,16.20,0.417,6.05,1.78,17,0.294,0.343,0.118,0.368,0.412,0.780,21.10,10.50,0.385,5,0.200,0.261,0,0.333,0.200,0.533,50.00,16.70,0.500,4,0.250,0.313,0,0.400,0.250,0.650,60.00,20.00,1.000
Joc Pederson,$4.5K,L,LAD,OF,PIT,1,Clay Holmes,R,,,,,,900, ,,,5.14,0.41,402,0.249,0.370,0.266,0.348,0.515,0.863,17.60,11.70,0.258,7.96,1.77,47,0.319,0.531,0.596,0.396,0.915,1.311,13.00,11.10,0.219,29,0.241,0.428,0.414,0.371,0.655,1.026,14.30,14.30,0.150,17,0.294,0.499,0.529,0.400,0.824,1.224,10.00,10.00,0.167
Ketel Marte,$3.7K,S,ARI,2B/SS,STL,6,Miles Mikolas,R,,,,,,1000,-5,,,3.9,-0.38,353,0.244,0.298,0.136,0.302,0.380,0.682,15.10,8.20,0.272,6.56,1.77,60,0.233,0.283,0.167,0.266,0.400,0.666,18.50,6.20,0.255,32,0.250,0.278,0.156,0.250,0.406,0.656,12.10,3.00,0.259,11,0.364,0.320,0,0.364,0.364,0.728,18.20,0.00,0.444
Albert Pujols,$3.7K,R,LAA,1B,@ SEA,5,Mike Leake,R, ,,,,,500,9,,,4.32, ,708,0.253,0.304,0.169,0.280,0.422,0.702,13.70,4.80,0.255,6.54,1.77,67,0.254,0.315,0.179,0.286,0.433,0.719,8.50,4.20,0.241,31,0.290,0.316,0.097,0.333,0.387,0.720,3.00,3.00,0.300,18,0.333,0.371,0.111,0.400,0.444,0.844,0.00,5.00,0.333
Dominic Smith,$3.4K,L,NYM,1B/OF,@ TOR,7,Marcus Stroman,R,,,,,,1400,-27,,,4.12,0.37,173,0.208,0.286,0.202,0.251,0.410,0.661,27.90,5.50,0.239,6.03,1.77,40,0.225,0.273,0.175,0.244,0.400,0.644,36.60,2.40,0.333,21,0.238,0.261,0.143,0.238,0.381,0.619,42.90,0.00,0.417,5,0.200,0.25,0.2,0.200,0.400,0.600,20.00,0.00,0.250
Charlie Blackmon,$5.7K,L,COL,OF,SFG,2,Andrew Suarez,L, ,,,,,1600,-4,,,5.42,-0.47,339,0.322,0.382,0.183,0.380,0.504,0.884,15.60,6.70,0.358,10.1,1.77,38,0.237,0.245,0,0.293,0.237,0.530,10.00,2.50,0.265,24,0.250,0.258,0,0.308,0.250,0.558,11.50,0.00,0.286,14,0.214,0.224,0,0.267,0.214,0.481,13.30,0.00,0.250
Austin Meadows,$3.8K,L,PIT,OF,@ LAD,1,Rich Hill,L, ,,,,,1300,-29,,,3.36,0.09,46,0.348,0.455,0.326,0.400,0.674,1.074,17.60,7.80,0.382,6.73,1.77,32,0.344,0.388,0.156,0.400,0.500,0.900,22.90,5.70,0.458,19,0.263,0.294,0.053,0.333,0.316,0.649,23.80,4.80,0.357,10,0.200,0.256,0.1,0.273,0.300,0.573,18.20,9.10,0.250
Adam Jones,$3.5K,R,BAL,OF,@ PHI,2,Aaron Nola,R, ,,,,,600,14,,,3.45,0.12,686,0.286,0.337,0.187,0.314,0.472,0.786,18.00,3.30,0.313,6.15,1.76,66,0.303,0.323,0.061,0.361,0.364,0.725,19.40,5.60,0.385,32,0.219,0.255,0.094,0.265,0.313,0.578,23.50,2.90,0.292,14,0.143,0.163,0,0.200,0.143,0.343,33.30,6.70,0.222
Stephen Piscotty,$3.8K,R,OAK,OF,SDP,6,Luis Perdomo,R, ,,,,,1200,-21,,,4.73,-0.11,459,0.255,0.323,0.148,0.332,0.403,0.735,21.10,10.00,0.304,6.69,1.76,54,0.370,0.432,0.222,0.426,0.593,1.019,18.00,6.60,0.415,31,0.355,0.447,0.290,0.412,0.645,1.057,8.80,5.90,0.346,17,0.235,0.229,0.059,0.235,0.294,0.529,11.80,0.00,0.267
Todd Frazier,$3.9K,R,NYM,3B,@ TOR,6,Marcus Stroman,R, ,,,,,1000,-2,,,4.12,0.37,551,0.221,0.322,0.172,0.330,0.394,0.724,21.60,13.20,0.251,6.87,1.76,67,0.224,0.270,0.179,0.239,0.403,0.642,21.40,2.90,0.235,29,0.207,0.264,0.138,0.258,0.345,0.603,9.70,6.50,0.200,16,0.250,0.357,0.25,0.333,0.500,0.833,11.10,11.10,0.231
Mitch Haniger,$4.6K,R,SEA,OF,LAA,3,Garrett Richards,R, ,,,,,900,2,,,4.18, ,502,0.277,0.370,0.225,0.355,0.502,0.857,23.10,9.80,0.323,8.1,1.76,77,0.299,0.383,0.221,0.368,0.519,0.887,20.90,11.60,0.327,38,0.289,0.333,0.132,0.333,0.421,0.754,16.30,9.30,0.323,19,0.316,0.390,0.211,0.350,0.526,0.876,14.30,9.50,0.333
Shohei Ohtani,$4.0K,L,LAA,OF,@ SEA,6,Mike Leake,R,,,,,,500,6,,,4.32, ,0,0.000,0,0,0.000,0.000,0.000,0.00,0.00,0.000,7.04,1.76,0,0.000,0,0,0.000,0.000,0.000,0.00,0.00,0.000,0,0.000,0,0,0.000,0.000,0.000,0.00,0.00,0.000,0,0.000,0,0,0.000,0.000,0.000,0.00,0.00,0.000
Maxwell Moroff,$3.2K,S,PIT,2B/SS,@ LAD,8,Rich Hill,L,,,,,,1200,4,,,3.36,0.09,49,0.224,0.308,0.143,0.316,0.367,0.683,29.30,10.30,0.312,5.6,1.75,2,0.000,0,0,0.000,0.000,0.000,100.00,0.00,0.000,2,0.000,0,0,0.000,0.000,0.000,100.00,0.00,0.000,2,0.000,0,0,0.000,0.000,0.000,100.00,0.00,0.000
Kendrys Morales,$3.4K,S,TOR,1B,NYM,5,Corey Oswalt,R,,,,,,800,-1,,,5.38,0.13,572,0.220,0.296,0.185,0.270,0.406,0.676,21.90,7.50,0.241,5.96,1.75,46,0.304,0.396,0.283,0.333,0.587,0.920,22.00,8.00,0.323,18,0.222,0.432,0.5,0.300,0.722,1.022,22.70,18.20,0.100,6,0.000,0,0,0.000,0.000,0.000,28.60,14.30,0.000
Enrique Hernandez,$3.5K,R,LAD,OF/SS,PIT,7,Clay Holmes,R, ,,,,,700,48,,,5.14,0.41,254,0.193,0.279,0.181,0.265,0.374,0.639,25.60,9.80,0.224,6.12,1.75,41,0.244,0.383,0.341,0.326,0.585,0.911,19.10,10.60,0.214,26,0.308,0.494,0.5,0.400,0.808,1.208,19.40,12.90,0.250,10,0.300,0.541,0.6,0.462,0.900,1.362,15.40,23.10,0.167
Ben Zobrist,$4.3K,S,CHC,2B/OF,DET,2,Francisco Liriano,L,,,,,,1200,-30,,,5.44,5.44,172,0.203,0.251,0.093,0.265,0.297,0.562,13.00,8.80,0.230,7.5,1.74,15,0.267,0.288,0,0.353,0.267,0.620,5.90,11.80,0.286,10,0.400,0.382,0,0.455,0.400,0.855,9.10,9.10,0.444,8,0.375,0.369,0,0.444,0.375,0.819,11.10,11.10,0.429
Jackie Bradley,$3.7K,L,BOS,OF,@ WAS,7,Erick Fedde,R,,,,,,1300,-27,,,4.76,0.09,562,0.226,0.302,0.162,0.298,0.388,0.686,24.00,9.10,0.272,6.45,1.74,54,0.167,0.262,0.185,0.246,0.352,0.598,19.00,9.50,0.150,26,0.269,0.352,0.231,0.321,0.500,0.821,16.70,13.30,0.263,12,0.250,0.345,0.25,0.308,0.500,0.808,20.00,20.00,0.250
Jesus Aguilar,$5.1K,R,MIL,1B,MIN,3,Jose Berrios,R, ,,,,,1200,-5,,,4.32,-0.01,354,0.274,0.371,0.274,0.327,0.548,0.875,28.90,7.80,0.321,8.8,1.73,61,0.295,0.440,0.443,0.348,0.738,1.086,29.00,8.70,0.286,33,0.303,0.429,0.394,0.351,0.697,1.048,29.70,8.10,0.316,17,0.294,0.381,0.176,0.400,0.471,0.871,30.00,15.00,0.400
Elias Diaz,$3.2K,R,PIT,C,@ LAD,4,Rich Hill,L,,,,,,400,-20,,,3.36,0.09,90,0.333,0.379,0.2,0.355,0.533,0.888,11.80,3.20,0.355,5.53,1.73,24,0.375,0.440,0.292,0.375,0.667,1.042,8.30,0.00,0.381,18,0.333,0.440,0.389,0.333,0.722,1.055,11.10,0.00,0.333,11,0.364,0.527,0.545,0.364,0.909,1.273,9.10,0.00,0.333
C.J. Cron,$3.9K,R,TBR,1B,@ MIA,4,Jose Urena,R, ,,,,,900,-1,,,3.86,0.11,467,0.238,0.311,0.176,0.300,0.413,0.713,25.30,5.60,0.281,6.75,1.73,45,0.178,0.319,0.244,0.302,0.422,0.724,37.70,7.50,0.227,21,0.238,0.266,0.095,0.273,0.333,0.606,36.40,0.00,0.385,10,0.300,0.339,0.1,0.364,0.400,0.764,27.30,0.00,0.429
Scooter Gennett,$5.1K,L,CIN,2B,CHW,4,Dylan Covey,R,,,,,,1200,-3,,,5.64,-0.15,574,0.315,0.387,0.233,0.359,0.549,0.908,19.30,7.00,0.348,8.81,1.73,62,0.306,0.347,0.145,0.357,0.452,0.809,18.10,11.10,0.347,30,0.333,0.419,0.233,0.412,0.567,0.979,17.10,14.30,0.364,15,0.333,0.408,0.2,0.412,0.533,0.945,5.90,11.80,0.308
Tim Anderson,$4.0K,R,CHW,SS,@ CIN,7,Sal Romano,R, ,,,,,900,-2,,,4.36,0.15,653,0.236,0.285,0.150,0.270,0.386,0.656,27.50,4.20,0.298,6.88,1.72,71,0.296,0.334,0.113,0.351,0.408,0.759,26.90,6.40,0.396,41,0.366,0.402,0.171,0.395,0.537,0.932,20.90,2.30,0.433,22,0.318,0.299,0,0.348,0.318,0.666,13.00,0.00,0.368
Jason Kipnis,$3.8K,L,CLE,2B,@ KCR,6,Trevor Oaks,R,,,,,,700,-2,,,5.62,0.12,458,0.218,0.288,0.162,0.280,0.380,0.660,19.80,7.60,0.246,6.53,1.72,58,0.241,0.342,0.241,0.313,0.483,0.796,21.90,7.80,0.250,32,0.250,0.349,0.25,0.314,0.500,0.814,25.70,5.70,0.286,16,0.188,0.245,0.062,0.278,0.250,0.528,33.30,5.60,0.300
Whit Merrifield,$3.7K,R,KCR,2B/OF,CLE,1,Trevor Bauer,R, ,,,,,1000,-5,,,3.38,-0.12,675,0.273,0.317,0.133,0.322,0.406,0.728,14.80,6.10,0.302,6.37,1.72,57,0.246,0.279,0.070,0.306,0.316,0.622,14.50,6.50,0.277,27,0.185,0.239,0.111,0.241,0.296,0.537,20.70,6.90,0.200,14,0.357,0.417,0.214,0.400,0.571,0.971,0.00,6.70,0.308
Jose Iglesias,$3.2K,R,DET,SS,@ CHC,8,Jose Quintana,L,,,,,,800,-2,,,3.56,3.56,153,0.294,0.323,0.124,0.327,0.418,0.745,7.30,4.30,0.302,5.47,1.71,18,0.333,0.314,0.056,0.333,0.389,0.722,5.60,0.00,0.353,10,0.200,0.176,0,0.200,0.200,0.400,10.00,0.00,0.222,10,0.200,0.176,0,0.200,0.200,0.400,10.00,0.00,0.222
A.J. Ellis,$2.9K,R,SDP,C,@ OAK,7,Sean Manaea,L,,,,,,600,-29,,,3.77,0.11,79,0.253,0.310,0.114,0.330,0.367,0.697,21.30,7.90,0.310,4.92,1.7,10,0.300,0.302,0,0.364,0.300,0.664,25.00,16.70,0.429,5,0.400,0.408,0,0.500,0.400,0.900,14.30,28.60,0.500,0,0.000,0,0,0.000,0.000,0.000,0.00,0.00,0.000
Carlos Gomez,$3.0K,R,TBR,OF,@ MIA,6,Jose Urena,R, ,,,,,800,-7,,,3.86,0.11,454,0.238,0.326,0.187,0.319,0.425,0.744,28.10,7.80,0.302,5.11,1.7,55,0.218,0.254,0.036,0.295,0.255,0.550,29.50,6.60,0.324,26,0.231,0.252,0.038,0.286,0.269,0.555,39.30,3.60,0.400,15,0.200,0.210,0,0.250,0.200,0.450,43.80,0.00,0.375
Jed Lowrie,$4.6K,S,OAK,2B/3B,SDP,3,Luis Perdomo,R,,,,,,800,1,,,4.73,-0.11,657,0.285,0.364,0.199,0.359,0.484,0.843,16.70,10.80,0.318,7.82,1.7,62,0.323,0.436,0.323,0.391,0.645,1.036,19.10,8.80,0.356,35,0.371,0.496,0.371,0.450,0.743,1.193,12.80,12.80,0.370,18,0.333,0.468,0.333,0.455,0.667,1.122,14.30,19.00,0.357
Matt Chapman,$4.1K,R,OAK,3B,SDP,7,Luis Perdomo,R, ,,,,,1100,-4,,,4.73,-0.11,387,0.245,0.347,0.227,0.331,0.473,0.804,24.80,10.70,0.295,6.99,1.7,20,0.400,0.526,0.35,0.520,0.750,1.270,16.00,16.00,0.467,0,0.000,0,0,0.000,0.000,0.000,0.00,0.00,0.000,0,0.000,0,0,0.000,0.000,0.000,0.00,0.00,0.000
Chris Taylor,$3.8K,R,LAD,OF/SS,PIT,6,Clay Holmes,R, ,,,,,800,30,,,5.14,0.41,606,0.276,0.362,0.218,0.339,0.493,0.832,25.70,9.00,0.346,6.47,1.7,39,0.256,0.330,0.179,0.326,0.436,0.762,30.20,7.00,0.360,17,0.353,0.489,0.412,0.421,0.765,1.186,31.60,5.30,0.500,15,0.333,0.473,0.4,0.412,0.733,1.145,35.30,5.90,0.500
Lourdes Gurriel,$3.1K,R,TOR,2B/SS,NYM,8,Corey Oswalt,R, ,,,,,800,4,,,5.38,0.13,53,0.264,0.334,0.245,0.278,0.509,0.787,24.10,1.90,0.278,5.23,1.69,11,0.273,0.452,0.545,0.273,0.818,1.091,18.20,0.00,0.143,11,0.273,0.452,0.545,0.273,0.818,1.091,18.20,0.00,0.143,8,0.250,0.366,0.375,0.250,0.625,0.875,0.00,0.00,0.143
Joey Gallo,$3.9K,L,TEX,1B/OF,HOU,7,Gerrit Cole,R,,,,,,1200,-36,,,4.07,-0.35,546,0.203,0.356,0.315,0.311,0.518,0.829,35.20,14.20,0.231,6.58,1.69,47,0.128,0.302,0.213,0.317,0.340,0.657,41.00,21.30,0.158,18,0.111,0.324,0.222,0.360,0.333,0.693,26.90,30.80,0.100,7,0.143,0.411,0.429,0.400,0.571,0.971,36.40,36.40,0.000
Francisco Lindor,$5.9K,S,CLE,SS,@ KCR,1,Trevor Oaks,R,,,,,,900, ,,,5.62,0.12,682,0.258,0.359,0.261,0.321,0.519,0.840,15.60,9.00,0.257,9.92,1.68,79,0.278,0.410,0.342,0.356,0.620,0.976,19.40,10.80,0.273,34,0.353,0.572,0.618,0.463,0.971,1.434,14.00,18.60,0.273,18,0.444,0.708,0.833,0.524,1.278,1.802,13.00,17.40,0.364
Martin Maldonado,$3.0K,R,LAA,C,@ SEA,8,Mike Leake,R, ,,,,,700,-32,,,4.32, ,484,0.229,0.288,0.153,0.277,0.382,0.659,24.20,2.90,0.277,5.05,1.68,50,0.220,0.302,0.18,0.278,0.400,0.678,27.30,5.50,0.273,23,0.304,0.434,0.348,0.360,0.652,1.012,19.20,11.50,0.312,13,0.231,0.404,0.462,0.286,0.692,0.978,21.40,7.10,0.125
Mookie Betts,$6.0K,R,BOS,OF,@ WAS,1,Erick Fedde,R, ,,,,,1100,-2,,,4.76,0.09,710,0.273,0.361,0.221,0.345,0.494,0.839,12.20,10.50,0.276,10.09,1.68,55,0.236,0.342,0.182,0.344,0.418,0.762,10.80,15.40,0.222,33,0.303,0.400,0.212,0.395,0.515,0.910,5.30,15.80,0.276,19,0.263,0.377,0.211,0.364,0.474,0.838,4.30,17.40,0.235
Nomar Mazara,$4.2K,L,TEX,OF,HOU,3,Gerrit Cole,R,,,,,,1000,-4,,,4.07,-0.35,637,0.270,0.342,0.190,0.328,0.460,0.788,19.20,9.70,0.302,7.07,1.68,57,0.333,0.351,0.123,0.365,0.456,0.821,19.00,6.30,0.391,27,0.333,0.350,0.148,0.345,0.481,0.826,20.70,3.40,0.381,9,0.444,0.562,0.444,0.444,0.889,1.333,11.10,0.00,0.429
Travis Shaw,$4.3K,L,MIL,3B,MIN,4,Jose Berrios,R,,,,,,800,1,,,4.32,-0.01,612,0.270,0.375,0.257,0.346,0.526,0.872,20.20,12.10,0.288,7.24,1.68,55,0.218,0.305,0.091,0.357,0.309,0.666,21.40,17.10,0.286,29,0.172,0.253,0.034,0.316,0.207,0.523,23.70,15.80,0.227,17,0.176,0.264,0,0.348,0.176,0.524,17.40,21.70,0.214
J.D. Martinez,$5.9K,R,BOS,OF,@ WAS,3,Erick Fedde,R, ,,,,,1300,-1,,,4.76,0.09,589,0.295,0.416,0.341,0.351,0.637,0.988,24.60,10.00,0.316,9.92,1.68,61,0.328,0.403,0.180,0.408,0.508,0.916,17.80,13.70,0.370,35,0.314,0.370,0.2,0.342,0.514,0.856,17.90,7.70,0.333,17,0.235,0.245,0,0.263,0.235,0.498,25.00,10.00,0.308
Eduardo Escobar,$4.4K,S,MIN,3B/SS,@ MIL,4,Chase Anderson,R,,,,,,1100,-5,,,4.18,0.01,504,0.270,0.353,0.248,0.313,0.518,0.831,21.80,6.20,0.308,7.31,1.66,51,0.333,0.434,0.314,0.370,0.647,1.017,20.70,10.30,0.421,26,0.115,0.205,0.077,0.179,0.192,0.371,25.80,12.90,0.167,15,0.067,0.154,0.067,0.125,0.133,0.258,16.70,16.70,0.083
Jose Peraza,$4.7K,R,CIN,SS,CHW,8,Dylan Covey,R, ,,,,,1400,-4,,,5.64,-0.15,590,0.263,0.288,0.088,0.303,0.351,0.654,12.90,4.20,0.292,7.78,1.66,75,0.307,0.361,0.173,0.358,0.480,0.838,9.60,8.40,0.323,38,0.289,0.401,0.289,0.372,0.579,0.951,14.00,9.30,0.300,24,0.333,0.454,0.375,0.385,0.708,1.093,11.50,7.70,0.316
Ozzie Albies,$5.5K,S,ATL,2B,@ NYY,2,CC Sabathia,L,,,,,,1200,-1,,,3.93,-0.16,155,0.310,0.380,0.226,0.357,0.535,0.892,12.40,7.10,0.320,9.13,1.66,25,0.200,0.224,0.08,0.231,0.280,0.511,23.10,3.80,0.263,10,0.400,0.416,0.1,0.455,0.500,0.955,18.20,9.10,0.500,3,0.333,0.293,0,0.333,0.333,0.666,0.00,0.00,0.333
J.T. Riddle,$3.2K,L,MIA,SS,TBR,5,Matt Andriese,R,,,,,,1100,-11,,,3.64,-0.11,259,0.247,0.287,0.139,0.282,0.386,0.668,20.80,5.70,0.293,5.28,1.65,67,0.254,0.313,0.179,0.296,0.433,0.729,21.90,5.50,0.306,37,0.243,0.287,0.135,0.282,0.378,0.660,20.50,5.10,0.286,22,0.227,0.272,0.136,0.261,0.364,0.625,17.40,4.30,0.235
Justin Upton,$4.7K,R,LAA,OF,@ SEA,4,Mike Leake,R, ,,,,,1000,-1,,,4.32, ,680,0.256,0.356,0.229,0.337,0.485,0.822,28.90,11.60,0.322,7.74,1.65,62,0.274,0.391,0.242,0.387,0.516,0.903,24.70,16.90,0.325,30,0.333,0.404,0.167,0.429,0.500,0.929,25.70,14.30,0.450,17,0.353,0.369,0.059,0.421,0.412,0.833,21.10,10.50,0.462
Trey Mancini,$3.5K,R,BAL,1B/OF,@ PHI,7,Aaron Nola,R, ,,,,,800,-24,,,3.45,0.12,585,0.272,0.345,0.202,0.323,0.474,0.797,23.90,7.50,0.323,5.77,1.65,55,0.236,0.338,0.255,0.300,0.491,0.791,30.00,6.70,0.273,25,0.320,0.412,0.28,0.370,0.600,0.970,29.60,7.40,0.400,17,0.294,0.385,0.235,0.368,0.529,0.897,26.30,10.50,0.364
Ronald Guzman,$3.3K,L,TEX,1B,HOU,8,Gerrit Cole,R,,,,,,1100,-14,,,4.07,-0.35,147,0.218,0.306,0.177,0.293,0.395,0.688,29.60,10.70,0.290,5.44,1.65,36,0.222,0.312,0.139,0.310,0.361,0.671,22.20,17.80,0.269,9,0.222,0.261,0,0.333,0.222,0.555,16.70,16.70,0.250,1,0.000,0,0,0.000,0.000,0.000,0.00,0.00,0.000
Delino DeShields,$3.8K,R,TEX,OF,HOU,9,Gerrit Cole,R, ,,,,,900,-7,,,4.07,-0.35,421,0.245,0.287,0.067,0.326,0.311,0.637,23.10,9.90,0.324,6.22,1.64,44,0.227,0.306,0.045,0.375,0.273,0.648,16.70,16.70,0.286,20,0.250,0.251,0,0.304,0.250,0.554,28.00,8.00,0.357,7,0.429,0.401,0,0.500,0.429,0.929,30.00,20.00,0.600
Jose Martinez,$4.4K,R,STL,1B,@ ARI,3,Patrick Corbin,L,,,,,,1200,-4,,,3.6,-0.12,108,0.333,0.440,0.287,0.405,0.620,1.025,15.90,14.30,0.358,7.2,1.64,14,0.214,0.246,0.071,0.267,0.286,0.553,13.30,6.70,0.250,7,0.000,0,0,0.000,0.000,0.000,28.60,0.00,0.000,3,0.000,0,0,0.000,0.000,0.000,33.30,0.00,0.000
Cesar Hernandez,$4.7K,S,PHI,2B,BAL,1,Yefrey Ramirez,R,,,,,,1000,-3,,,5.05,-0.12,595,0.287,0.346,0.121,0.371,0.408,0.779,21.30,12.30,0.358,7.67,1.63,68,0.279,0.345,0.074,0.395,0.353,0.748,22.00,15.90,0.367,35,0.343,0.424,0.143,0.465,0.486,0.951,15.90,18.20,0.407,15,0.400,0.474,0.133,0.526,0.533,1.059,15.00,20.00,0.500
Niko Goodrum,$3.6K,S,DET,2B/OF,@ CHC,5,Jose Quintana,L,,,,,,500,-17,,,3.56,3.56,52,0.250,0.319,0.135,0.339,0.385,0.724,20.30,11.90,0.308,5.87,1.63,13,0.231,0.292,0.077,0.333,0.308,0.641,6.70,13.30,0.250,9,0.333,0.370,0.111,0.400,0.444,0.844,10.00,10.00,0.375,9,0.333,0.334,0.111,0.333,0.444,0.777,11.10,0.00,0.375
Robinson Chirinos,$3.7K,R,TEX,C,HOU,6,Gerrit Cole,R, ,,,,,900,-25,,,4.07,-0.35,349,0.212,0.331,0.223,0.319,0.436,0.755,32.80,9.10,0.278,6.01,1.62,37,0.243,0.401,0.297,0.391,0.541,0.932,31.10,11.10,0.300,18,0.389,0.578,0.556,0.476,0.944,1.420,23.80,4.80,0.400,7,0.286,0.418,0.429,0.286,0.714,1.000,42.90,0.00,0.333
Mitch Moreland,$4.5K,L,BOS,1B,@ WAS, ,Erick Fedde,R,,,,,,1200,-4,,,4.76,0.09,621,0.259,0.348,0.224,0.320,0.483,0.803,20.10,9.90,0.287,7.24,1.61,58,0.207,0.270,0.086,0.303,0.293,0.596,24.60,12.30,0.286,32,0.281,0.346,0.156,0.361,0.438,0.799,25.70,11.40,0.391,17,0.176,0.185,0,0.222,0.176,0.398,33.30,5.60,0.273
Nelson Cruz,$5.1K,R,SEA,OF,LAA,4,Garrett Richards,R, ,,,,,900,2,,,4.18, ,619,0.292,0.389,0.273,0.347,0.565,0.912,21.10,7.10,0.311,8.17,1.6,65,0.292,0.441,0.385,0.370,0.677,1.047,16.00,12.00,0.244,33,0.394,0.504,0.394,0.412,0.788,1.200,11.40,5.70,0.360,17,0.353,0.448,0.353,0.353,0.706,1.059,5.90,0.00,0.286
Starling Marte,$4.4K,R,PIT,OF,@ LAD,2,Rich Hill,L,,,,,,1400,-18,,,3.36,0.09,138,0.167,0.226,0.116,0.216,0.283,0.499,22.70,6.70,0.196,6.99,1.59,26,0.115,0.151,0.038,0.172,0.154,0.326,20.70,6.90,0.143,17,0.059,0.052,0,0.059,0.059,0.118,29.40,0.00,0.083,8,0.125,0.110,0,0.125,0.125,0.250,25.00,0.00,0.167
Nick Castellanos,$5.0K,R,DET,OF,@ CHC,2,Jose Quintana,L,,,,,,1100,-1,,,3.56,3.56,218,0.339,0.420,0.275,0.371,0.615,0.986,16.20,6.40,0.358,7.91,1.58,20,0.350,0.443,0.35,0.350,0.700,1.050,19.00,4.80,0.357,9,0.556,0.748,0.667,0.556,1.222,1.778,10.00,10.00,0.500,9,0.556,0.748,0.667,0.556,1.222,1.778,11.10,0.00,0.500
Javier Baez,$5.5K,R,CHC,2B/SS,DET,3,Francisco Liriano,L,,,,,,1100, ,,,5.44,5.44,208,0.293,0.371,0.274,0.305,0.567,0.872,23.30,5.80,0.324,8.59,1.56,17,0.412,0.474,0.294,0.412,0.706,1.118,17.60,0.00,0.462,12,0.500,0.599,0.417,0.500,0.917,1.417,16.70,0.00,0.556,11,0.455,0.467,0.182,0.455,0.636,1.091,18.20,0.00,0.556
Hunter Dozier,$3.0K,R,KCR,1B,CLE,7,Trevor Bauer,R, ,,,,,900,-15,,,3.38,-0.12,102,0.216,0.274,0.157,0.259,0.373,0.632,30.60,5.60,0.277,4.64,1.55,52,0.212,0.276,0.192,0.241,0.404,0.645,29.60,3.70,0.242,16,0.250,0.316,0.25,0.250,0.500,0.750,31.20,0.00,0.300,5,0.200,0.176,0,0.200,0.200,0.400,20.00,0.00,0.250
Matt Carpenter,$4.6K,L,STL,3B,@ ARI,1,Patrick Corbin,L, ,,,,,1100,-3,,,3.6,-0.12,169,0.189,0.302,0.160,0.317,0.349,0.666,24.80,15.50,0.226,7.11,1.55,28,0.179,0.344,0.357,0.258,0.536,0.794,28.10,12.50,0.125,13,0.154,0.311,0.308,0.214,0.462,0.676,40.00,13.30,0.167,8,0.125,0.262,0.125,0.222,0.250,0.472,40.00,20.00,0.250
Greg Allen,$2.9K,S,CLE,OF,@ KCR,9,Trevor Oaks,R,,,,,,800,-7,,,5.62,0.12,107,0.187,0.227,0.093,0.235,0.280,0.515,25.20,4.30,0.244,4.4,1.52,20,0.050,0.044,0,0.050,0.050,0.100,30.00,0.00,0.071,0,0.000,0,0,0.000,0.000,0.000,0.00,0.00,0.000,0,0.000,0,0,0.000,0.000,0.000,0.00,0.00,0.000
Gregory Polanco,$3.8K,L,PIT,OF,@ LAD,3,Rich Hill,L, ,,,,,1100,-15,,,3.36,0.09,152,0.237,0.299,0.132,0.310,0.368,0.678,24.60,7.80,0.312,5.76,1.52,24,0.375,0.452,0.25,0.444,0.625,1.069,22.20,11.10,0.471,16,0.438,0.543,0.375,0.500,0.813,1.313,11.10,11.10,0.462,11,0.364,0.459,0.273,0.462,0.636,1.098,7.70,15.40,0.400
Bryce Harper,$5.4K,L,WAS,OF,BOS,4,Eduardo Rodriguez,L, ,,,,,1100,-1,,,4.24,-0.09,225,0.258,0.335,0.16,0.340,0.418,0.758,26.00,12.20,0.327,8,1.48,25,0.240,0.410,0.2,0.457,0.440,0.897,25.00,27.80,0.333,9,0.222,0.441,0.222,0.533,0.444,0.977,20.00,40.00,0.333,4,0.250,0.473,0.25,0.571,0.500,1.071,28.60,42.90,0.500
Jordy Mercer,$3.0K,R,PIT,SS,@ LAD,7,Rich Hill,L,,,,,,800,-2,,,3.36,0.09,188,0.261,0.316,0.149,0.316,0.410,0.726,15.90,7.70,0.289,4.37,1.46,28,0.321,0.376,0.214,0.345,0.536,0.881,25.00,0.00,0.400,19,0.316,0.359,0.211,0.316,0.526,0.842,27.80,0.00,0.385,12,0.250,0.348,0.333,0.250,0.583,0.833,18.20,0.00,0.222
Adam Eaton,$4.2K,L,WAS,OF,BOS,1,Eduardo Rodriguez,L, ,,,,,1000,-4,,,4.24,-0.09,26,0.154,0.209,0.077,0.233,0.231,0.464,20.00,10.00,0.190,6.06,1.44,12,0.167,0.224,0,0.286,0.167,0.453,21.40,14.30,0.222,3,0.000,0.275,0,0.400,0.000,0.400,20.00,40.00,0.000,1,0.000,0.344,0,0.500,0.000,0.500,50.00,50.00,0.000
Rougned Odor,$4.0K,L,TEX,2B,HOU,5,Gerrit Cole,R,,,,,,900,-4,,,4.07,-0.35,583,0.223,0.297,0.202,0.267,0.425,0.692,25.20,6.30,0.253,5.72,1.43,54,0.278,0.342,0.185,0.333,0.463,0.796,18.00,8.20,0.293,28,0.393,0.485,0.321,0.433,0.714,1.147,16.70,6.70,0.400,8,0.625,0.694,0.375,0.667,1.000,1.667,11.10,11.10,0.667
Mark Trumbo,$4.1K,R,BAL,1B/OF,@ PHI,4,Aaron Nola,R, ,,,,,800,-15,,,3.45,0.12,543,0.238,0.310,0.184,0.288,0.422,0.710,25.20,7.10,0.282,5.87,1.43,62,0.258,0.416,0.419,0.313,0.677,0.990,22.10,8.80,0.205,31,0.290,0.499,0.581,0.333,0.871,1.204,32.40,8.80,0.214,19,0.263,0.429,0.474,0.300,0.737,1.037,25.00,5.00,0.182
Freddie Freeman,$5.3K,L,ATL,1B,@ NYY,3,CC Sabathia,L, ,,,,,900, ,,,3.93,-0.16,236,0.318,0.408,0.263,0.380,0.581,0.961,22.60,8.60,0.364,7.52,1.42,29,0.345,0.465,0.379,0.387,0.724,1.111,32.30,6.50,0.438,11,0.273,0.308,0.091,0.333,0.364,0.697,33.30,8.30,0.429,4,0.000,0,0,0.000,0.000,0.000,50.00,0.00,0.000
Nick Markakis,$4.8K,L,ATL,OF,@ NYY,4,CC Sabathia,L, ,,,,,900,2,,,3.93,-0.16,265,0.291,0.340,0.151,0.336,0.442,0.778,15.20,8.00,0.327,6.81,1.42,26,0.308,0.329,0.154,0.321,0.462,0.783,16.70,10.00,0.364,8,0.375,0.375,0.25,0.333,0.625,0.958,9.10,18.20,0.375,1,0.000,0,0,0.000,0.000,0.000,33.30,33.30,0.000
Jean Segura,$4.7K,R,SEA,SS,LAA,2,Garrett Richards,R, ,,,,,800,-1,,,4.18, ,641,0.307,0.338,0.133,0.341,0.440,0.781,14.10,4.60,0.344,6.67,1.42,72,0.347,0.361,0.111,0.373,0.458,0.831,10.70,4.00,0.381,31,0.355,0.367,0.065,0.412,0.419,0.831,8.80,8.80,0.393,22,0.318,0.330,0.091,0.348,0.409,0.757,8.70,4.30,0.350
Jurickson Profar,$3.9K,S,TEX,SS,HOU,4,Gerrit Cole,R,,,,,,600,-3,,,4.07,-0.35,255,0.220,0.296,0.137,0.307,0.357,0.664,16.70,8.90,0.248,5.48,1.41,61,0.279,0.395,0.246,0.380,0.525,0.905,15.30,8.30,0.283,23,0.217,0.295,0.087,0.333,0.304,0.637,33.30,3.70,0.357,9,0.333,0.375,0.222,0.333,0.556,0.889,22.20,0.00,0.429
Gleyber Torres,$4.4K,R,NYY,2B,ATL,6,Julio Teheran,R, ,,,,,400,2,,,5.57,0.16,151,0.278,0.363,0.245,0.325,0.523,0.848,25.30,6.00,0.320,6.14,1.4,54,0.259,0.320,0.167,0.310,0.426,0.736,24.10,5.20,0.316,24,0.250,0.313,0.125,0.333,0.375,0.708,14.80,11.10,0.300,10,0.300,0.336,0.1,0.364,0.400,0.764,18.20,9.10,0.375
Johan Camargo,$3.7K,S,ATL,3B/SS,@ NYY,7,CC Sabathia,L,,,,,,800,1,,,3.93,-0.16,136,0.331,0.397,0.257,0.350,0.588,0.938,18.20,4.90,0.375,5.19,1.4,23,0.391,0.486,0.348,0.417,0.739,1.156,12.50,4.20,0.389,6,0.333,0.349,0,0.429,0.333,0.762,0.00,14.30,0.333,2,0.500,0.440,0,0.500,0.500,1.000,0.00,0.00,0.500
Ronald Acuna,$4.9K,R,ATL,OF,@ NYY,6,CC Sabathia,L,,,,,,900,3,,,3.93,-0.16,41,0.244,0.333,0.171,0.326,0.415,0.741,27.70,10.60,0.308,6.79,1.39,1,0.000,0.344,0,0.000,0.000,0.000,50.00,50.00,0.000,1,0.000,0.344,0,0.000,0.000,0.000,50.00,50.00,0.000,1,0.000,0.344,0,0.000,0.000,0.000,50.00,50.00,0.000
Tim Federowicz,$3.2K,R,HOU,C,@ TEX,8,Mike Minor,L,,,,,,1200,-51,,,5.43,-0.15,14,0.143,0.235,0.286,0.143,0.429,0.572,28.60,0.00,0.111,4.4,1.38,3,0.000,0,0,0.000,0.000,0.000,33.30,0.00,0.000,0,0.000,0,0,0.000,0.000,0.000,0.00,0.00,0.000,0,0.000,0,0,0.000,0.000,0.000,0.00,0.00,0.000
Shin-Soo Choo,$4.7K,L,TEX,OF,HOU,1,Gerrit Cole,R,,,,,,1100,-6,,,4.07,-0.35,646,0.266,0.362,0.206,0.356,0.472,0.828,22.10,13.20,0.304,6.46,1.37,60,0.333,0.466,0.317,0.459,0.650,1.109,22.70,20.00,0.395,28,0.321,0.429,0.286,0.406,0.607,1.013,18.20,15.20,0.350,9,0.222,0.391,0.333,0.364,0.556,0.920,9.10,18.20,0.143
Travis Jankowski,$3.9K,L,SDP,OF,@ OAK,9,Sean Manaea,L, ,,,,,1300,-25,,,3.77,0.11,49,0.184,0.233,0.041,0.273,0.224,0.497,41.80,7.30,0.346,5.29,1.36,13,0.077,0.175,0.077,0.200,0.154,0.354,40.00,13.30,0.143,5,0.000,0.115,0,0.167,0.000,0.167,50.00,16.70,0.000,4,0.000,0,0,0.000,0.000,0.000,50.00,0.00,0.000
Manny Machado,$5.3K,R,BAL,SS,@ PHI,3,Aaron Nola,R, ,,,,,800,1,,,3.45,0.12,705,0.277,0.351,0.220,0.322,0.496,0.818,16.60,8.70,0.285,6.96,1.31,63,0.286,0.360,0.206,0.352,0.492,0.844,13.70,12.30,0.294,34,0.353,0.485,0.382,0.436,0.735,1.171,7.50,15.00,0.321,17,0.412,0.530,0.412,0.444,0.824,1.268,10.50,10.50,0.385
Ender Inciarte,$4.3K,L,ATL,OF,@ NYY,1,CC Sabathia,L, ,,,,,1000,-3,,,3.93,-0.16,243,0.259,0.289,0.058,0.323,0.317,0.640,13.00,8.10,0.293,4.9,1.14,23,0.217,0.281,0.043,0.333,0.261,0.594,18.50,7.40,0.278,9,0.222,0.290,0,0.364,0.222,0.586,18.20,0.00,0.286,2,0.000,0.239,0,0.333,0.000,0.333,33.30,0.00,0.000
