Rk,Name,Age,Tm,Lg,W,L,W-L%,ERA,G,GS,GF,CG,SHO,SV,IP,H,R,ER,HR,BB,IBB,SO,HBP,BK,WP,BF,ERA+,FIP,WHIP,H9,HR9,BB9,SO9,SO/W
1,Jason Adam,26,KCR,AL,0,2,0,4.76,22,0,12,0,0,0,22.2,21,12,12,6,9,0,24,2,1,2,97,90,5.94,1.324,8.3,2.4,3.6,9.5,2.67
2,Austin Adams,27,WSN,NL,0,0,,0.00,2,0,0,0,0,0,1,1,0,0,0,3,0,0,0,0,0,7,,12.16,4,9,0,27,0,0
3,Matt Albers,35,MIL,NL,3,2,0.6,3.45,25,0,6,0,0,1,28.2,26,12,11,5,7,1,25,2,0,0,117,122,4.62,1.151,8.2,1.6,2.2,7.8,3.57
4,Sandy Alcantara,22,MIA,NL,1,0,1,1.80,1,1,0,0,0,0,5,3,1,1,0,5,0,2,0,0,0,21,223,5.36,1.6,5.4,0,9,3.6,0.4
5,Victor Alcantara,25,DET,AL,0,0,,0.00,5,0,3,0,0,0,5.2,5,0,0,0,1,0,2,0,0,1,23,,2.98,1.059,7.9,0,1.6,3.2,2
6,Scott Alexander*,28,LAD,NL,2,0,1,3.15,45,1,6,0,0,1,45.2,36,16,16,2,19,0,40,1,0,2,181,125,3.29,1.204,7.1,0.4,3.7,7.9,2.11
7,Cody Allen,29,CLE,AL,2,4,0.333,4.95,42,0,31,0,0,20,40,33,22,22,8,17,2,49,4,0,1,170,90,4.88,1.25,7.4,1.8,3.8,11,2.88
8,Miguel Almonte,25,LAA,AL,0,0,,18.00,1,0,0,0,0,0,1,2,2,2,1,0,0,1,0,0,0,5,31,14.16,2,18,9,0,9,
9,Yency Almonte,24,COL,NL,0,0,,0.00,4,0,0,0,0,0,5.2,4,2,0,0,2,0,2,0,0,1,21,,3.51,1.059,6.4,0,3.2,3.2,1
10,Dan Altavilla,25,SEA,AL,3,2,0.6,2.61,22,0,3,0,0,0,20.2,11,7,6,2,15,0,23,2,0,4,85,155,4.66,1.258,4.8,0.9,6.5,10,1.53
11,Jose Alvarado*,23,TBR,AL,1,3,0.25,2.43,43,0,8,0,0,4,40.2,29,14,11,1,21,3,43,1,0,1,172,164,2.99,1.23,6.4,0.2,4.6,9.5,2.05
12,Jose Alvarez*,29,LAA,AL,4,3,0.571,3.24,51,0,4,0,0,0,41.2,39,16,15,3,15,2,39,1,0,0,180,127,3.37,1.296,8.4,0.6,3.2,8.4,2.6
13,Brett Anderson*,30,OAK,AL,2,2,0.5,5.46,7,7,0,0,0,0,29.2,42,20,18,4,9,0,18,2,0,2,135,75,4.81,1.719,12.7,1.2,2.7,5.5,2
14,Chase Anderson,30,MIL,NL,6,7,0.462,3.81,20,20,0,0,0,0,108.2,88,48,46,19,42,0,87,6,0,0,444,110,5.15,1.196,7.3,1.6,3.5,7.2,2.07
15,Drew Anderson,24,PHI,NL,0,1,0,7.20,1,1,0,0,0,0,5,8,4,4,0,1,0,4,0,0,0,24,62,2.16,1.8,14.4,0,1.8,7.2,4
16,Justin Anderson,25,LAA,AL,2,2,0.5,3.19,36,0,7,0,0,4,36.2,30,13,13,3,23,3,46,2,1,5,159,129,3.76,1.445,7.4,0.7,5.6,11.3,2
17,Tanner Anderson,25,PIT,NL,1,0,1,18.00,2,0,1,0,0,0,3,9,7,6,0,4,0,1,0,0,0,21,25,6.49,4.333,27,0,12,3,0.25
18,Tyler Anderson*,28,COL,NL,6,3,0.667,3.72,20,20,0,0,0,0,113.2,99,50,47,16,38,0,108,2,1,6,468,128,4.14,1.205,7.8,1.3,3,8.6,2.84
19,Matt Andriese,28,TBR,AL,3,4,0.429,4.07,27,4,6,0,0,0,59.2,55,32,27,7,18,3,59,2,0,3,251,97,3.71,1.223,8.3,1.1,2.7,8.9,3.28
20,Victor Arano,23,PHI,NL,1,1,0.5,2.50,35,0,12,0,0,3,36,29,10,10,2,13,4,40,1,0,1,150,167,2.82,1.167,7.3,0.5,3.3,10,3.08
21,Pedro Araujo,24,BAL,AL,1,3,0.25,7.71,20,0,8,0,0,0,28,29,24,24,9,18,0,29,2,0,1,130,54,7.41,1.679,9.3,2.9,5.8,9.3,1.61
22,Chris Archer,29,TBR,AL,3,4,0.429,4.30,16,16,0,0,0,0,90,95,46,43,10,29,0,99,4,0,3,387,92,3.5,1.378,9.5,1,2.9,9.9,3.41
23,Jake Arrieta,32,PHI,NL,7,6,0.538,3.47,19,19,0,0,0,0,106.1,99,57,41,10,36,0,74,3,0,8,441,119,4.09,1.27,8.4,0.8,3,6.3,2.06
24,Alec Asher,26,MIL,NL,0,0,,0.00,2,0,1,0,0,0,3,2,0,0,0,1,0,2,0,0,0,13,,2.82,1,6,0,3,6,2
25,Willians Astudillo,26,MIN,AL,0,0,,45.00,1,0,1,0,0,0,1,5,5,5,2,0,0,0,0,0,0,8,13,29.16,5,45,18,0,0,
26,Alex Avila,31,ARI,NL,0,0,,0.00,1,0,1,0,0,0,2,1,0,0,0,0,0,0,0,0,0,7,,3.16,0.5,4.5,0,0,0,
27,Luis Avilan*,28,CHW,AL,2,0,1,4.08,45,0,4,0,0,0,28.2,29,16,13,2,10,2,33,1,0,1,123,101,2.91,1.36,9.1,0.6,3.1,10.4,3.3
28,John Axford,35,TOR,AL,4,1,0.8,4.24,43,0,11,0,0,0,46.2,41,24,22,5,19,1,46,2,0,6,195,100,3.93,1.286,7.9,1,3.7,8.9,2.42
29,Pedro Baez,30,LAD,NL,3,3,0.5,3.23,30,0,2,0,0,0,30.2,30,12,11,2,16,2,36,1,1,0,137,123,3.32,1.5,8.8,0.6,4.7,10.6,2.25
30,Sandy Baez,24,DET,AL,0,0,,0.00,1,0,0,0,0,0,4.1,0,0,0,0,3,0,4,1,0,1,17,,4.08,0.692,0,0,6.2,8.3,1.33
31,Homer Bailey,32,CIN,NL,1,7,0.125,6.68,12,12,0,0,0,0,62,81,49,46,15,24,7,38,1,0,1,292,62,6.29,1.694,11.8,2.2,3.5,5.5,1.58
32,Anthony Banda*,24,TBR,AL,1,0,1,3.68,3,1,1,0,0,0,14.2,12,6,6,1,3,0,10,0,0,0,56,110,3.29,1.023,7.4,0.6,1.8,6.1,3.33
33,Johnny Barbato,25,DET,AL,0,0,,12.15,7,0,4,0,0,0,6.2,11,9,9,3,5,1,2,1,0,2,36,38,11.11,2.4,14.9,4.1,6.8,2.7,0.4
34,Luke Bard,27,LAA,AL,0,0,,5.40,8,0,3,0,0,0,11.2,10,7,7,4,5,1,13,3,0,1,53,78,7.44,1.286,7.7,3.1,3.9,10,2.6
35,Scott Barlow,25,KCR,AL,1,1,0.5,3.60,6,0,3,0,0,0,15,16,7,6,2,3,0,15,0,0,0,65,121,3.49,1.267,9.6,1.2,1.8,9,5
36,Danny Barnes,28,TOR,AL,2,1,0.667,4.60,32,0,4,0,0,0,29.1,30,16,15,5,17,1,27,1,0,0,133,92,5.37,1.602,9.2,1.5,5.2,8.3,1.59
37,Jacob Barnes,28,MIL,NL,0,1,0,3.46,37,0,14,0,0,2,39,41,19,15,2,18,2,38,0,0,3,174,121,3.26,1.513,9.5,0.5,4.2,8.8,2.11
38,Matt Barnes,28,BOS,AL,3,2,0.6,2.30,42,0,4,0,0,0,43,25,11,11,1,22,1,65,1,0,5,179,193,2.04,1.093,5.2,0.2,4.6,13.6,2.95
39,Tony Barnette,34,TEX,AL,2,0,1,2.39,22,0,5,0,0,0,26.1,19,11,7,2,5,0,26,2,0,0,104,195,2.97,0.911,6.5,0.7,1.7,8.9,5.2
40,Kyle Barraclough,28,MIA,NL,0,4,0,2.45,46,0,21,0,0,10,44,23,13,12,5,24,2,50,2,0,3,181,153,4.14,1.068,4.7,1,4.9,10.2,2.08
41,Jake Barrett,26,ARI,NL,0,0,,5.06,5,0,4,0,0,0,5.1,7,3,3,1,1,0,5,0,0,1,23,93,4.28,1.5,11.8,1.7,1.7,8.4,5
42,Jaime Barria,21,LAA,AL,5,7,0.417,3.80,14,14,0,0,0,0,71,65,31,30,12,22,0,54,5,1,2,293,108,4.97,1.225,8.2,1.5,2.8,6.8,2.45
43,Tyler Bashlor,25,NYM,NL,0,0,,4.00,5,0,1,0,0,0,9,9,4,4,1,3,0,5,0,0,0,38,99,4.49,1.333,9,1,3,5,1.67
44,Anthony Bass,30,CHC,NL,0,0,,2.93,16,0,3,0,0,0,15.1,18,6,5,1,3,0,14,0,0,2,62,150,2.77,1.37,10.6,0.6,1.8,8.2,4.67
45,Chris Bassitt,29,OAK,AL,2,3,0.4,3.38,6,6,0,0,0,0,32,30,17,12,2,12,0,25,2,0,2,141,122,3.72,1.313,8.4,0.6,3.4,7,2.08
46,Trevor Bauer,27,CLE,AL,8,6,0.571,2.44,21,21,0,0,0,0,140.1,114,46,38,6,47,2,182,7,0,12,582,181,2.27,1.147,7.3,0.4,3,11.7,3.87
47,Buddy Baumann*,30,TOT,NL,0,2,0,27.00,4,0,1,0,0,0,3.1,9,13,10,1,7,2,4,0,0,0,27,18,10.96,4.8,24.3,2.7,18.9,10.8,0.57
48,Buddy Baumann*,30,SDP,NL,0,1,0,54.00,1,0,0,0,0,0,0.1,2,5,2,0,2,0,0,0,0,0,6,16,21.16,12,54,0,54,0,0
49,Buddy Baumann*,30,NYM,NL,0,1,0,24.00,3,0,1,0,0,0,3,7,8,8,1,5,2,4,0,0,0,21,18,9.82,4,21,3,15,12,0.8
50,Gerson Bautista,23,NYM,NL,0,1,0,12.46,5,0,5,0,0,0,4.1,8,6,6,2,5,0,3,0,0,1,25,33,11.23,3,16.6,4.2,10.4,6.2,0.6
51,Chris Beck,27,TOT,MLB,0,0,,4.50,20,0,9,0,0,1,34,34,17,17,8,20,0,21,1,0,1,148,91,6.83,1.588,9,2.1,5.3,5.6,1.05
52,Chris Beck,27,CHW,AL,0,0,,4.18,14,0,8,0,0,1,23.2,24,11,11,5,11,0,16,1,0,1,102,99,6.07,1.479,9.1,1.9,4.2,6.1,1.45
53,Chris Beck,27,NYM,NL,0,0,,5.23,6,0,1,0,0,0,10.1,10,6,6,3,9,0,5,0,0,0,46,76,8.58,1.839,8.7,2.6,7.8,4.4,0.56
54,Cam Bedrosian,26,LAA,AL,3,2,0.6,3.71,48,0,6,0,0,1,43.2,45,19,18,5,19,0,39,1,0,1,188,111,4.23,1.466,9.3,1,3.9,8,2.05
55,Tyler Beede,25,SFG,NL,0,1,0,8.22,2,2,0,0,0,0,7.2,9,7,7,0,8,0,9,1,0,0,40,51,4.33,2.217,10.6,0,9.4,10.6,1.13
56,Jalen Beeks*,24,BOS,AL,0,1,0,12.79,2,1,0,0,0,0,6.1,11,9,9,1,4,0,5,1,0,0,34,36,6,2.368,15.6,1.4,5.7,7.1,1.25
57,Matt Belisle,38,TOT,AL,0,0,,6.66,23,0,9,0,0,0,25.2,33,19,19,3,5,0,19,2,0,1,115,67,4.02,1.481,11.6,1.1,1.8,6.7,3.8
58,Matt Belisle,38,CLE,AL,0,0,,5.06,8,0,3,0,0,0,10.2,9,6,6,1,1,0,4,2,0,1,44,90,4.47,0.938,7.6,0.8,0.8,3.4,4
59,Matt Belisle,38,MIN,AL,0,0,,7.80,15,0,6,0,0,0,15,24,13,13,2,4,0,15,0,0,0,71,56,3.69,1.867,14.4,1.2,2.4,9,3.75
60,Jeff Beliveau*,31,CLE,AL,0,0,,11.57,9,0,2,0,0,1,4.2,7,6,6,2,5,0,2,1,0,0,26,41,11.73,2.571,13.5,3.9,9.6,3.9,0.4
61,Chad Bell*,29,DET,AL,0,1,0,8.59,3,0,0,0,0,0,7.1,14,7,7,1,2,1,7,0,0,0,36,53,3.84,2.182,17.2,1.2,2.5,8.6,3.5
62,Christian Bergman,30,SEA,AL,0,1,0,3.97,2,2,0,0,0,0,11.1,8,5,5,2,2,0,5,0,0,0,44,104,5.1,0.882,6.4,1.6,1.6,4,2.5
63,Jose Berrios,24,MIN,AL,9,7,0.563,3.68,20,20,0,2,1,0,127.1,100,52,52,17,29,0,127,9,0,2,510,117,3.79,1.013,7.1,1.2,2,9,4.38
64,Dellin Betances,30,NYY,AL,1,3,0.25,2.55,41,0,6,0,0,0,42.1,24,13,12,4,19,1,74,3,0,3,170,169,2.45,1.016,5.1,0.9,4,15.7,3.89
65,Chad Bettis,29,COL,NL,5,1,0.833,5.10,17,17,0,0,0,0,95.1,95,54,54,15,38,3,69,4,1,3,409,93,5.08,1.395,9,1.4,3.6,6.5,1.82
66,Joe Biagini,28,TOR,AL,1,5,0.167,6.20,27,4,2,0,0,0,45,61,33,31,10,14,0,34,3,0,4,208,68,5.67,1.667,12.2,2,2.8,6.8,2.43
67,Austin Bibens-Dirkx,33,TEX,AL,2,2,0.5,5.92,7,6,0,0,0,0,38,49,27,25,6,10,0,26,5,0,1,172,79,5.03,1.553,11.6,1.4,2.4,6.2,2.6
68,Jesse Biddle*,26,ATL,NL,2,0,1,2.68,31,0,9,0,0,0,37,26,12,11,4,17,4,40,1,0,0,150,148,3.86,1.162,6.3,1,4.1,9.7,2.35
69,Shane Bieber,23,CLE,AL,5,1,0.833,3.53,7,7,0,0,0,0,43.1,50,18,17,4,8,0,42,2,0,2,183,126,3.11,1.338,10.4,0.8,1.7,8.7,5.25
70,Ty Blach*,27,SFG,NL,6,6,0.5,4.55,30,12,7,0,0,0,87,105,48,44,5,30,2,49,1,1,0,383,87,3.85,1.552,10.9,0.5,3.1,5.1,1.63
71,Ray Black,28,SFG,NL,0,0,,5.06,6,0,1,0,0,0,5.1,1,3,3,1,4,0,7,0,0,0,20,84,5.22,0.938,1.7,1.7,6.8,11.8,1.75
72,Paul Blackburn,24,OAK,AL,2,3,0.4,7.16,6,6,0,0,0,0,27.2,33,23,22,2,6,0,19,2,0,1,119,58,3.59,1.41,10.7,0.7,2,6.2,3.17
73,Alex Blandino,25,CIN,NL,0,0,,0.00,1,0,1,0,0,0,1,1,0,0,0,0,0,2,0,0,1,4,,-0.84,1,9,0,0,18,
74,Jeremy Bleich*,31,OAK,AL,0,0,,54.00,2,0,0,0,0,0,0.1,2,2,2,0,0,0,1,1,0,0,4,16,6.16,6,54,0,0,27,
75,Richard Bleier*,31,BAL,AL,3,0,1,1.93,31,0,4,0,0,0,32.2,36,7,7,0,4,1,15,1,0,1,133,216,2.7,1.224,9.9,0,1.1,4.1,3.75
76,Jerry Blevins*,34,NYM,NL,1,1,0.5,5.01,38,1,4,0,0,0,23.1,22,13,13,4,14,0,21,3,0,0,106,77,5.77,1.543,8.5,1.5,5.4,8.1,1.5
77,Ryan Borucki*,24,TOR,AL,0,1,0,3.52,4,4,0,0,0,0,23,27,12,9,0,10,1,21,0,0,1,104,121,2.64,1.609,10.6,0,3.9,8.2,2.1
78,Matthew Bowman,27,STL,NL,0,2,0,6.26,22,0,5,0,0,0,23,29,16,16,4,11,3,26,1,0,1,109,64,4.72,1.739,11.3,1.6,4.3,10.2,2.36
79,Brad Boxberger,30,ARI,NL,1,3,0.25,2.97,39,0,31,0,0,24,36.1,25,15,12,6,18,2,49,1,0,2,152,150,4.18,1.183,6.2,1.5,4.5,12.1,2.72
80,Matt Boyd*,27,DET,AL,4,9,0.308,4.62,19,19,0,0,0,0,103.1,86,54,53,12,38,0,93,7,1,4,434,95,4.17,1.2,7.5,1,3.3,8.1,2.45
81,Blaine Boyer,36,KCR,AL,2,0,1,11.76,20,0,8,0,0,1,20.2,31,31,27,6,12,3,9,0,0,0,104,37,7.8,2.081,13.5,2.6,5.2,3.9,0.75
82,Brad Brach,32,BAL,AL,1,2,0.333,4.97,41,0,23,0,0,10,38,48,23,21,4,18,1,38,0,0,1,180,83,3.95,1.737,11.4,0.9,4.3,9,2.11
83,Silvino Bracho,25,ARI,NL,2,0,1,2.04,18,0,6,0,0,0,17.2,9,4,4,0,5,0,23,3,0,2,69,221,1.91,0.792,4.6,0,2.5,11.7,4.6
84,Chase Bradford,28,SEA,AL,5,0,1,2.65,32,0,9,0,0,0,37.1,31,11,11,6,8,0,28,3,0,0,150,152,4.63,1.045,7.5,1.4,1.9,6.8,3.5
85,Archie Bradley,25,ARI,NL,2,2,0.5,3.11,48,0,5,0,0,3,46.1,34,17,16,6,14,0,44,0,1,1,184,143,3.85,1.036,6.6,1.2,2.7,8.5,3.14
86,Ryan Brasier,30,BOS,AL,0,0,,0.00,6,0,2,0,0,0,7,3,0,0,0,2,0,6,0,0,0,25,,2.3,0.714,3.9,0,2.6,7.7,3
87,Steven Brault*,26,PIT,NL,5,2,0.714,4.82,29,5,5,0,0,0,65.1,57,36,35,6,40,3,59,6,0,8,290,83,4.66,1.485,7.9,0.8,5.5,8.1,1.48
88,John Brebbia,28,STL,NL,1,3,0.25,4.05,28,0,15,0,0,2,33.1,32,15,15,3,9,2,36,0,0,1,141,98,2.98,1.23,8.6,0.8,2.4,9.7,4
89,Colten Brewer,25,SDP,NL,0,0,,0.00,4,0,3,0,0,0,3,5,4,0,0,2,0,3,0,0,0,16,,3.16,2.333,15,0,6,9,1.5
90,Austin Brice,26,CIN,NL,2,2,0.5,5.63,29,0,7,0,0,0,32,35,22,20,6,11,5,29,2,0,0,139,74,5,1.438,9.8,1.7,3.1,8.2,2.64
91,Parker Bridwell,26,LAA,AL,0,0,,32.40,1,1,0,0,0,0,1.2,7,6,6,3,0,0,0,0,0,0,12,15,26.56,4.2,37.8,16.2,0,0,
92,Zach Britton*,30,BAL,AL,1,0,1,3.45,16,0,11,0,0,4,15.2,11,6,6,1,10,0,13,1,0,2,63,122,4.43,1.34,6.3,0.6,5.7,7.5,1.3
93,Rex Brothers*,30,ATL,NL,0,0,,inf,1,0,0,0,0,0,0,0,1,1,0,2,0,0,0,0,0,2,17,,,,,,,0
94,Clay Buchholz,33,ARI,NL,2,1,0.667,2.56,7,7,0,0,0,0,38.2,30,12,11,4,7,0,31,1,0,1,153,174,3.52,0.957,7,0.9,1.6,7.2,4.43
95,Ryan Buchter*,31,OAK,AL,2,0,1,2.21,26,0,1,0,0,0,20.1,19,7,5,1,7,1,22,0,0,1,86,187,2.67,1.279,8.4,0.4,3.1,9.7,3.14
96,Walker Buehler,23,LAD,NL,4,2,0.667,3.45,11,10,0,0,0,0,57.1,49,23,22,5,13,0,59,2,0,3,233,114,3.02,1.081,7.7,0.8,2,9.3,4.54
97,Madison Bumgarner*,28,SFG,NL,3,3,0.5,3.19,9,9,0,0,0,0,53.2,44,20,19,5,23,2,46,1,0,1,227,125,4,1.248,7.4,0.8,3.9,7.7,2
98,Aaron Bummer*,24,CHW,AL,0,1,0,3.26,26,0,8,0,0,0,19.1,27,11,7,0,6,0,21,1,0,4,91,127,2.07,1.707,12.6,0,2.8,9.8,3.5
99,Dylan Bundy,25,BAL,AL,6,9,0.4,4.57,19,19,0,1,0,0,108.1,106,62,55,23,35,1,116,4,1,4,462,90,4.86,1.302,8.8,1.9,2.9,9.6,3.31
100,Corbin Burnes,23,MIL,NL,1,0,1,0.00,3,0,2,0,0,1,6,2,0,0,0,2,1,8,0,0,1,21,,1.49,0.667,3,0,3,12,4
101,Alan Busenitz,27,MIN,AL,3,0,1,6.23,11,0,5,0,0,0,13,19,10,9,3,7,0,15,2,0,0,65,71,5.93,2,13.2,2.1,4.8,10.4,2.14
102,Matt Bush,32,TEX,AL,0,0,,4.70,21,0,6,0,0,0,23,23,13,12,3,14,0,19,2,0,1,108,100,5.29,1.609,9,1.2,5.5,7.4,1.36
103,Drew Butera,34,KCR,AL,0,0,,54.00,1,0,1,0,0,0,0.1,2,2,2,0,3,0,0,0,0,0,6,16,30.16,15,54,0,81,0,0
104,Eddie Butler,27,CHC,NL,0,1,0,4.30,6,0,2,0,0,0,14.2,12,9,7,1,5,0,10,0,0,1,61,102,3.7,1.159,7.4,0.6,3.1,6.1,2
105,Trevor Cahill,30,OAK,AL,1,2,0.333,2.95,10,10,0,0,0,0,58,42,20,19,5,17,0,55,2,0,7,226,139,3.36,1.017,6.5,0.8,2.6,8.5,3.24
106,Victor Caratini,24,CHC,NL,0,0,,9.00,2,0,0,0,0,0,2,3,2,2,1,0,0,0,0,0,0,8,56,9.66,1.5,13.5,4.5,0,0,
107,Shane Carle,26,ATL,NL,4,1,0.8,2.68,40,0,7,0,0,0,50.1,40,17,15,2,18,4,39,0,0,2,203,147,3.2,1.152,7.2,0.4,3.2,7,2.17
108,Ryan Carpenter*,27,DET,AL,0,1,0,6.39,4,3,0,0,0,0,12.2,17,10,9,4,3,0,7,2,0,0,60,70,7.34,1.579,12.1,2.8,2.1,5,2.33
109,Carlos Carrasco,31,CLE,AL,12,5,0.706,4.03,19,18,0,2,0,0,109.1,102,50,49,14,24,4,120,5,0,3,445,110,3.42,1.152,8.4,1.2,2,9.9,5
110,Andrew Cashner,31,BAL,AL,2,9,0.182,4.40,19,19,0,0,0,0,106.1,116,56,52,16,44,3,83,1,0,2,464,94,4.82,1.505,9.8,1.4,3.7,7,1.89
111,Santiago Casilla,37,OAK,AL,0,0,,3.16,26,0,12,0,0,1,31.1,18,11,11,0,20,0,22,4,0,4,132,130,4.05,1.213,5.2,0,5.7,6.3,1.1
112,Diego Castillo,24,TBR,AL,1,1,0.5,4.09,20,0,1,0,0,0,22,15,11,10,1,11,0,24,1,1,2,91,98,3.2,1.182,6.1,0.4,4.5,9.8,2.18
113,Jose Castillo*,22,SDP,NL,1,2,0.333,2.84,13,0,3,0,0,0,12.2,6,4,4,1,4,0,18,1,0,1,48,144,2.53,0.789,4.3,0.7,2.8,12.8,4.5
114,Luis Castillo,25,CIN,NL,5,8,0.385,5.30,21,21,0,0,0,0,108.2,112,67,64,19,36,1,101,3,2,1,467,78,4.65,1.362,9.3,1.6,3,8.4,2.81
115,Miguel Castro,23,BAL,AL,2,5,0.286,3.32,41,1,8,0,0,0,59.2,48,24,22,3,36,6,38,4,3,5,257,125,4.55,1.408,7.2,0.5,5.4,5.7,1.06
116,Brett Cecil*,31,STL,NL,0,1,0,5.70,27,0,4,0,0,0,23.2,29,17,15,2,18,2,14,0,0,1,113,70,5.36,1.986,11,0.8,6.8,5.3,0.78
117,Xavier Cedeno*,31,CHW,AL,0,0,,1.35,17,0,2,0,0,0,13.1,6,3,2,0,8,0,16,0,0,1,52,310,2.56,1.05,4.1,0,5.4,10.8,2
118,Luis Cessa,26,NYY,AL,1,1,0.5,3.00,6,2,3,0,0,0,15,11,5,5,1,8,0,13,0,0,2,61,146,3.89,1.267,6.6,0.6,4.8,7.8,1.63
119,Jhoulys Chacin,30,MIL,NL,9,3,0.75,3.58,22,22,0,0,0,0,120.2,100,52,48,9,47,1,97,8,0,2,509,117,3.89,1.218,7.5,0.7,3.5,7.2,2.06
120,Andrew Chafin*,28,ARI,NL,1,3,0.25,1.51,49,0,8,0,0,0,35.2,24,7,6,0,16,1,36,2,0,3,145,294,2.65,1.121,6.1,0,4,9.1,2.25
121,Aroldis Chapman*,30,NYY,AL,3,0,1,2.03,42,0,36,0,0,26,40,18,9,9,1,19,0,68,4,0,9,159,213,1.81,0.925,4.1,0.2,4.3,15.3,3.58
122,J.T. Chargois,27,LAD,NL,2,2,0.5,3.91,26,0,3,0,0,0,23,18,10,10,3,12,2,31,1,0,3,97,102,3.85,1.304,7,1.2,4.7,12.1,2.58
123,Tyler Chatwood,28,CHC,NL,4,5,0.444,4.84,18,18,0,0,0,0,89.1,77,49,48,8,79,1,78,6,0,6,416,89,5.43,1.746,7.8,0.8,8,7.9,0.99
124,Jesse Chavez,34,TOT,MLB,3,1,0.75,3.34,32,0,16,0,0,1,59.1,58,23,22,10,12,1,53,0,0,1,243,139,4.17,1.18,8.8,1.5,1.8,8,4.42
125,Jesse Chavez,34,TEX,AL,3,1,0.75,3.51,30,0,15,0,0,1,56.1,58,23,22,10,12,1,50,0,0,1,234,132,4.33,1.243,9.3,1.6,1.9,8,4.17
126,Jesse Chavez,34,CHC,NL,0,0,,0.00,2,0,1,0,0,0,3,0,0,0,0,0,0,3,0,0,0,9,,1.16,0,0,0,0,9,
127,Wei-Yin Chen*,32,MIA,NL,2,7,0.222,5.75,15,15,0,0,0,0,72,80,47,46,11,28,5,57,1,1,2,320,65,4.77,1.5,10,1.4,3.5,7.1,2.04
128,Yonny Chirinos,24,TBR,AL,0,1,0,3.71,6,5,1,0,0,0,26.2,25,11,11,2,9,0,24,4,0,2,115,108,3.8,1.275,8.4,0.7,3,8.1,2.67
129,Adam Cimber,27,TOT,MLB,3,5,0.375,3.12,43,0,10,0,0,0,49,43,19,17,2,10,3,51,2,0,0,194,129,2.34,1.082,7.9,0.4,1.8,9.4,5.1
130,Adam Cimber,27,SDP,NL,3,5,0.375,3.17,42,0,10,0,0,0,48.1,42,19,17,2,10,3,51,2,0,0,192,126,2.33,1.076,7.8,0.4,1.9,9.5,5.1
131,Adam Cimber,27,CLE,AL,0,0,,0.00,1,0,0,0,0,0,0.2,1,0,0,0,0,0,0,0,0,0,2,,3.16,1.5,13.5,0,0,0,
132,Tony Cingrani*,28,LAD,NL,1,2,0.333,4.84,28,0,1,0,0,0,22.1,17,12,12,2,6,1,36,2,1,1,91,82,2.17,1.03,6.9,0.8,2.4,14.5,6
133,Steve Cishek,32,CHC,NL,2,1,0.667,1.99,48,0,6,0,0,3,45.1,31,12,10,2,18,3,49,5,0,0,186,218,3.09,1.081,6.2,0.4,3.6,9.7,2.72
134,Alex Claudio*,26,TEX,AL,4,2,0.667,4.64,40,0,13,0,0,1,42.2,63,23,22,2,8,3,25,2,1,0,193,100,3.3,1.664,13.3,0.4,1.7,5.3,3.13
135,Mike Clevinger,27,CLE,AL,7,6,0.538,3.43,20,20,0,1,1,0,128.2,115,51,49,10,44,0,125,2,0,1,526,129,3.3,1.236,8,0.7,3.1,8.7,2.84
136,Tyler Clippard,33,TOR,AL,4,3,0.571,3.61,50,0,19,0,0,7,47.1,37,20,19,9,16,0,56,2,0,5,193,117,4.4,1.12,7,1.7,3,10.6,3.5
137,Tyler Cloyd,31,MIA,NL,0,0,,8.66,7,0,4,0,0,0,17.2,25,17,17,3,10,2,13,1,0,1,87,44,5.76,1.981,12.7,1.5,5.1,6.6,1.3
138,Alex Cobb,30,BAL,AL,2,13,0.133,6.17,18,18,0,0,0,0,97.2,125,75,67,17,28,4,67,4,1,2,442,67,5.03,1.567,11.5,1.6,2.6,6.2,2.39
139,A.J. Cole,26,TOT,MLB,3,1,0.75,4.94,16,2,9,0,0,0,31,28,17,17,7,12,0,36,0,0,1,130,88,4.93,1.29,8.1,2,3.5,10.5,3
140,A.J. Cole,26,WSN,NL,1,1,0.5,13.06,4,2,1,0,0,0,10.1,16,15,15,6,6,0,10,0,0,0,53,33,10.51,2.129,13.9,5.2,5.2,8.7,1.67
141,A.J. Cole,26,NYY,AL,2,0,1,0.87,12,0,8,0,0,0,20.2,12,2,2,1,6,0,26,0,0,1,77,500,2.14,0.871,5.2,0.4,2.6,11.3,4.33
142,Gerrit Cole,27,HOU,AL,10,2,0.833,2.52,20,20,0,1,1,0,128.1,81,39,36,14,45,0,177,5,0,6,503,153,2.99,0.982,5.7,1,3.2,12.4,3.93
143,Taylor Cole,28,LAA,AL,0,2,0,2.25,6,0,3,0,0,0,12,7,3,3,1,4,0,13,0,0,0,43,187,3.07,0.917,5.3,0.8,3,9.8,3.25
144,Louis Coleman,32,DET,AL,3,1,0.75,3.77,28,0,3,0,0,0,28.2,27,13,12,3,14,1,29,3,0,0,124,117,4.27,1.43,8.5,0.9,4.4,9.1,2.07
145,Tim Collins*,28,WSN,NL,0,0,,2.77,17,0,2,0,0,0,13,14,4,4,2,6,0,8,0,0,0,55,156,5.31,1.538,9.7,1.4,4.2,5.5,1.33
146,Alex Colome,29,TOT,AL,2,5,0.286,3.95,44,0,23,0,0,12,41,41,20,18,4,13,2,42,3,1,7,180,102,3.55,1.317,9,0.9,2.9,9.2,3.23
147,Alex Colome,29,TBR,AL,2,5,0.286,4.15,23,0,21,0,0,11,21.2,24,12,10,1,8,1,23,0,0,4,97,97,2.74,1.477,10,0.4,3.3,9.6,2.88
148,Alex Colome,29,SEA,AL,0,0,,3.72,21,0,2,0,0,1,19.1,17,8,8,3,5,1,19,3,1,3,83,109,4.45,1.138,7.9,1.4,2.3,8.8,3.8
149,Bartolo Colon,45,TEX,AL,5,8,0.385,4.85,20,18,1,1,0,0,111.1,120,62,60,22,18,1,64,2,0,1,466,95,5.12,1.24,9.7,1.8,1.5,5.2,3.56
150,Adam Conley*,28,MIA,NL,3,1,0.75,2.73,26,0,1,0,0,1,26.1,14,9,8,3,9,1,31,1,0,1,102,138,3.42,0.873,4.8,1,3.1,10.6,3.44
151,P.J. Conlon*,24,NYM,NL,0,0,,8.22,3,2,1,0,0,0,7.2,15,7,7,2,2,0,5,0,0,0,38,49,6.03,2.217,17.6,2.3,2.3,5.9,2.5
152,Ryan Cook,31,SEA,AL,1,1,0.5,6.75,11,0,2,0,0,0,9.1,9,7,7,3,6,1,14,1,0,0,44,61,6.59,1.607,8.7,2.9,5.8,13.5,2.33
153,Scott Copeland,30,NYM,NL,0,0,,0.00,1,0,0,0,0,0,1.1,1,0,0,0,0,0,2,0,0,0,5,,0.16,0.75,6.8,0,0,13.5,
154,Patrick Corbin*,28,ARI,NL,7,4,0.636,3.13,21,21,0,1,1,0,129.1,100,45,45,11,35,2,158,3,0,5,516,141,2.7,1.044,7,0.8,2.4,11,4.51
155,Daniel Corcino,27,LAD,NL,0,0,,2.25,2,0,2,0,0,1,4,2,2,1,0,3,0,1,1,0,1,18,191,5.66,1.25,4.5,0,6.8,2.3,0.33
156,Nestor Cortes*,23,BAL,AL,0,0,,7.71,4,0,3,0,0,0,4.2,10,4,4,2,4,0,3,0,0,0,26,58,10.02,3,19.3,3.9,7.7,5.8,0.75
157,Danny Coulombe*,28,OAK,AL,1,1,0.5,4.56,26,0,3,0,0,0,23.2,23,13,12,5,11,0,26,0,0,2,97,91,5.1,1.437,8.7,1.9,4.2,9.9,2.36
158,Dylan Covey,26,CHW,AL,4,5,0.444,4.95,12,12,0,0,0,0,63.2,67,42,35,6,28,1,48,2,0,2,284,83,4.29,1.492,9.5,0.8,4,6.8,1.71
159,Kyle Crick,25,PIT,NL,1,1,0.5,1.93,39,0,8,0,0,2,37.1,28,10,8,1,16,3,39,0,2,6,158,208,2.7,1.179,6.8,0.2,3.9,9.4,2.44
160,Kyle Crockett*,26,CIN,NL,1,0,1,4.91,14,0,1,0,0,0,7.1,10,6,4,0,2,1,9,0,0,1,35,88,1.52,1.636,12.3,0,2.5,11,4.5
161,Rhiner Cruz,31,TOR,AL,0,0,,2.70,2,0,1,0,0,0,3.1,3,1,1,0,2,0,4,0,0,1,15,172,2.56,1.5,8.1,0,5.4,10.8,2
162,Johnny Cueto,32,SFG,NL,3,1,0.75,2.76,8,8,0,0,0,0,49,38,15,15,8,13,0,38,5,0,2,196,145,4.83,1.041,7,1.5,2.4,7,2.92
163,William Cuevas,27,BOS,AL,0,0,,4.50,1,0,1,0,0,0,2,2,1,1,1,0,0,0,0,0,0,8,115,9.66,1,9,4.5,0,0,
164,Zac Curtis*,25,PHI,NL,0,0,,1.86,7,0,4,0,0,0,9.2,6,2,2,0,10,1,10,1,0,0,44,230,4.5,1.655,5.6,0,9.3,9.3,1
165,John Curtiss,25,MIN,AL,0,1,0,40.50,2,0,1,0,0,0,0.2,2,3,3,0,2,1,1,0,0,2,6,16,9.16,6,27,0,27,13.5,0.5
166,Yu Darvish,31,CHC,NL,1,3,0.25,4.95,8,8,0,0,0,0,40,36,24,22,7,21,0,49,4,1,2,180,87,4.86,1.425,8.1,1.6,4.7,11,2.33
167,Matt Davidson,27,CHW,AL,0,0,,0.00,1,0,1,0,0,0,1,0,0,0,0,0,0,1,0,0,0,3,,1.16,0,0,0,0,9,
168,Zach Davies,25,MIL,NL,2,5,0.286,5.23,8,8,0,0,0,0,43,45,26,25,7,17,3,31,4,0,0,190,80,5.3,1.442,9.4,1.5,3.6,6.5,1.82
169,Austin Davis*,25,PHI,NL,1,0,1,2.93,13,0,3,0,0,0,15.1,13,5,5,0,5,0,21,2,1,1,64,144,1.79,1.174,7.6,0,2.9,12.3,4.2
170,J.D. Davis,25,HOU,AL,0,0,,9.00,1,0,1,0,0,0,1,1,1,1,1,0,0,1,0,0,0,4,60,14.16,1,9,9,0,9,
171,Wade Davis,32,COL,NL,0,2,0,3.63,42,0,38,0,0,28,39.2,25,17,16,4,20,0,44,2,0,5,161,132,3.91,1.134,5.7,0.9,4.5,10,2.2
172,Jorge De La Rosa*,37,ARI,NL,0,2,0,4.72,41,0,7,0,0,0,34.1,36,19,18,6,18,3,26,1,2,2,154,94,5.58,1.573,9.4,1.6,4.7,6.8,1.44
173,Enyel De Los Santos,22,PHI,NL,1,0,1,6.75,2,2,0,0,0,0,10.2,12,8,8,2,4,0,8,1,0,1,47,63,5.5,1.5,10.1,1.7,3.4,6.8,2
174,Jacob deGrom,30,NYM,NL,5,5,0.5,1.71,20,20,0,0,0,0,131.1,95,29,25,7,32,3,159,5,0,0,516,222,2.27,0.967,6.5,0.5,2.2,10.9,4.97
175,Randall Delgado,28,ARI,NL,2,0,1,5.14,6,0,0,0,0,0,7,7,4,4,2,3,0,2,0,0,0,31,90,7.59,1.429,9,2.6,3.9,2.6,0.67
176,Daniel Descalso,31,ARI,NL,0,0,,8.10,2,0,1,0,0,0,3.1,4,3,3,2,1,0,2,0,0,0,15,60,10.66,1.5,10.8,5.4,2.7,5.4,2
177,Anthony DeSclafani,28,CIN,NL,4,3,0.571,5.40,9,9,0,0,0,0,48.1,49,30,29,14,15,1,41,1,0,1,205,77,6.22,1.324,9.1,2.6,2.8,7.6,2.73
178,Odrisamer Despaigne,31,MIA,NL,2,0,1,5.31,11,1,2,0,0,0,20.1,22,16,12,1,8,1,18,1,0,0,91,71,3.35,1.475,9.7,0.4,3.5,8,2.25
179,Chris Devenski,27,HOU,AL,2,2,0.5,3.03,41,0,5,0,0,2,38.2,31,13,13,5,10,1,44,3,0,1,156,129,3.57,1.06,7.2,1.2,2.3,10.2,4.4
180,Edwin Diaz,24,SEA,AL,0,2,0,2.20,49,0,43,0,0,37,49,25,12,12,2,14,0,80,4,1,3,185,182,1.53,0.796,4.6,0.4,2.6,14.7,5.71
181,Miguel Diaz,23,SDP,NL,0,0,,0.00,1,0,0,0,0,0,2,1,0,0,0,0,0,5,0,0,1,8,,-1.84,0.5,4.5,0,0,22.5,
182,Jake Diekman*,31,TEX,AL,1,1,0.5,3.28,43,0,8,0,0,2,35.2,31,14,13,2,20,1,42,2,0,0,157,142,3.38,1.43,7.8,0.5,5,10.6,2.1
183,Seranthony Dominguez,23,PHI,NL,1,3,0.25,2.10,30,0,12,0,0,9,34.1,17,8,8,1,9,1,44,2,0,6,130,199,1.93,0.757,4.5,0.3,2.4,11.5,4.89
184,Sean Doolittle*,31,WSN,NL,3,2,0.6,1.45,35,0,31,0,0,22,37.1,17,6,6,3,3,1,49,2,0,0,132,294,1.98,0.536,4.1,0.7,0.7,11.8,16.33
185,Oliver Drake,31,TOT,MLB,1,1,0.5,7.01,23,0,9,0,0,0,25.2,36,20,20,2,10,1,27,1,0,2,120,62,3.35,1.792,12.6,0.7,3.5,9.5,2.7
186,Oliver Drake,31,TOT,AL,0,1,0,7.62,12,0,6,0,0,0,13,22,11,11,2,2,0,12,1,0,0,62,58,4,1.846,15.2,1.4,1.4,8.3,6
187,Oliver Drake,31,MIL,NL,1,0,1,6.39,11,0,3,0,0,0,12.2,14,9,9,0,8,1,15,0,0,2,58,67,2.68,1.737,9.9,0,5.7,10.7,1.88
188,Oliver Drake,31,CLE,AL,0,0,,12.46,4,0,0,0,0,0,4.1,7,6,6,0,1,0,4,1,0,0,22,38,2.7,1.846,14.5,0,2.1,8.3,4
189,Oliver Drake,31,LAA,AL,0,1,0,5.19,8,0,6,0,0,0,8.2,15,5,5,2,1,0,8,0,0,0,40,82,4.66,1.846,15.6,2.1,1,8.3,8
190,Brian Duensing*,35,CHC,NL,3,0,1,6.68,40,0,5,0,0,1,31,30,24,23,4,24,2,20,1,0,0,145,65,5.96,1.742,8.7,1.2,7,5.8,0.83
191,Tyler Duffey,27,MIN,AL,1,1,0.5,6.35,7,0,3,0,0,0,11.1,14,9,8,4,1,0,8,0,0,1,50,69,6.6,1.324,11.1,3.2,0.8,6.4,8
192,Danny Duffy*,29,KCR,AL,6,8,0.429,4.40,21,21,0,0,0,0,120.2,118,61,59,19,56,1,107,3,0,10,531,97,4.9,1.442,8.8,1.4,4.2,8,1.91
193,Zach Duke*,35,MIN,AL,3,4,0.429,3.75,44,0,8,0,0,0,36,43,19,15,0,15,4,37,5,0,3,173,115,2.77,1.611,10.8,0,3.8,9.3,2.47
194,Ryan Dull,28,OAK,AL,0,0,,6.00,20,0,3,0,0,0,18,21,12,12,3,5,0,17,0,0,3,76,69,4.27,1.444,10.5,1.5,2.5,8.5,3.4
195,Mike Dunn*,33,COL,NL,0,0,,9.00,25,0,6,0,0,0,17,22,17,17,1,18,0,12,0,0,1,83,54,5.69,2.353,11.6,0.5,9.5,6.4,0.67
196,Sam Dyson,30,SFG,NL,2,2,0.5,3.00,48,0,13,0,0,3,48,37,18,16,4,15,1,37,1,0,1,186,133,3.7,1.083,6.9,0.8,2.8,6.9,2.47
197,Carl Edwards,26,CHC,NL,2,1,0.667,3.03,31,0,1,0,0,0,29.2,22,10,10,2,13,1,48,0,0,2,124,143,2.11,1.18,6.7,0.6,3.9,14.6,3.69
198,Zach Eflin,24,PHI,NL,7,2,0.778,3.41,13,13,0,0,0,0,71.1,65,30,27,9,17,0,68,2,0,2,295,122,3.69,1.15,8.2,1.1,2.1,8.6,4
199,Roenis Elias*,29,SEA,AL,2,0,1,2.66,11,0,7,0,0,0,20.1,16,7,6,0,7,1,12,1,0,2,81,153,3.16,1.131,7.1,0,3.1,5.3,1.71
200,Nathan Eovaldi,28,TBR,AL,3,4,0.429,4.26,10,10,0,0,0,0,57,48,27,27,11,8,1,53,1,0,1,224,93,4.28,0.982,7.6,1.7,1.3,8.4,6.63
201,Robbie Erlin*,27,SDP,NL,1,3,0.25,3.70,28,2,8,0,0,0,56,51,25,23,7,6,0,47,0,0,1,216,108,3.43,1.018,8.2,1.1,1,7.6,7.83
202,Marco Estrada,34,TOR,AL,4,7,0.364,4.72,17,17,0,0,0,0,89.2,93,48,47,15,25,0,70,0,0,1,377,89,4.61,1.316,9.3,1.5,2.5,7,2.8
203,Jeurys Familia,28,TOT,MLB,5,4,0.556,2.74,41,0,30,0,0,17,42.2,37,13,13,1,14,1,44,2,0,1,177,142,2.53,1.195,7.8,0.2,3,9.3,3.14
204,Jeurys Familia,28,NYM,NL,4,4,0.5,2.88,40,0,29,0,0,17,40.2,36,13,13,1,14,1,43,2,0,1,171,133,2.54,1.23,8,0.2,3.1,9.5,3.07
205,Jeurys Familia,28,OAK,AL,1,0,1,0.00,1,0,1,0,0,0,2,1,0,0,0,0,0,1,0,0,0,6,,2.16,0.5,4.5,0,0,4.5,
206,Jake Faria,24,TBR,AL,3,3,0.5,5.48,10,10,0,0,0,0,47.2,41,29,29,7,22,1,37,3,0,2,203,73,5.09,1.322,7.7,1.3,4.2,7,1.68
207,Buck Farmer,27,DET,AL,3,3,0.5,4.57,46,0,7,0,0,0,43.1,47,24,22,6,27,1,41,1,0,1,198,96,5,1.708,9.8,1.2,5.6,8.5,1.52
208,Danny Farquhar,31,CHW,AL,1,1,0.5,5.63,8,0,0,0,0,0,8,6,5,5,3,0,0,9,0,0,1,29,76,5.78,0.75,6.8,3.4,0,10.1,
209,Luke Farrell,27,CHC,NL,3,4,0.429,5.17,20,2,8,0,0,0,31.1,30,22,18,7,16,2,39,1,0,1,141,84,5.2,1.468,8.6,2,4.6,11.2,2.44
210,Erick Fedde,25,WSN,NL,1,3,0.25,5.79,6,6,0,0,0,0,28,37,18,18,5,9,1,19,0,0,0,121,74,5.09,1.643,11.9,1.6,2.9,6.1,2.11
211,Michael Feliz,25,PIT,NL,0,2,0,5.35,38,0,6,0,0,0,38.2,40,25,23,5,18,0,46,1,1,0,173,75,3.93,1.5,9.3,1.2,4.2,10.7,2.56
212,Caleb Ferguson*,21,LAD,NL,2,1,0.667,3.71,9,3,4,0,0,2,26.2,21,13,11,3,8,0,32,3,0,0,111,107,3.46,1.088,7.1,1,2.7,10.8,4
213,Matt Festa,25,SEA,AL,0,0,,0.00,1,0,0,0,0,0,0.2,2,0,0,0,0,0,0,0,0,1,4,,3.16,3,27,0,0,0,
214,Johnny Field,26,TBR,AL,0,0,,0.00,1,0,1,0,0,0,1,0,0,0,0,1,0,0,0,0,0,4,,6.16,1,0,0,9,0,0
215,Josh Fields,32,LAD,NL,2,2,0.5,2.36,37,0,8,0,0,2,34.1,23,9,9,4,9,1,28,0,0,0,129,168,3.83,0.932,6,1,2.4,7.3,3.11
216,Mike Fiers,33,DET,AL,7,6,0.538,3.49,19,19,0,0,0,0,111,114,46,43,18,24,1,82,5,0,2,470,126,4.57,1.243,9.2,1.5,1.9,6.6,3.42
217,Heath Fillmyer,24,KCR,AL,0,1,0,2.82,6,2,2,0,0,0,22.1,18,9,7,2,10,0,13,0,0,2,90,153,4.5,1.254,7.3,0.8,4,5.2,1.3
218,Brandon Finnegan*,25,CIN,NL,0,3,0,7.40,5,5,0,0,0,0,20.2,27,20,17,5,15,2,14,0,0,1,103,57,7.13,2.032,11.8,2.2,6.5,6.1,0.93
219,Doug Fister,34,TEX,AL,1,7,0.125,4.50,12,12,0,0,0,0,66,73,40,33,11,19,0,40,6,0,1,289,103,5.25,1.394,10,1.5,2.6,5.5,2.11
220,Jack Flaherty,22,STL,NL,4,4,0.5,3.15,15,15,0,0,0,0,80,61,31,28,11,28,1,96,8,0,0,331,125,3.9,1.113,6.9,1.2,3.2,10.8,3.43
221,Chris Flexen,23,NYM,NL,0,2,0,12.79,4,1,2,0,0,0,6.1,14,13,9,2,6,1,3,1,0,0,40,32,9.63,3.158,19.9,2.8,8.5,4.3,0.5
222,Pedro Florimon,31,PHI,NL,0,0,,9.00,2,0,2,0,0,0,2,1,2,2,1,1,0,0,0,0,0,8,54,11.16,1,4.5,4.5,4.5,0,0
223,Dylan Floro,27,TOT,NL,3,2,0.6,3.05,30,0,14,0,0,0,41.1,42,15,14,3,13,3,31,0,1,0,177,137,3.55,1.331,9.1,0.7,2.8,6.8,2.38
224,Dylan Floro,27,CIN,NL,3,2,0.6,2.72,25,0,13,0,0,0,36.1,39,12,11,2,12,3,27,0,1,0,159,153,3.38,1.404,9.7,0.5,3,6.7,2.25
225,Dylan Floro,27,LAD,NL,0,0,,5.40,5,0,1,0,0,0,5,3,3,3,1,1,0,4,0,0,0,18,78,4.76,0.8,5.4,1.8,1.8,7.2,4
226,Brian Flynn*,28,KCR,AL,2,1,0.667,3.70,27,0,5,0,0,1,48.2,54,22,20,2,22,1,29,3,0,4,213,115,4.04,1.562,10,0.4,4.1,5.4,1.32
227,Mike Foltynewicz,26,ATL,NL,7,6,0.538,2.85,19,19,0,1,1,0,107.1,80,38,34,10,45,0,125,3,0,5,444,138,3.38,1.165,6.7,0.8,3.8,10.5,2.78
228,Wilmer Font,28,TOT,MLB,2,3,0.4,5.93,19,5,8,0,0,0,44,46,29,29,12,16,1,36,1,0,1,192,68,6.23,1.409,9.4,2.5,3.3,7.4,2.25
229,Wilmer Font,28,TOT,AL,2,1,0.667,4.28,13,5,2,0,0,0,33.2,28,16,16,7,15,0,29,1,0,1,144,95,5.56,1.277,7.5,1.9,4,7.8,1.93
230,Wilmer Font,28,LAD,NL,0,2,0,11.32,6,0,6,0,0,0,10.1,18,13,13,5,1,1,7,0,0,0,48,36,8.38,1.839,15.7,4.4,0.9,6.1,7
231,Wilmer Font,28,OAK,AL,0,0,,14.85,4,0,2,0,0,0,6.2,13,11,11,5,4,0,9,0,0,1,37,29,12.01,2.55,17.6,6.8,5.4,12.2,2.25
232,Wilmer Font,28,TBR,AL,2,1,0.667,1.67,9,5,0,0,0,0,27,15,5,5,2,11,0,20,1,0,0,107,240,3.97,0.963,5,0.7,3.7,6.7,1.82
233,Kyle Freeland*,25,COL,NL,8,6,0.571,3.28,20,20,0,0,0,0,120.2,107,44,44,13,41,2,95,4,0,0,501,145,4.1,1.227,8,1,3.1,7.1,2.32
234,Sam Freeman*,31,ATL,NL,2,5,0.286,5.06,46,0,3,0,0,0,37.1,28,23,21,3,24,1,40,2,0,3,158,78,4.15,1.393,6.8,0.7,5.8,9.6,1.67
235,Max Fried*,24,ATL,NL,1,3,0.25,3.92,7,3,3,0,0,0,20.2,17,10,9,3,13,0,25,1,0,1,87,102,4.66,1.452,7.4,1.3,5.7,10.9,1.92
236,Jace Fry*,24,CHW,AL,0,1,0,3.86,32,0,4,0,0,1,30.1,19,14,13,1,12,0,38,0,0,3,124,107,2.27,1.022,5.6,0.3,3.6,11.3,3.17
237,Paul Fry*,25,BAL,AL,0,1,0,1.69,10,0,3,0,0,0,10.2,9,5,2,0,1,0,12,1,0,0,41,252,1.47,0.938,7.6,0,0.8,10.1,12
238,Carson Fulmer,24,CHW,AL,2,4,0.333,8.07,9,8,1,0,0,0,32.1,37,32,29,8,24,0,29,5,1,2,164,51,7.27,1.887,10.3,2.2,6.7,8.1,1.21
239,Michael Fulmer,25,DET,AL,3,9,0.25,4.50,19,19,0,0,0,0,112,110,60,56,14,38,0,93,5,0,1,471,97,4.27,1.321,8.8,1.1,3.1,7.5,2.45
240,Drew Gagnon,28,NYM,NL,0,1,0,11.57,1,1,0,0,0,0,4.2,7,6,6,2,1,0,3,2,0,1,23,36,9.37,1.714,13.5,3.9,1.9,5.8,3
241,Yovani Gallardo,32,TOT,MLB,4,1,0.8,7.18,9,6,1,0,0,0,36.1,42,30,29,5,17,0,21,0,0,0,162,65,5.19,1.624,10.4,1.2,4.2,5.2,1.24
242,Yovani Gallardo,32,CIN,NL,0,0,,30.86,3,0,1,0,0,0,2.1,8,8,8,1,4,0,2,0,0,0,19,15,12.16,5.143,30.9,3.9,15.4,7.7,0.5
243,Yovani Gallardo,32,TEX,AL,4,1,0.8,5.56,6,6,0,0,0,0,34,34,22,21,4,13,0,19,0,0,0,143,84,4.72,1.382,9,1.1,3.4,5,1.46
244,Giovanny Gallegos,26,NYY,AL,0,0,,4.50,4,0,2,0,0,1,10,10,5,5,2,3,0,10,0,0,0,40,99,4.66,1.3,9,1.8,2.7,9,3.33
245,John Gant,25,STL,NL,3,3,0.5,3.17,13,7,1,0,0,0,54,37,25,19,3,25,1,45,1,0,3,228,125,3.66,1.148,6.2,0.5,4.2,7.5,1.8
246,Greg Garcia,28,STL,NL,0,0,,0.00,1,0,1,0,0,0,1,1,0,0,0,0,0,0,0,0,0,3,,3.16,1,9,0,0,0,
247,Jaime Garcia*,31,TOR,AL,2,6,0.25,5.82,15,13,1,0,0,0,65,68,45,42,12,34,1,59,3,1,6,294,73,5.45,1.569,9.4,1.7,4.7,8.2,1.74
248,Jarlin Garcia*,25,MIA,NL,1,1,0.5,4.41,12,6,2,0,0,0,51,41,26,25,13,21,3,32,0,2,0,210,85,6.45,1.216,7.2,2.3,3.7,5.6,1.52
249,Luis Garcia,31,PHI,NL,2,1,0.667,4.62,33,0,2,0,0,1,25.1,22,13,13,2,6,1,23,4,0,2,105,91,3.55,1.105,7.8,0.7,2.1,8.2,3.83
250,Yimi Garcia,27,LAD,NL,1,2,0.333,5.21,20,0,2,0,0,0,19,25,15,11,6,3,1,16,2,0,0,86,77,6.37,1.474,11.8,2.8,1.4,7.6,5.33
251,Nick Gardewine,24,TEX,AL,0,0,,3.60,3,0,1,0,0,0,5,7,2,2,0,0,0,4,1,0,0,23,137,2.16,1.4,12.6,0,0,7.2,
252,Amir Garrett*,26,CIN,NL,0,1,0,3.47,47,0,3,0,0,0,49.1,36,19,19,6,16,0,58,2,0,0,194,120,3.48,1.054,6.6,1.1,2.9,10.6,3.63
253,Kevin Gausman,27,BAL,AL,4,8,0.333,4.54,20,20,0,0,0,0,117,130,60,59,20,30,0,99,5,0,6,505,91,4.59,1.368,10,1.5,2.3,7.6,3.3
254,Sam Gaviglio,28,TOR,AL,2,3,0.4,4.59,14,12,1,0,0,0,64.2,64,35,33,12,19,0,61,4,1,2,279,92,4.75,1.284,8.9,1.7,2.6,8.5,3.21
255,Cory Gearrin,32,TOT,MLB,1,1,0.5,3.57,40,0,10,0,0,1,35.1,34,14,14,5,15,1,34,3,0,0,156,116,4.6,1.387,8.7,1.3,3.8,8.7,2.27
256,Cory Gearrin,32,SFG,NL,1,1,0.5,4.20,35,0,8,0,0,1,30,33,14,14,5,13,1,31,3,0,0,137,96,4.86,1.533,9.9,1.5,3.9,9.3,2.38
257,Cory Gearrin,32,TEX,AL,0,0,,0.00,5,0,2,0,0,0,5.1,1,0,0,0,2,0,3,0,0,0,19,,3.16,0.563,1.7,0,3.4,5.1,1.5
258,Domingo German,25,NYY,AL,2,6,0.25,5.68,19,13,1,0,0,0,82.1,77,54,52,15,32,0,95,4,1,7,359,76,4.53,1.324,8.4,1.6,3.5,10.4,2.97
259,Kyle Gibson,30,MIN,AL,4,7,0.364,3.57,20,20,0,0,0,0,121,102,50,48,13,48,0,119,3,0,3,505,120,3.85,1.24,7.6,1,3.6,8.9,2.48
260,Ken Giles,27,HOU,AL,0,2,0,4.99,34,0,24,0,0,12,30.2,36,17,17,2,3,0,31,0,0,1,129,78,2.28,1.272,10.6,0.6,0.9,9.1,10.33
261,Chris Gimenez,35,CHC,NL,0,0,,27.00,1,0,1,0,0,0,1,2,3,3,1,1,0,1,0,0,0,6,22,17.16,3,18,9,9,9,1
262,Lucas Giolito,23,CHW,AL,7,8,0.467,6.09,20,20,0,0,0,0,109.1,101,76,74,18,64,1,68,11,0,8,491,67,6.11,1.509,8.3,1.5,5.3,5.6,1.06
263,Mychal Givens,28,BAL,AL,0,6,0,4.50,44,0,14,0,0,1,50,47,27,25,1,23,3,57,3,0,4,216,92,2.7,1.4,8.5,0.2,4.1,10.3,2.48
264,Tyler Glasnow,24,PIT,NL,1,2,0.333,4.58,33,0,9,0,0,0,53,47,27,27,5,30,2,71,1,1,7,230,87,3.46,1.453,8,0.8,5.1,12.1,2.37
265,Zack Godley,28,ARI,NL,11,6,0.647,4.65,21,20,0,0,0,0,110.1,113,64,57,12,57,1,114,6,0,12,498,95,4.22,1.541,9.2,1,4.6,9.3,2
266,Erik Goeddel,29,TOT,MLB,3,0,1,2.76,26,0,6,0,0,0,29.1,22,9,9,3,17,3,36,1,0,3,126,146,3.87,1.33,6.8,0.9,5.2,11,2.12
267,Erik Goeddel,29,SEA,AL,2,0,1,1.23,5,0,4,0,0,0,7.1,4,1,1,0,5,1,9,0,0,2,29,342,2.75,1.227,4.9,0,6.1,11,1.8
268,Erik Goeddel,29,LAD,NL,1,0,1,3.27,21,0,2,0,0,0,22,18,8,8,3,12,2,27,1,0,1,97,122,4.25,1.364,7.4,1.2,4.9,11,2.25
269,Luiz Gohara*,21,ATL,NL,0,1,0,5.95,9,1,3,0,0,1,19.2,16,13,13,3,8,0,18,0,0,0,82,67,4.53,1.22,7.3,1.4,3.7,8.2,2.25
270,Austin Gomber*,24,STL,NL,0,0,,3.77,15,0,1,0,0,0,14.1,11,6,6,1,8,1,10,2,0,1,59,107,4.76,1.326,6.9,0.6,5,6.3,1.25
271,Jeanmar Gomez,30,CHW,AL,0,0,,3.38,4,0,0,0,0,0,2.2,3,1,1,1,0,0,1,0,0,0,11,138,7.28,1.125,10.1,3.4,0,3.4,
272,Roberto Gomez,28,SFG,NL,1,0,1,7.71,5,0,2,0,0,0,9.1,20,11,8,0,1,0,8,1,0,0,49,53,2.09,2.25,19.3,0,1,7.7,8
273,Marco Gonzales*,26,SEA,AL,11,5,0.688,3.38,20,20,0,1,0,0,119.2,114,47,45,11,23,0,104,5,0,1,481,118,3.32,1.145,8.6,0.8,1.7,7.8,4.52
274,Gio Gonzalez*,32,WSN,NL,6,7,0.462,3.94,20,20,0,0,0,0,107.1,106,49,47,10,53,1,99,0,0,3,470,107,4.01,1.481,8.9,0.8,4.4,8.3,1.87
275,Merandy Gonzalez,22,MIA,NL,2,0,1,5.71,7,0,3,0,0,0,17.1,23,11,11,3,8,1,16,0,0,0,82,67,4.95,1.788,11.9,1.6,4.2,8.3,2
276,Miguel Gonzalez,34,CHW,AL,0,3,0,12.41,3,3,0,0,0,0,12.1,24,18,17,4,6,0,5,0,0,1,66,34,8.02,2.432,17.5,2.9,4.4,3.6,0.83
277,Nick Goody,26,CLE,AL,0,2,0,6.94,12,0,1,0,0,0,11.2,15,9,9,4,5,1,12,1,0,1,58,65,7.1,1.714,11.6,3.1,3.9,9.3,2.4
278,Daniel Gossett,25,OAK,AL,0,3,0,5.18,5,5,0,0,0,0,24.1,25,14,14,5,8,0,12,1,0,1,102,80,5.95,1.356,9.2,1.8,3,4.4,1.5
279,Trevor Gott,25,WSN,NL,0,2,0,4.96,18,0,5,0,0,0,16.1,14,10,9,2,8,1,12,2,0,2,69,87,5.12,1.347,7.7,1.1,4.4,6.6,1.5
280,Matt Grace*,29,WSN,NL,0,0,,2.68,30,0,6,0,0,0,37,31,12,11,4,8,0,32,1,0,1,147,159,3.56,1.054,7.5,1,1.9,7.8,4
281,Kendall Graveman,27,OAK,AL,1,5,0.167,7.60,7,7,0,0,0,0,34.1,44,32,29,9,13,0,27,1,0,2,158,54,6.22,1.66,11.5,2.4,3.4,7.1,2.08
282,Brett Graves,25,MIA,NL,0,1,0,8.68,5,0,5,0,0,0,9.1,14,9,9,0,4,1,4,3,0,0,45,45,4.55,1.929,13.5,0,3.9,3.9,1
283,Jon Gray,26,COL,NL,8,7,0.533,5.44,18,18,0,0,0,0,99.1,113,62,60,11,30,1,125,2,1,5,439,87,3.05,1.44,10.2,1,2.7,11.3,4.17
284,Sonny Gray,28,NYY,AL,7,7,0.5,5.34,19,19,0,0,0,0,96,101,58,57,12,42,0,91,7,1,8,430,80,4.42,1.49,9.5,1.1,3.9,8.5,2.17
285,Chad Green,27,NYY,AL,5,2,0.714,2.63,38,0,2,0,0,0,48,39,15,14,6,10,1,58,1,0,2,189,164,3.05,1.021,7.3,1.1,1.9,10.9,5.8
286,Shane Greene,29,DET,AL,2,5,0.286,3.86,43,0,36,0,0,20,42,41,21,18,7,11,1,45,1,0,2,179,114,4.04,1.238,8.8,1.5,2.4,9.6,4.09
287,Luke Gregerson,34,STL,NL,0,0,,6.17,16,0,3,0,0,0,11.2,12,8,8,2,5,0,11,0,1,2,51,66,4.79,1.457,9.3,1.5,3.9,8.5,2.2
288,Zack Greinke,34,ARI,NL,11,5,0.688,3.05,21,21,0,0,0,0,129.2,114,45,44,17,24,1,137,4,0,0,523,145,3.4,1.064,7.9,1.2,1.7,9.5,5.71
289,Justin Grimm,29,KCR,AL,1,3,0.25,13.50,16,0,3,0,0,0,12.2,17,19,19,2,14,1,8,0,0,1,67,32,7.26,2.447,12.1,1.4,9.9,5.7,0.57
290,Robert Gsellman,24,NYM,NL,6,2,0.75,4.08,45,0,10,0,0,5,57.1,51,31,26,7,23,6,53,4,0,1,246,94,4.31,1.291,8,1.1,3.6,8.3,2.3
291,Reymin Guduan*,26,HOU,AL,0,0,,4.50,1,0,1,0,0,0,2,1,1,1,1,0,0,3,0,0,0,7,103,6.66,0.5,4.5,4.5,0,13.5,
292,Javy Guerra,32,MIA,NL,0,0,,4.26,5,0,0,0,0,0,6.1,3,4,3,1,3,0,9,0,0,1,27,93,3.79,0.947,4.3,1.4,4.3,12.8,3
293,Junior Guerra,33,MIL,NL,6,6,0.5,3.23,18,18,0,0,0,0,97.2,86,36,35,11,39,0,96,4,0,4,414,130,3.98,1.28,7.9,1,3.6,8.8,2.46
294,Tayron Guerrero,27,MIA,NL,1,2,0.333,4.28,41,0,10,0,0,0,40,39,24,19,3,24,1,54,2,0,5,184,88,3.38,1.575,8.8,0.7,5.4,12.2,2.25
295,Preston Guilmet,30,TOT,MLB,0,1,0,11.70,8,0,2,0,0,0,10,18,13,13,6,4,1,8,0,0,1,52,38,10.56,2.2,16.2,5.4,3.6,7.2,2
296,Preston Guilmet,30,STL,NL,0,1,0,22.50,2,0,0,0,0,0,2,7,5,5,2,0,0,3,0,0,1,13,21,13.16,3.5,31.5,9,0,13.5,
297,Preston Guilmet,30,TOR,AL,0,0,,9.00,6,0,2,0,0,0,8,11,8,8,4,4,1,5,0,0,0,39,49,9.91,1.875,12.4,4.5,4.5,5.6,1.25
298,Brandon Guyer,32,CLE,AL,0,0,,0.00,1,0,1,0,0,0,1,0,0,0,0,0,0,0,0,0,0,3,,3.16,0,0,0,0,0,
299,Jedd Gyorko,29,STL,NL,0,0,,9.00,1,0,1,0,0,0,1,2,1,1,1,0,0,0,1,0,0,6,61,19.16,2,18,9,0,0,
300,Josh Hader*,24,MIL,NL,2,0,1,1.43,33,0,9,0,0,7,50.1,21,9,8,4,19,0,94,0,1,0,186,293,1.59,0.795,3.8,0.7,3.4,16.8,4.95
301,David Hale,30,TOT,AL,0,0,,4.61,4,0,1,0,0,0,13.2,16,7,7,3,5,0,8,1,0,0,62,98,6.16,1.537,10.5,2,3.3,5.3,1.6
302,David Hale,30,NYY,AL,0,0,,2.53,3,0,1,0,0,0,10.2,12,3,3,2,1,0,6,1,0,0,46,175,5.03,1.219,10.1,1.7,0.8,5.1,6
303,David Hale,30,MIN,AL,0,0,,12.00,1,0,0,0,0,0,3,4,4,4,1,4,0,2,0,0,0,16,40,10.16,2.667,12,3,12,6,0.5
304,Justin Haley,27,BOS,AL,0,0,,4.70,4,0,3,0,0,0,7.2,10,4,4,2,3,0,0,0,0,0,35,98,7.72,1.696,11.7,2.3,3.5,0,0
305,Cole Hamels*,34,TEX,AL,5,9,0.357,4.72,20,20,0,0,0,0,114.1,115,70,60,23,42,0,114,12,2,6,502,98,5.2,1.373,9.1,1.8,3.3,9,2.71
306,Jason Hammel,35,KCR,AL,2,11,0.154,6.12,22,18,2,0,0,0,107.1,143,79,73,14,32,3,68,3,0,0,494,69,4.56,1.63,12,1.2,2.7,5.7,2.13
307,Justin Hancock,27,CHC,NL,0,0,,1.46,10,0,6,0,0,0,12.1,5,2,2,1,9,0,11,0,0,0,49,302,4.62,1.135,3.6,0.7,6.6,8,1.22
308,Brad Hand*,28,TOT,MLB,2,4,0.333,3.18,42,0,31,0,0,24,45.1,34,22,16,6,15,1,66,7,0,1,190,127,3.42,1.081,6.8,1.2,3,13.1,4.4
309,Brad Hand*,28,SDP,NL,2,4,0.333,3.05,41,0,31,0,0,24,44.1,33,21,15,5,15,1,65,7,0,1,186,131,3.18,1.083,6.7,1,3,13.2,4.33
310,Brad Hand*,28,CLE,AL,0,0,,9.00,1,0,0,0,0,0,1,1,1,1,1,0,0,1,0,0,0,4,66,14.16,1,9,9,0,9,
311,Ian Happ,23,CHC,NL,0,0,,0.00,1,0,1,0,0,0,1,1,0,0,0,0,0,0,0,0,0,4,,3.16,1,9,0,0,0,
312,J.A. Happ*,35,TOR,AL,10,6,0.625,4.18,20,20,0,0,0,0,114,99,61,53,17,35,0,130,4,0,1,475,101,3.84,1.175,7.8,1.3,2.8,10.3,3.71
313,Blaine Hardy*,31,DET,AL,3,3,0.5,3.77,19,9,2,0,0,1,57.1,57,27,24,6,14,1,44,2,0,2,239,117,3.82,1.238,8.9,0.9,2.2,6.9,3.14
314,Will Harris,33,HOU,AL,3,3,0.5,4.71,42,0,6,0,0,0,36.1,37,19,19,3,10,1,44,1,0,4,152,83,2.72,1.294,9.2,0.7,2.5,10.9,4.4
315,Donnie Hart*,27,BAL,AL,0,0,,3.72,10,0,3,0,0,0,9.2,14,5,4,0,5,0,5,0,0,0,49,115,3.68,1.966,13,0,4.7,4.7,1
316,Matt Harvey,29,TOT,NL,5,6,0.455,5.21,21,17,2,0,0,0,95,101,57,55,17,24,0,71,6,0,2,409,78,4.94,1.316,9.6,1.6,2.3,6.7,2.96
317,Matt Harvey,29,NYM,NL,0,2,0,7.00,8,4,2,0,0,0,27,33,21,21,6,9,0,20,1,0,1,123,55,5.68,1.556,11,2,3,6.7,2.22
318,Matt Harvey,29,CIN,NL,5,4,0.556,4.50,13,13,0,0,0,0,68,68,36,34,11,15,0,51,5,0,1,286,92,4.64,1.221,9,1.5,2,6.8,3.4
319,Chris Hatcher,33,OAK,AL,3,2,0.6,4.55,28,0,10,0,0,0,31.2,38,19,16,5,15,0,25,1,0,0,146,91,5.15,1.674,10.8,1.4,4.3,7.1,1.67
320,Andrew Heaney*,27,LAA,AL,6,6,0.5,3.66,18,18,0,1,1,0,108.1,93,52,44,13,32,0,106,5,0,3,449,112,3.79,1.154,7.7,1.1,2.7,8.8,3.31
321,Jeremy Hellickson,31,WSN,NL,4,1,0.8,3.29,13,13,0,0,0,0,63,54,25,23,7,12,0,49,4,1,1,251,129,3.81,1.048,7.7,1,1.7,7,4.08
322,Heath Hembree,29,BOS,AL,4,1,0.8,3.73,42,0,7,0,0,0,41,35,17,17,5,19,1,56,0,1,3,177,119,3.4,1.317,7.7,1.1,4.2,12.3,2.95
323,Kyle Hendricks,28,CHC,NL,6,8,0.429,3.99,20,20,0,0,0,0,115,110,54,51,18,32,4,87,4,0,0,478,108,4.62,1.235,8.6,1.4,2.5,6.8,2.72
324,Liam Hendriks,29,OAK,AL,0,0,,7.36,13,0,1,0,0,0,11,17,9,9,3,7,0,12,0,0,1,55,57,6.43,2.182,13.9,2.5,5.7,9.8,1.71
325,David Hernandez,33,CIN,NL,3,0,1,1.75,31,0,2,0,0,0,36,24,8,7,1,13,1,35,2,2,2,145,238,2.82,1.028,6,0.3,3.3,8.8,2.69
326,Elieser Hernandez,23,MIA,NL,2,5,0.286,6.14,17,5,3,0,0,0,44,50,30,30,7,19,2,27,1,1,1,193,61,5.36,1.568,10.2,1.4,3.9,5.5,1.42
327,Felix Hernandez,32,SEA,AL,8,8,0.5,5.14,20,20,0,0,0,0,110.1,113,68,63,16,38,0,94,10,0,5,484,78,4.64,1.369,9.2,1.3,3.1,7.7,2.47
328,Kelvin Herrera,28,TOT,MLB,2,1,0.667,1.89,39,0,26,0,0,15,38,33,8,8,5,8,0,33,1,0,0,153,227,3.84,1.079,7.8,1.2,1.9,7.8,4.13
329,Kelvin Herrera,28,KCR,AL,1,1,0.5,1.05,27,0,21,0,0,14,25.2,19,3,3,2,2,0,22,0,0,0,95,409,2.69,0.818,6.7,0.7,0.7,7.7,11
330,Kelvin Herrera,28,WSN,NL,1,0,1,3.65,12,0,5,0,0,1,12.1,14,5,5,3,6,0,11,1,0,0,58,119,6.24,1.622,10.2,2.2,4.4,8,1.83
331,David Hess,24,BAL,AL,2,5,0.286,6.06,10,9,0,0,0,0,49,55,33,33,11,20,2,29,2,1,1,219,68,6.24,1.531,10.1,2,3.7,5.3,1.45
332,Jordan Hicks,21,STL,NL,3,2,0.6,3.38,46,0,14,0,0,2,50.2,35,21,19,1,25,1,43,6,0,6,215,117,3.55,1.184,6.2,0.2,4.4,7.6,1.72
333,Trevor Hildenberger,27,MIN,AL,2,2,0.5,3.42,45,0,3,0,0,0,47.1,40,18,18,6,14,6,43,2,0,0,197,126,4,1.141,7.6,1.1,2.7,8.2,3.07
334,Rich Hill*,38,LAD,NL,3,4,0.429,4.26,13,12,0,0,0,0,61.1,61,30,29,11,24,3,69,5,1,0,268,93,4.66,1.386,9,1.6,3.5,10.1,2.88
335,Tim Hill*,28,KCR,AL,1,3,0.25,5.59,41,0,7,0,0,1,29,31,21,18,3,11,0,28,2,0,0,129,77,3.92,1.448,9.6,0.9,3.4,8.7,2.55
336,Yoshihisa Hirano,34,ARI,NL,2,2,0.5,2.32,47,0,1,0,0,0,42.2,32,14,11,4,15,2,39,2,1,1,169,192,3.74,1.102,6.8,0.8,3.2,8.2,2.6
337,Jeff Hoffman,25,COL,NL,0,0,,9.35,6,1,1,0,0,0,8.2,15,9,9,0,7,1,5,0,0,1,44,53,4.43,2.538,15.6,0,7.3,5.2,0.71
338,Bryan Holaday,30,MIA,NL,0,0,,0.00,1,0,1,0,0,0,1,0,0,0,0,0,0,1,0,0,0,3,,1.16,0,0,0,0,9,
339,Jonathan Holder,25,NYY,AL,1,1,0.5,1.76,35,0,9,0,0,0,41,26,12,8,1,6,1,36,1,0,0,157,246,2.23,0.78,5.7,0.2,1.3,7.9,6
340,Derek Holland*,31,SFG,NL,5,8,0.385,4.06,22,18,1,0,0,0,102,95,50,46,13,38,2,105,2,0,1,430,98,3.93,1.304,8.4,1.1,3.4,9.3,2.76
341,Greg Holland,32,STL,NL,0,2,0,7.92,32,0,7,0,0,0,25,34,28,22,1,22,2,22,0,0,0,132,50,4.56,2.24,12.2,0.4,7.9,7.9,1
342,Clay Holmes,25,PIT,NL,1,1,0.5,3.65,4,2,1,0,0,0,12.1,11,5,5,0,8,0,10,0,0,1,53,112,3.48,1.541,8,0,5.8,7.3,1.25
343,J.J. Hoover,30,MIL,NL,0,1,0,20.25,2,0,2,0,0,0,1.1,4,3,3,1,2,0,0,0,0,0,10,26,17.41,4.5,27,6.8,13.5,0,0
344,Adrian Houser,25,MIL,NL,0,0,,4.09,6,0,4,0,0,0,11,10,5,5,0,5,0,7,1,0,1,46,105,3.52,1.364,8.2,0,4.1,5.7,1.4
345,Sam Howard*,25,COL,NL,0,0,,0.00,1,0,1,0,0,0,1,1,0,0,0,0,0,0,0,0,0,4,,3.16,1,9,0,0,0,
346,James Hoyt,31,HOU,AL,0,0,,0.00,1,0,0,0,0,0,0.1,1,0,0,0,1,0,0,0,0,0,3,,12.16,6,27,0,27,0,0
347,Chih-Wei Hu,24,TBR,AL,0,0,,5.87,2,0,2,0,0,0,7.2,5,5,5,2,1,0,5,0,0,0,30,71,5.64,0.783,5.9,2.3,1.2,5.9,5
348,Daniel Hudson,31,LAD,NL,3,2,0.6,4.14,33,1,9,0,0,0,37,33,21,17,4,18,1,36,1,0,3,162,96,4.16,1.378,8,1,4.4,8.8,2
349,Jared Hughes,32,CIN,NL,3,3,0.5,1.56,45,0,17,0,0,6,52,43,9,9,2,14,1,40,2,0,5,205,267,3.04,1.096,7.4,0.3,2.4,6.9,2.86
350,Phil Hughes,32,TOT,MLB,0,0,,6.41,19,2,11,0,0,0,26.2,34,19,19,9,10,1,27,1,0,0,124,66,6.76,1.65,11.5,3,3.4,9.1,2.7
351,Phil Hughes,32,MIN,AL,0,0,,6.75,7,2,4,0,0,0,12,14,9,9,4,5,1,8,1,0,0,55,65,7.66,1.583,10.5,3,3.8,6,1.6
352,Phil Hughes,32,SDP,NL,0,0,,6.14,12,0,7,0,0,0,14.2,20,10,10,5,5,0,19,0,0,0,69,66,6.02,1.705,12.3,3.1,3.1,11.7,3.8
353,Tommy Hunter,31,PHI,NL,2,0,1,4.50,38,0,4,0,0,1,34,41,18,17,3,7,0,33,2,0,1,150,93,3.16,1.412,10.9,0.8,1.9,8.7,4.71
354,Drew Hutchison,27,PHI,NL,1,1,0.5,4.64,11,0,6,0,0,0,21.1,21,11,11,4,13,0,19,1,0,4,94,90,5.78,1.594,8.9,1.7,5.5,8,1.46
355,Raisel Iglesias,28,CIN,NL,1,1,0.5,2.30,40,0,35,0,0,19,43,29,11,11,6,14,1,46,1,0,0,168,181,3.88,1,6.1,1.3,2.9,9.6,3.29
356,Greg Infante,30,CHW,AL,1,1,0.5,8.00,10,0,1,0,0,0,9,12,8,8,0,8,2,6,0,0,1,42,53,4.49,2.222,12,0,8,6,0.75
357,Edwin Jackson,34,OAK,AL,1,2,0.333,2.93,5,5,0,0,0,0,30.2,21,11,10,4,8,1,23,1,1,0,122,140,4.23,0.946,6.2,1.2,2.3,6.8,2.88
358,Luke Jackson,26,ATL,NL,1,0,1,3.24,14,0,6,0,0,1,16.2,14,6,6,1,9,1,23,1,0,4,74,124,2.98,1.38,7.6,0.5,4.9,12.4,2.56
359,Kenley Jansen,30,LAD,NL,0,3,0,2.42,46,0,40,0,0,29,48.1,33,16,13,6,12,0,52,0,2,0,193,163,3.36,0.931,6.1,1.1,2.2,9.7,4.33
360,Jeremy Jeffress,30,MIL,NL,6,1,0.857,1.34,46,0,7,0,0,3,47,29,8,7,3,13,2,50,0,0,1,177,313,2.69,0.894,5.6,0.6,2.5,9.6,3.85
361,Dan Jennings*,31,MIL,NL,3,3,0.5,3.33,48,0,7,0,0,1,48.2,48,21,18,4,18,1,38,0,0,2,204,126,3.77,1.356,8.9,0.7,3.3,7,2.11
362,Kevin Jepsen,33,TEX,AL,0,3,0,5.94,21,0,3,0,0,0,16.2,15,13,11,4,11,1,8,1,0,0,77,79,7.48,1.56,8.1,2.2,5.9,4.3,0.73
363,Jake Jewell,25,LAA,AL,0,1,0,9.00,3,0,1,0,0,0,2,2,2,2,0,1,0,1,2,0,1,11,54,6.66,1.5,9,0,4.5,4.5,1
364,Joe Jimenez,23,DET,AL,4,1,0.8,2.66,47,0,13,0,0,3,44,35,17,13,2,12,3,50,2,0,2,182,165,2.43,1.068,7.2,0.4,2.5,10.2,4.17
365,Brian Johnson*,27,BOS,AL,1,3,0.25,3.81,26,5,10,0,0,0,54.1,60,25,23,6,17,0,47,0,0,0,236,116,3.8,1.417,9.9,1,2.8,7.8,2.76
366,Jim Johnson,35,LAA,AL,2,2,0.5,3.86,34,0,8,0,0,1,35,35,20,15,4,13,1,31,0,0,3,150,107,3.99,1.371,9,1,3.3,8,2.38
367,Pierce Johnson,27,SFG,NL,3,2,0.6,5.75,28,0,6,0,0,0,36,27,23,23,3,18,1,25,0,0,1,150,70,4.35,1.25,6.8,0.8,4.5,6.3,1.39
368,Nate Jones,32,CHW,AL,2,2,0.5,2.55,27,0,11,0,0,4,24.2,20,11,7,3,14,0,27,3,0,1,112,162,4.62,1.378,7.3,1.1,5.1,9.9,1.93
369,Jakob Junis,25,KCR,AL,5,10,0.333,5.03,18,18,0,0,0,0,105.2,107,60,59,24,30,1,98,9,0,4,458,85,5.36,1.297,9.1,2,2.6,8.3,3.27
370,Ariel Jurado,22,TEX,AL,0,1,0,7.71,1,1,0,0,0,0,4.2,6,4,4,0,2,1,2,0,0,0,22,64,3.59,1.714,11.6,0,3.9,3.9,1
371,Tommy Kahnle,28,NYY,AL,1,0,1,7.00,8,0,1,0,0,0,9,6,11,7,1,10,0,10,0,0,2,44,64,5.71,1.778,6,1,10,10,1
372,Keone Kela,25,TEX,AL,3,3,0.5,3.18,36,0,30,0,0,23,34,25,12,12,2,12,1,41,0,2,3,139,147,2.57,1.088,6.6,0.5,3.2,10.9,3.42
373,Brad Keller,22,KCR,AL,3,4,0.429,3.20,30,9,2,1,0,0,70.1,63,25,25,2,29,1,44,1,0,5,292,133,3.56,1.308,8.1,0.3,3.7,5.6,1.52
374,Shawn Kelley,34,WSN,NL,1,0,1,2.67,33,0,10,0,0,0,30.1,21,9,9,6,5,1,31,1,0,0,118,159,4.28,0.857,6.2,1.8,1.5,9.2,6.2
375,Joe Kelly,30,BOS,AL,3,0,1,4.20,44,0,4,0,0,2,40.2,28,20,19,3,20,0,41,3,0,2,171,106,3.8,1.18,6.2,0.7,4.4,9.1,2.05
376,Ian Kennedy,33,KCR,AL,1,8,0.111,5.13,18,18,0,0,0,0,94.2,102,56,54,18,34,2,87,1,0,4,416,83,4.9,1.437,9.7,1.7,3.2,8.3,2.56
377,Clayton Kershaw*,30,LAD,NL,3,5,0.375,2.64,14,14,0,0,0,0,81.2,72,27,24,9,17,0,83,1,0,6,331,149,3.22,1.09,7.9,1,1.9,9.1,4.88
378,Dallas Keuchel*,30,HOU,AL,8,8,0.5,3.60,21,21,0,1,0,0,130,128,56,52,12,34,0,98,1,0,7,550,108,3.66,1.246,8.9,0.8,2.4,6.8,2.88
379,Craig Kimbrel,30,BOS,AL,2,1,0.667,1.90,43,0,40,0,0,32,42.2,23,9,9,5,16,0,63,0,0,3,164,234,2.85,0.914,4.9,1.1,3.4,13.3,3.94
380,Nick Kingham,26,PIT,NL,5,4,0.556,4.11,10,10,0,0,0,0,57,49,29,26,11,14,1,54,3,1,1,238,97,4.67,1.105,7.7,1.7,2.2,8.5,3.86
381,Tyler Kinley,27,MIN,AL,0,0,,24.30,4,0,3,0,0,0,3.1,9,9,9,2,4,0,4,0,0,2,23,20,12.16,3.9,24.3,5.4,10.8,10.8,1
382,Brandon Kintzler,33,WSN,NL,1,2,0.333,3.63,42,0,8,0,0,2,39.2,36,16,16,2,12,3,28,3,0,1,162,117,3.54,1.21,8.2,0.5,2.7,6.4,2.33
383,Andrew Kittredge,28,TBR,AL,1,2,0.333,7.77,16,3,1,0,0,0,22,30,20,19,3,10,2,15,0,0,1,104,52,4.93,1.818,12.3,1.2,4.1,6.1,1.5
384,Corey Kluber,32,CLE,AL,12,6,0.667,2.88,21,21,0,1,0,0,137.2,113,50,44,20,18,0,134,1,0,2,534,154,3.51,0.952,7.4,1.3,1.2,8.8,7.44
385,Corey Knebel,26,MIL,NL,2,1,0.667,3.76,28,0,20,0,0,12,26.1,20,11,11,5,12,0,36,2,0,0,107,112,4.49,1.215,6.8,1.7,4.1,12.3,3
386,Matt Koch,27,ARI,NL,5,4,0.556,4.28,15,12,2,0,0,0,73.2,70,38,35,16,17,1,38,6,0,3,302,104,5.89,1.181,8.6,2,2.1,4.6,2.24
387,Adam Kolarek*,29,TBR,AL,1,0,1,9.35,7,0,1,0,0,0,8.2,14,9,9,0,2,1,2,1,0,0,42,44,3.73,1.846,14.5,0,2.1,2.1,1
388,George Kontos,33,TOT,MLB,2,3,0.4,4.68,27,0,10,0,0,1,25,26,14,13,5,7,0,13,3,0,1,110,89,5.92,1.32,9.4,1.8,2.5,4.7,1.86
389,George Kontos,33,PIT,NL,2,3,0.4,5.03,21,0,6,0,0,1,19.2,23,12,11,4,5,0,9,3,0,0,89,80,6.11,1.424,10.5,1.8,2.3,4.1,1.8
390,George Kontos,33,CLE,AL,0,0,,3.38,6,0,4,0,0,0,5.1,3,2,2,1,2,0,4,0,0,1,21,139,5.22,0.938,5.1,1.7,3.4,6.8,2
391,Erik Kratz,38,MIL,NL,0,0,,4.50,2,0,2,0,0,0,2,3,2,1,0,1,0,2,0,0,0,9,110,2.66,2,13.5,0,4.5,9,2
392,Joey Krehbiel,25,ARI,NL,0,0,,0.00,2,0,1,0,0,0,3,1,0,0,0,2,0,0,0,0,0,12,,5.16,1,3,0,6,0,0
393,Ian Krol*,27,LAA,AL,0,0,,0.00,1,0,0,0,0,0,2,1,0,0,0,1,0,2,0,0,0,8,,2.66,1,4.5,0,4.5,9,2
394,Chad Kuhl,25,PIT,NL,5,5,0.5,4.55,16,16,0,0,0,0,85,89,47,43,14,33,1,81,4,0,7,373,87,4.7,1.435,9.4,1.5,3.5,8.6,2.45
395,Tommy La Stella,29,CHC,NL,0,0,,6.75,1,0,0,0,0,0,1.1,3,1,1,1,0,0,0,0,0,0,6,81,12.91,2.25,20.3,6.8,0,0,
396,Ryan LaMarre*,29,MIN,AL,0,0,,13.50,1,0,1,0,0,0,0.2,1,1,1,1,0,0,0,0,0,0,3,49,22.66,1.5,13.5,13.5,0,0,
397,John Lamb*,27,LAA,AL,0,1,0,7.20,3,3,0,0,0,0,10,15,10,8,4,4,1,11,0,0,0,50,59,7.36,1.9,13.5,3.6,3.6,9.9,2.75
398,Eric Lauer*,23,SDP,NL,5,6,0.455,4.87,16,16,0,0,0,0,77.2,98,47,42,11,32,2,67,2,1,2,355,82,4.59,1.674,11.4,1.3,3.7,7.8,2.09
399,Derek Law,27,SFG,NL,0,0,,7.00,4,0,2,0,0,0,9,12,9,7,0,4,0,10,1,0,1,46,59,2.6,1.778,12,0,4,10,2.5
400,Casey Lawrence,30,SEA,AL,0,0,,8.10,6,0,3,0,0,0,10,12,9,9,0,5,1,9,2,0,1,48,51,3.46,1.7,10.8,0,4.5,8.1,1.8
401,Mike Leake,30,SEA,AL,8,6,0.571,4.22,20,20,0,0,0,0,121.2,133,63,57,16,29,3,75,3,0,2,513,95,4.42,1.332,9.8,1.2,2.1,5.5,2.59
402,Wade LeBlanc*,33,SEA,AL,6,1,0.857,3.44,20,15,5,0,0,0,96.2,90,38,37,14,19,1,76,2,0,1,391,116,4.12,1.128,8.4,1.3,1.8,7.1,4
403,Jose Leclerc,24,TEX,AL,2,2,0.5,2.06,36,0,4,0,0,0,35,16,14,8,0,18,1,51,2,0,1,140,226,1.96,0.971,4.1,0,4.6,13.1,2.83
404,Mark Leiter,27,PHI,NL,0,1,0,5.74,11,0,2,0,0,0,15.2,18,10,10,4,5,1,13,1,0,0,72,73,5.97,1.468,10.3,2.3,2.9,7.5,2.6
405,Dominic Leone,26,STL,NL,1,2,0.333,4.15,16,0,4,0,0,0,13,15,6,6,3,3,2,15,0,0,0,55,97,4.54,1.385,10.4,2.1,2.1,10.4,5
406,Jon Lester*,34,CHC,NL,12,3,0.8,3.14,20,20,0,0,0,0,114.2,99,46,40,15,46,1,89,6,0,2,481,137,4.67,1.265,7.8,1.2,3.6,7,1.93
407,Artie Lewicki,26,DET,AL,0,2,0,4.94,11,2,5,0,0,0,31,39,20,17,4,11,1,22,0,0,0,138,89,4.48,1.613,11.3,1.2,3.2,6.4,2
408,Adam Liberatore*,31,LAD,NL,2,1,0.667,2.77,17,0,4,0,0,0,13,10,4,4,1,8,0,12,1,0,0,54,146,4.39,1.385,6.9,0.7,5.5,8.3,1.5
409,Francisco Liriano*,34,DET,AL,3,5,0.375,4.73,16,16,0,0,0,0,83.2,72,45,44,12,48,0,69,3,0,6,357,93,5.2,1.434,7.7,1.3,5.2,7.4,1.44
410,Zack Littell,22,MIN,AL,0,2,0,18.90,2,1,1,0,0,0,3.1,7,7,7,1,6,0,1,1,0,0,24,25,12.76,3.9,18.9,2.7,16.2,2.7,0.17
411,Ben Lively,26,PHI,NL,0,2,0,6.85,5,5,0,0,0,0,23.2,34,18,18,4,10,1,22,3,0,0,115,61,5.14,1.859,12.9,1.5,3.8,8.4,2.2
412,Jonathan Loaisiga,23,NYY,AL,2,0,1,3.00,4,4,0,0,0,0,18,15,6,6,1,8,0,21,0,0,0,74,145,2.88,1.278,7.5,0.5,4,10.5,2.63
413,Walker Lockett,24,SDP,NL,0,1,0,9.53,2,1,1,0,0,0,5.2,8,6,6,0,6,0,4,0,0,0,30,44,4.92,2.471,12.7,0,9.5,6.4,0.67
414,Boone Logan*,33,MIL,NL,1,0,1,5.91,16,0,4,0,0,0,10.2,15,7,7,3,10,3,14,1,0,1,58,73,7.28,2.344,12.7,2.5,8.4,11.8,1.4
415,Jorge Lopez,25,MIL,NL,0,1,0,3.24,9,0,7,0,0,0,16.2,16,6,6,1,13,1,14,0,0,1,76,131,4.6,1.74,8.6,0.5,7,7.6,1.08
416,Pablo Lopez,22,MIA,NL,2,1,0.667,5.09,4,4,0,0,0,0,23,19,13,13,4,7,2,20,1,0,1,94,74,4.72,1.13,7.4,1.6,2.7,7.8,2.86
417,Reynaldo Lopez,24,CHW,AL,4,8,0.333,4.13,20,20,0,0,0,0,117.2,108,60,54,14,51,1,83,7,2,3,505,99,4.77,1.351,8.3,1.1,3.9,6.3,1.63
418,Michael Lorenzen,26,CIN,NL,1,0,1,2.70,23,0,5,0,0,1,33.1,29,11,10,0,14,0,21,1,0,2,138,154,3.25,1.29,7.8,0,3.8,5.7,1.5
419,Aaron Loup*,30,TOR,AL,0,0,,4.73,46,0,7,0,0,0,32.1,41,20,17,3,12,0,38,3,0,0,152,90,3.41,1.639,11.4,0.8,3.3,10.6,3.17
420,Josh Lucas,27,OAK,AL,0,0,,6.28,8,1,4,0,0,0,14.1,16,11,10,1,9,0,14,1,0,0,66,67,4.2,1.744,10,0.6,5.7,8.8,1.56
421,Joey Lucchesi*,25,SDP,NL,5,5,0.5,3.34,15,15,0,0,0,0,72.2,63,30,27,10,25,1,75,4,0,2,304,119,4.08,1.211,7.8,1.2,3.1,9.3,3
422,Seth Lugo,28,NYM,NL,3,3,0.5,2.79,32,5,5,0,0,0,71,58,26,22,7,24,3,74,2,1,2,295,137,3.45,1.155,7.4,0.9,3,9.4,3.08
423,Jordan Lyles,27,SDP,NL,2,4,0.333,4.46,21,8,4,0,0,0,66.2,67,34,33,12,18,0,56,1,0,3,281,89,4.67,1.275,9,1.6,2.4,7.6,3.11
424,Lance Lynn,31,MIN,AL,7,8,0.467,5.23,19,19,0,0,0,0,96.1,99,59,56,11,61,3,97,5,0,1,443,82,4.68,1.661,9.2,1,5.7,9.1,1.59
425,Tyler Lyons*,30,STL,NL,1,0,1,8.82,26,0,2,0,0,0,16.1,24,16,16,3,8,2,19,2,0,2,82,46,5.06,1.959,13.2,1.7,4.4,10.5,2.38
426,Ryan Madson,37,WSN,NL,2,4,0.333,4.93,39,0,8,0,0,4,34.2,40,21,19,3,14,2,31,1,0,2,156,86,3.79,1.558,10.4,0.8,3.6,8,2.21
427,Kenta Maeda,30,LAD,NL,7,5,0.583,3.12,18,16,0,0,0,0,86.2,74,34,30,6,32,3,108,3,2,2,364,126,2.78,1.223,7.7,0.6,3.3,11.2,3.38
428,Matt Magill,28,MIN,AL,2,1,0.667,3.47,21,0,7,0,0,0,36.1,35,14,14,7,7,0,35,3,0,0,151,125,4.56,1.156,8.7,1.7,1.7,8.7,5
429,Tyler Mahle,23,CIN,NL,7,8,0.467,4.32,20,20,0,0,0,0,106.1,110,57,51,19,46,5,101,2,0,1,467,96,4.94,1.467,9.3,1.6,3.9,8.5,2.2
430,Kazuhisa Makita,33,SDP,NL,0,1,0,7.09,23,0,6,0,0,0,26.2,29,23,21,7,9,2,29,2,0,0,118,57,5.63,1.425,9.8,2.4,3,9.8,3.22
431,Sean Manaea*,26,OAK,AL,9,6,0.6,3.38,21,21,0,1,1,0,130.1,103,51,49,18,24,0,88,8,0,9,522,121,4.34,0.974,7.1,1.2,1.7,6.1,3.67
432,Brandon Mann*,34,TEX,AL,0,0,,1.50,4,0,2,0,0,0,6,4,1,1,1,2,0,1,1,0,0,24,325,6.49,1,6,1.5,3,1.5,0.5
433,Dillon Maples,26,CHC,NL,0,0,,13.50,3,0,1,0,0,0,3.1,4,5,5,1,3,0,6,1,0,1,17,35,7.06,2.1,10.8,2.7,8.1,16.2,2
434,Jhan Marinez,29,BAL,AL,0,0,,1.93,4,0,1,0,0,0,4.2,5,2,1,1,3,0,2,0,0,0,21,230,7.02,1.714,9.6,1.9,5.8,3.9,0.67
435,German Marquez,23,COL,NL,8,8,0.5,5.00,20,20,0,0,0,0,108,114,65,60,17,40,3,112,4,0,4,476,95,4.35,1.426,9.5,1.4,3.3,9.3,2.8
436,Evan Marshall,28,CLE,AL,0,0,,7.71,10,0,1,0,0,0,7,12,6,6,0,4,0,9,1,0,1,37,60,2.73,2.286,15.4,0,5.1,11.6,2.25
437,Chris Martin,32,TEX,AL,1,2,0.333,4.32,28,0,4,0,0,0,25,27,12,12,2,5,2,21,3,0,2,107,108,3.48,1.28,9.7,0.7,1.8,7.6,4.2
438,Carlos Martinez,26,STL,NL,6,6,0.5,3.39,17,17,0,0,0,0,95.2,85,43,36,5,48,2,89,11,0,5,426,116,3.83,1.39,8,0.5,4.5,8.4,1.85
439,Jeff Mathis,35,ARI,NL,0,1,0,9.00,1,0,1,0,0,0,1,1,1,1,1,0,0,1,0,0,0,4,66,14.16,1,9,9,0,9,
440,Phil Maton,25,SDP,NL,0,0,,2.84,23,0,7,0,0,0,25.1,26,9,8,1,12,1,26,2,0,3,115,141,3.28,1.5,9.2,0.4,4.3,9.2,2.17
441,Steven Matz*,27,NYM,NL,4,8,0.333,3.65,19,19,0,0,0,0,101,92,48,41,15,38,1,88,8,0,0,432,104,4.71,1.287,8.2,1.3,3.4,7.8,2.32
442,Brandon Maurer,27,KCR,AL,0,4,0,14.25,16,0,4,0,0,1,12,25,19,19,4,11,1,7,0,0,1,70,31,9.07,3,18.8,3,8.3,5.3,0.64
443,Mike Mayers,26,STL,NL,2,1,0.667,3.86,29,0,8,0,0,1,35,34,16,15,4,8,1,28,1,0,4,145,103,3.82,1.2,8.7,1,2.1,7.2,3.5
444,Tim Mayza*,26,TOR,AL,1,0,1,4.67,16,0,7,0,0,0,17.1,21,9,9,3,7,2,18,1,0,0,78,92,4.72,1.615,10.9,1.6,3.6,9.3,2.57
445,Cory Mazzoni,28,CHC,NL,1,0,1,1.17,7,0,3,0,0,0,7.2,5,1,1,0,5,1,5,0,0,0,33,382,3.81,1.304,5.9,0,5.9,5.9,1
446,Zach McAllister,30,CLE,AL,1,2,0.333,5.09,40,0,14,0,0,0,40.2,46,25,23,7,9,1,33,1,0,2,174,87,4.51,1.352,10.2,1.5,2,7.3,3.67
447,Brandon McCarthy,34,ATL,NL,6,3,0.667,4.92,15,15,0,0,0,0,78.2,94,45,43,15,21,0,65,0,0,2,339,80,4.79,1.462,10.8,1.7,2.4,7.4,3.1
448,Kevin McCarthy,26,KCR,AL,4,3,0.571,3.57,36,0,6,0,0,0,40.1,35,18,16,4,15,2,24,1,0,1,166,120,4.45,1.24,7.8,0.9,3.3,5.4,1.6
449,Lance McCullers,24,HOU,AL,10,5,0.667,4.01,20,20,0,0,0,0,116.2,92,56,52,12,48,0,122,7,1,11,482,97,3.82,1.2,7.1,0.9,3.7,9.4,2.54
450,T.J. McFarland*,29,ARI,NL,2,1,0.667,1.81,34,0,16,0,0,1,59.2,55,13,12,4,14,1,31,0,0,2,238,245,3.69,1.156,8.3,0.6,2.1,4.7,2.21
451,Jake McGee*,31,COL,NL,1,3,0.25,5.97,40,0,5,0,0,1,34.2,41,25,23,6,10,1,32,2,0,4,155,80,4.6,1.471,10.6,1.6,2.6,8.3,3.2
452,Kyle McGrath*,25,SDP,NL,0,0,,4.50,4,0,1,0,0,0,4,3,2,2,2,3,0,4,0,0,0,18,97,9.91,1.5,6.8,4.5,6.8,9,1.33
453,Deck McGuire,29,TOT,AL,0,1,0,6.12,11,3,4,0,0,0,25,25,18,17,8,15,0,21,2,0,1,115,69,7.68,1.6,9,2.9,5.4,7.6,1.4
454,Deck McGuire,29,TOR,AL,0,0,,6.48,4,0,3,0,0,0,8.1,9,6,6,2,5,0,7,0,0,0,39,68,6.4,1.68,9.7,2.2,5.4,7.6,1.4
455,Deck McGuire,29,LAA,AL,0,1,0,5.94,7,3,1,0,0,0,16.2,16,12,11,6,10,0,14,2,0,1,76,70,8.32,1.56,8.6,3.2,5.4,7.6,1.4
456,Collin McHugh,31,HOU,AL,5,0,1,0.96,33,0,15,0,0,0,47,23,7,5,3,10,0,60,4,0,0,175,407,2.33,0.702,4.4,0.6,1.9,11.5,6
457,Kris Medlen,32,ARI,NL,0,1,0,15.75,1,1,0,0,0,0,4,9,7,7,0,4,0,4,0,0,2,25,30,4.16,3.25,20.3,0,9,9,1
458,Ryan Meisinger,24,BAL,AL,0,0,,3.00,4,0,1,0,0,0,6,4,2,2,2,1,0,5,0,0,1,22,146,6.32,0.833,6,3,1.5,7.5,5
459,Adalberto Mejia*,25,MIN,AL,1,0,1,4.82,2,2,0,0,0,0,9.1,14,5,5,1,5,0,4,0,0,1,46,92,5.3,2.036,13.5,1,4.8,3.9,0.8
460,Mark Melancon,33,SFG,NL,0,0,,2.65,18,0,2,0,0,1,17,16,5,5,1,6,0,12,1,0,1,71,153,3.75,1.294,8.5,0.5,3.2,6.4,2
461,Yohander Mendez*,23,TEX,AL,0,1,0,14.73,2,1,1,0,0,0,3.2,8,6,6,1,2,0,1,0,0,0,21,34,7.79,2.727,19.6,2.5,4.9,2.5,0.5
462,Daniel Mengden,25,OAK,AL,6,6,0.5,4.47,16,16,0,1,1,0,90.2,87,50,45,15,19,0,55,2,0,6,379,91,4.79,1.169,8.6,1.5,1.9,5.5,2.89
463,Ben Meyer,25,MIA,NL,0,0,,6.28,8,0,3,0,0,0,14.1,15,11,10,0,6,1,8,2,0,1,63,61,3.72,1.465,9.4,0,3.8,5,1.33
464,Keynan Middleton,24,LAA,AL,0,0,,2.04,16,0,9,0,0,6,17.2,14,4,4,1,9,1,16,1,0,1,71,204,3.78,1.302,7.1,0.5,4.6,8.2,1.78
465,Miles Mikolas,29,STL,NL,10,3,0.769,2.82,20,20,0,1,1,0,124.1,111,42,39,8,22,3,89,5,1,2,502,139,3.21,1.07,8,0.6,1.6,6.4,4.05
466,Wade Miley*,31,MIL,NL,1,1,0.5,1.56,4,4,0,0,0,0,17.1,12,4,3,0,11,0,11,1,0,0,75,273,3.97,1.327,6.2,0,5.7,5.7,1
467,Andrew Miller*,33,CLE,AL,1,3,0.25,4.40,17,0,2,0,0,1,14.1,13,7,7,1,10,1,23,2,0,0,66,103,3.37,1.605,8.2,0.6,6.3,14.4,2.3
468,Justin Miller,31,WSN,NL,5,1,0.833,4.03,25,0,6,0,0,0,29,23,13,13,5,11,0,41,0,0,1,118,106,3.71,1.172,7.1,1.6,3.4,12.7,3.73
469,Shelby Miller,27,ARI,NL,0,4,0,11.40,4,4,0,0,0,0,15,24,21,19,5,7,0,19,0,0,1,76,40,6.36,2.067,14.4,3,4.2,11.4,2.71
470,Hoby Milner*,27,TOT,MLB,0,0,,7.50,12,0,2,0,0,0,6,8,7,5,2,5,1,6,1,1,0,33,61,8.49,2.167,12,3,7.5,9,1.2
471,Hoby Milner*,27,PHI,NL,0,0,,7.71,10,0,2,0,0,0,4.2,6,4,4,1,3,1,4,1,1,0,25,58,6.8,1.929,11.6,1.9,5.8,7.7,1.33
472,Hoby Milner*,27,TBR,AL,0,0,,6.75,2,0,0,0,0,0,1.1,2,3,1,1,2,0,2,0,0,0,8,75,14.41,3,13.5,6.8,13.5,13.5,1
473,Juan Minaya,27,CHW,AL,0,2,0,3.32,23,0,5,0,0,0,19,15,9,7,0,17,0,25,2,0,5,93,125,3.53,1.684,7.1,0,8.1,11.8,1.47
474,Mike Minor*,30,TEX,AL,6,6,0.5,4.89,18,18,0,0,0,0,99.1,98,57,54,16,24,0,79,6,1,3,417,95,4.57,1.228,8.9,1.4,2.2,7.2,3.29
475,A.J. Minter*,24,ATL,NL,3,2,0.6,3.12,44,0,13,0,0,5,40.1,35,15,14,1,15,1,44,1,0,2,167,127,2.49,1.24,7.8,0.2,3.3,9.8,2.93
476,Ariel Miranda*,29,SEA,AL,0,0,,1.80,1,1,0,0,0,0,5,6,1,1,0,4,0,5,0,0,0,24,238,3.56,2,10.8,0,7.2,9,1.25
477,Bryan Mitchell,27,SDP,NL,0,3,0,7.08,12,7,2,0,0,0,48.1,63,39,38,9,35,1,23,2,0,0,237,56,6.92,2.028,11.7,1.7,6.5,4.3,0.66
478,Frankie Montas,25,OAK,AL,5,2,0.714,3.35,8,8,0,0,0,0,48.1,52,20,18,2,15,0,30,2,0,4,205,122,3.51,1.386,9.7,0.4,2.8,5.6,2
479,Jordan Montgomery*,25,NYY,AL,2,0,1,3.62,6,6,0,0,0,0,27.1,25,11,11,3,12,0,23,0,0,0,116,120,4.22,1.354,8.2,1,4,7.6,1.92
480,Mike Montgomery*,28,CHC,NL,3,3,0.5,3.73,28,10,6,0,0,0,82,77,36,34,7,27,2,51,4,0,1,345,115,4.16,1.268,8.5,0.8,3,5.6,1.89
481,Matt Moore*,29,TEX,AL,1,6,0.143,7.70,20,12,4,0,0,0,71.1,104,66,61,10,33,1,54,5,0,6,350,60,5.06,1.921,13.1,1.3,4.2,6.8,1.64
482,Kendrys Morales,35,TOR,AL,0,0,,0.00,1,0,1,0,0,0,1,0,0,0,0,1,0,0,0,0,0,4,,6.16,1,0,0,9,0,0
483,Adam Morgan*,28,PHI,NL,0,2,0,4.78,41,0,6,0,0,1,26.1,27,16,14,4,13,2,25,0,0,2,118,87,4.71,1.519,9.2,1.4,4.4,8.5,1.92
484,Mike Morin,27,SEA,AL,0,0,,6.75,3,0,1,0,0,0,4,6,3,3,0,1,1,6,0,0,0,18,65,0.91,1.75,13.5,0,2.3,13.5,6
485,Reyes Moronta,25,SFG,NL,5,1,0.833,1.81,47,0,8,0,0,1,44.2,20,11,9,2,24,2,51,0,0,2,174,220,3.07,0.985,4,0.4,4.8,10.3,2.13
486,Akeel Morris,25,LAA,AL,0,0,,5.79,9,0,7,0,0,0,14,18,9,9,3,8,0,7,0,0,1,65,72,6.66,1.857,11.6,1.9,5.1,4.5,0.88
487,Brandon Morrow,33,CHC,NL,0,0,,1.47,35,0,30,0,0,22,30.2,24,5,5,2,9,0,31,1,0,1,122,296,2.96,1.076,7,0.6,2.6,9.1,3.44
488,Charlie Morton,34,HOU,AL,11,2,0.846,2.96,19,19,0,0,0,0,112.1,84,40,37,11,45,0,146,10,0,1,468,131,3.3,1.148,6.7,0.9,3.6,11.7,3.24
489,Taylor Motter,28,SEA,AL,0,0,,9.00,1,0,1,0,0,0,1,1,1,1,1,1,0,1,1,0,0,6,61,20.16,2,9,9,9,9,1
490,Gabriel Moya*,23,MIN,AL,0,0,,7.71,6,0,3,0,0,0,7,6,6,6,3,2,0,10,0,0,0,30,58,6.73,1.143,7.7,3.9,2.6,12.9,5
491,Peter Moylan,39,ATL,NL,0,1,0,4.67,37,0,6,0,0,0,27,31,14,14,4,17,3,23,2,0,2,124,85,5.49,1.778,10.3,1.3,5.7,7.7,1.35
492,Harrison Musgrave*,26,COL,NL,1,3,0.25,4.76,20,0,6,0,0,0,28.1,20,15,15,4,16,1,20,1,1,1,119,101,5.38,1.271,6.4,1.3,5.1,6.4,1.25
493,Joe Musgrove,25,PIT,NL,3,4,0.429,4.08,9,9,0,0,0,0,53,57,26,24,5,16,2,50,5,0,3,233,98,3.69,1.377,9.7,0.8,2.7,8.5,3.13
494,Zach Neal,29,LAD,NL,0,0,,9.00,1,0,1,0,0,0,1,2,1,1,1,0,0,0,0,0,0,5,61,16.16,2,18,9,0,0,
495,Hector Neris,29,PHI,NL,1,3,0.25,6.90,33,0,23,0,0,10,30,35,23,23,11,11,1,41,1,0,5,134,61,6.39,1.533,10.5,3.3,3.3,12.3,3.73
496,Pat Neshek,37,PHI,NL,0,0,,0.00,8,0,1,0,0,1,7,5,0,0,0,0,0,5,0,0,1,26,,1.73,0.714,6.4,0,0,6.4,
497,Dovydas Neverauskas,25,PIT,NL,0,0,,11.85,13,0,4,0,0,0,13.2,20,18,18,4,9,0,16,1,0,1,69,34,6.82,2.122,13.2,2.6,5.9,10.5,1.78
498,Sean Newcomb*,25,ATL,NL,9,5,0.643,3.41,20,20,0,0,0,0,111,86,45,42,12,56,0,102,0,0,4,462,116,4.24,1.279,7,1,4.5,8.3,1.82
499,Juan Nicasio,31,SEA,AL,1,4,0.2,6.03,40,0,4,0,0,1,37.1,47,27,25,4,4,0,47,2,0,0,162,67,2.52,1.366,11.3,1,1,11.3,11.75
500,Aaron Nola,25,PHI,NL,12,3,0.8,2.30,20,20,0,0,0,0,129,91,33,33,6,35,1,131,3,1,1,502,180,2.62,0.977,6.3,0.4,2.4,9.1,3.74
501,Bud Norris,33,STL,NL,3,3,0.5,3.38,41,0,28,0,0,18,40,36,17,15,5,7,0,51,4,0,4,162,117,3.06,1.075,8.1,1.1,1.6,11.5,7.29
502,Daniel Norris*,25,DET,AL,0,2,0,5.87,5,2,0,0,0,0,15.1,16,10,10,3,9,0,18,1,0,1,73,76,5.31,1.63,9.4,1.8,5.3,10.6,2
503,James Norwood,24,CHC,NL,0,1,0,3.86,4,0,1,0,0,0,4.2,5,2,2,0,2,0,3,0,0,0,21,120,3.16,1.5,9.6,0,3.9,5.8,1.5
504,Ivan Nova,31,PIT,NL,6,6,0.5,4.28,19,19,0,0,0,0,109.1,119,57,52,19,19,2,81,4,1,6,464,93,4.57,1.262,9.8,1.6,1.6,6.7,4.26
505,Vidal Nuno*,30,TBR,AL,3,0,1,1.50,9,0,5,0,0,0,24,14,5,4,3,9,3,17,0,0,0,94,267,4.49,0.958,5.3,1.1,3.4,6.4,1.89
506,Darren O'Day,35,BAL,AL,0,2,0,3.60,20,0,10,0,0,2,20,18,9,8,3,4,1,27,3,1,0,83,116,3.46,1.1,8.1,1.4,1.8,12.2,6.75
507,Chris O'Grady*,28,MIA,NL,0,1,0,6.43,8,0,1,0,0,0,7,7,5,5,2,4,0,8,0,0,0,32,61,6.3,1.571,9,2.6,5.1,10.3,2
508,Trevor Oaks,25,KCR,AL,0,2,0,7.24,4,2,1,0,0,0,13.2,21,11,11,1,6,0,10,0,0,0,65,60,3.96,1.976,13.8,0.7,4,6.6,1.67
509,Scott Oberg,28,COL,NL,6,0,1,3.10,27,0,4,0,0,0,29,26,11,10,1,8,0,23,3,0,0,120,154,3.16,1.172,8.1,0.3,2.5,7.1,2.88
510,Jake Odorizzi,28,MIN,AL,4,6,0.4,4.37,21,21,0,0,0,0,107,103,57,52,16,46,2,113,6,0,1,466,98,4.45,1.393,8.7,1.3,3.9,9.5,2.46
511,Alexi Ogando,34,CLE,AL,0,1,0,18.00,1,0,0,0,0,0,1,2,2,2,0,3,0,1,0,0,0,8,33,10.16,5,18,0,27,9,0.33
512,Seunghwan Oh,35,TOR,AL,4,3,0.571,2.74,47,0,6,0,0,2,46,37,14,14,5,10,1,54,3,0,1,186,154,3.07,1.022,7.2,1,2,10.6,5.4
513,Shohei Ohtani,23,LAA,AL,4,1,0.8,3.10,9,9,0,0,0,0,49.1,36,17,17,5,20,0,61,1,0,5,200,132,3.28,1.135,6.6,0.9,3.6,11.1,3.05
514,Tyler Olson*,28,CLE,AL,1,1,0.5,7.50,30,0,3,0,0,0,18,21,16,15,4,8,1,24,0,0,1,82,60,4.71,1.611,10.5,2,4,12,3
515,Josh Osich*,29,SFG,NL,0,0,,8.25,12,0,2,0,0,0,12,20,11,11,2,7,0,10,2,0,3,61,50,5.91,2.25,15,1.5,5.3,7.5,1.43
516,Roberto Osuna,23,TOR,AL,0,0,,2.93,15,0,13,0,0,9,15.1,16,5,5,0,1,0,13,2,0,1,63,146,2.05,1.109,9.4,0,0.6,7.6,13
517,Corey Oswalt,24,NYM,NL,0,2,0,5.64,5,4,1,0,0,0,22.1,16,14,14,4,6,1,15,1,0,1,89,69,5.08,0.985,6.4,1.6,2.4,6,2.5
518,Dan Otero,33,CLE,AL,1,1,0.5,5.54,38,0,10,0,0,1,37.1,40,25,23,8,4,3,28,2,1,0,157,80,4.93,1.179,9.6,1.9,1,6.8,7
519,Adam Ottavino,32,COL,NL,4,2,0.667,1.54,43,0,11,0,0,3,46.2,25,9,8,2,19,2,70,3,0,4,179,309,2.13,0.943,4.8,0.4,3.7,13.5,3.68
520,Emilio Pagan,27,OAK,AL,2,0,1,3.86,36,0,9,0,0,0,42,39,18,18,7,14,1,39,2,0,3,180,106,4.61,1.262,8.4,1.5,3,8.4,2.79
521,Eduardo Paredes,23,LAA,AL,0,0,,7.71,13,0,7,0,0,0,16.1,25,14,14,5,6,0,13,0,0,0,79,54,6.65,1.898,13.8,2.8,3.3,7.2,2.17
522,Edward Paredes*,31,LAD,NL,2,0,1,5.87,15,0,1,0,0,0,7.2,7,5,5,2,2,0,8,1,0,0,33,70,5.64,1.174,8.2,2.3,2.3,9.4,4
523,Blake Parker,33,LAA,AL,2,1,0.667,2.98,44,0,25,0,0,10,45.1,40,15,15,6,14,1,52,0,0,5,184,138,3.51,1.191,7.9,1.2,2.8,10.3,3.71
524,James Paxton*,29,SEA,AL,8,4,0.667,3.70,20,20,0,2,1,0,119.1,97,49,49,16,33,0,155,1,0,6,481,108,3.16,1.089,7.3,1.2,2.5,11.7,4.7
525,James Pazos*,27,SEA,AL,2,1,0.667,2.43,39,0,1,0,0,0,33.1,29,9,9,1,5,0,30,4,0,2,133,166,2.56,1.02,7.8,0.3,1.4,8.1,6
526,Brad Peacock,30,HOU,AL,1,4,0.2,2.95,40,0,14,0,0,2,42.2,32,14,14,9,12,0,59,2,0,3,174,132,4.12,1.031,6.8,1.9,2.5,12.4,4.92
527,Felix Pena,28,LAA,AL,1,0,1,3.42,7,5,1,0,0,0,26.1,26,10,10,4,9,0,32,1,0,2,113,121,3.84,1.329,8.9,1.4,3.1,10.9,3.56
528,Cliff Pennington,34,CIN,NL,0,0,,9.00,1,0,1,0,0,0,1,1,1,1,0,2,0,1,0,0,0,6,63,7.16,3,9,0,18,9,0.5
529,Freddy Peralta,22,MIL,NL,4,1,0.8,2.65,7,7,0,0,0,0,37.1,18,11,11,2,18,0,50,1,0,2,145,159,2.7,0.964,4.3,0.5,4.3,12.1,2.78
530,Wandy Peralta*,26,CIN,NL,1,2,0.333,6.14,37,0,4,0,0,0,29.1,31,22,20,1,25,2,21,2,0,0,144,68,4.93,1.909,9.5,0.3,7.7,6.4,0.84
531,Wily Peralta,29,KCR,AL,0,0,,3.18,12,0,8,0,0,4,11.1,8,4,4,0,9,1,12,0,0,2,49,138,3.42,1.5,6.4,0,7.1,9.5,1.33
532,Luis Perdomo,25,SDP,NL,1,5,0.167,6.99,8,8,0,0,0,0,37.1,52,31,29,4,19,2,31,3,0,3,183,57,4.66,1.902,12.5,1,4.6,7.5,1.63
533,Cionel Perez*,22,HOU,AL,0,0,,4.50,3,0,1,0,0,0,4,3,2,2,0,3,0,5,0,0,0,18,94,2.91,1.5,6.8,0,6.8,11.3,1.67
534,Hernan Perez,27,MIL,NL,0,0,,0.00,2,0,1,0,0,0,2.1,1,0,0,0,1,0,1,1,0,0,10,,4.87,0.857,3.9,0,3.9,3.9,1
535,Martin Perez*,27,TEX,AL,2,4,0.333,8.05,7,7,0,0,0,0,34.2,56,32,31,9,16,0,21,2,1,2,170,58,6.88,2.077,14.5,2.3,4.2,5.5,1.31
536,Oliver Perez*,36,CLE,AL,0,0,,1.23,23,0,0,0,0,0,14.2,6,2,2,1,2,1,14,0,0,1,52,367,2.54,0.545,3.7,0.6,1.2,8.6,7
537,Dillon Peters*,25,MIA,NL,2,2,0.5,7.16,7,5,2,0,0,0,27.2,34,22,22,4,15,0,17,1,0,3,129,53,5.54,1.771,11.1,1.3,4.9,5.5,1.13
538,Tim Peterson,27,NYM,NL,2,1,0.667,4.50,15,0,5,0,0,0,18,15,9,9,5,2,1,18,1,0,0,71,86,5.27,0.944,7.5,2.5,1,9,9
539,Yusmeiro Petit,33,OAK,AL,5,2,0.714,3.47,47,0,9,0,0,0,62.1,56,25,24,9,10,2,49,0,0,1,248,118,3.94,1.059,8.1,1.3,1.4,7.1,4.9
540,Jake Petricka,30,TOR,AL,1,0,1,3.05,17,0,3,0,0,0,20.2,24,12,7,2,7,0,17,0,0,0,89,140,3.79,1.5,10.5,0.9,3,7.4,2.43
541,Evan Phillips,23,ATL,NL,0,0,,11.57,3,0,3,0,0,0,4.2,5,6,6,3,4,0,2,0,0,0,23,37,13.23,1.929,9.6,5.8,7.7,3.9,0.5
542,Nick Pivetta,25,PHI,NL,6,8,0.429,4.69,21,20,1,0,0,0,101.2,105,57,53,14,30,0,122,4,0,5,437,88,3.55,1.328,9.3,1.2,2.7,10.8,4.07
543,Adam Plutko,26,CLE,AL,4,2,0.667,4.87,8,6,1,0,0,1,40.2,41,22,22,11,11,0,29,0,1,1,169,91,6.06,1.279,9.1,2.4,2.4,6.4,2.64
544,Drew Pomeranz*,29,BOS,AL,1,3,0.25,6.81,8,8,0,0,0,0,37,47,29,28,7,21,0,36,0,1,3,173,65,5.37,1.838,11.4,1.7,5.1,8.8,1.71
545,Daniel Poncedeleon,26,STL,NL,0,0,,0.00,1,1,0,0,0,0,7,0,0,0,0,3,0,3,0,0,0,24,,3.59,0.429,0,0,3.9,3.9,1
546,Rick Porcello,29,BOS,AL,12,4,0.75,3.93,21,21,0,0,0,0,126,124,60,55,14,32,0,121,10,1,2,539,112,3.68,1.238,8.9,1,2.3,8.6,3.78
547,Brooks Pounders,27,COL,NL,0,1,0,7.63,14,0,11,0,0,0,15.1,25,13,13,3,2,0,17,2,0,1,72,63,4.27,1.761,14.7,1.8,1.2,10,8.5
548,Bobby Poyner*,25,BOS,AL,1,0,1,1.69,10,0,3,0,0,0,10.2,12,2,2,1,1,0,10,0,0,0,44,270,2.78,1.219,10.1,0.8,0.8,8.4,10
549,Ryan Pressly,29,MIN,AL,1,1,0.5,3.52,49,0,6,0,0,0,46,46,19,18,5,19,1,67,2,0,6,203,122,3.03,1.413,9,1,3.7,13.1,3.53
550,David Price*,32,BOS,AL,11,6,0.647,4.17,20,20,0,1,0,0,114.1,105,56,53,18,35,0,114,6,0,1,475,106,4.29,1.224,8.3,1.4,2.8,9,3.26
551,Austin Pruitt,28,TBR,AL,2,3,0.4,4.18,17,0,8,0,0,1,56,55,28,26,6,12,0,32,1,0,1,229,95,4.1,1.196,8.8,1,1.9,5.1,2.67
552,Kevin Quackenbush,29,CIN,NL,0,1,0,11.00,10,0,1,0,0,0,9,13,11,11,3,6,1,7,0,0,0,45,39,7.94,2.111,13,3,6,7,1.17
553,Jose Quintana*,29,CHC,NL,9,6,0.6,3.87,19,19,0,0,0,0,104.2,95,48,45,14,49,3,93,1,0,3,449,111,4.55,1.376,8.2,1.2,4.2,8,1.9
554,Tanner Rainey,25,CIN,NL,0,0,,24.43,8,0,2,0,0,0,7,13,19,19,4,12,1,7,0,0,0,45,18,13.73,3.571,16.7,5.1,15.4,9,0.58
555,Carlos Ramirez,27,TOT,AL,0,0,,3.24,5,0,3,0,0,0,8.1,3,3,3,0,9,0,5,1,0,2,37,138,5.56,1.44,3.2,0,9.7,5.4,0.56
556,Carlos Ramirez,27,TOR,AL,0,0,,3.86,2,0,2,0,0,0,2.1,1,1,1,0,5,0,3,0,0,1,13,126,7.02,2.571,3.9,0,19.3,11.6,0.6
557,Carlos Ramirez,27,OAK,AL,0,0,,3.00,3,0,1,0,0,0,6,2,2,2,0,4,0,2,1,0,1,24,144,4.99,1,3,0,6,3,0.5
558,Erasmo Ramirez,28,SEA,AL,0,2,0,10.24,2,2,0,0,0,0,9.2,14,11,11,7,1,0,6,1,0,0,45,40,11.95,1.552,13,6.5,0.9,5.6,6
559,J.C. Ramirez,29,LAA,AL,0,2,0,9.45,2,2,0,0,0,0,6.2,7,8,7,3,7,0,4,0,0,0,33,46,10.96,2.1,9.5,4.1,9.5,5.4,0.57
560,Jose Ramirez,28,ATL,NL,0,2,0,17.05,7,0,1,0,0,0,6.1,9,12,12,0,8,2,7,2,0,0,38,24,5.68,2.684,12.8,0,11.4,9.9,0.88
561,Neil Ramirez,29,CLE,AL,0,0,,3.91,27,0,3,0,0,0,23,18,10,10,5,8,1,26,2,0,0,95,114,5.03,1.13,7,2,3.1,10.2,3.25
562,Noe Ramirez,28,LAA,AL,4,3,0.571,4.42,47,0,8,0,0,0,55,48,28,27,10,22,2,67,5,0,3,236,93,4.56,1.273,7.9,1.6,3.6,11,3.05
563,Yefry Ramirez,24,BAL,AL,0,3,0,3.09,5,4,0,0,0,0,23.1,19,9,8,2,9,0,24,2,0,2,97,135,3.63,1.2,7.3,0.8,3.5,9.3,2.67
564,AJ Ramos,31,NYM,NL,2,2,0.5,6.41,28,0,5,0,0,0,19.2,17,14,14,3,15,0,22,0,0,1,88,60,5.19,1.627,7.8,1.4,6.9,10.1,1.47
565,Edubray Ramos,25,PHI,NL,3,1,0.75,1.91,39,0,9,0,0,1,33,27,10,7,2,13,2,33,1,0,2,136,218,3.22,1.212,7.4,0.5,3.5,9,2.54
566,Josh Ravin,30,ATL,NL,0,1,0,6.00,2,0,2,0,0,0,3,2,2,2,0,2,0,1,1,0,0,14,74,5.49,1.333,6,0,6,3,0.5
567,Robbie Ray*,26,ARI,NL,3,2,0.6,5.37,11,11,0,0,0,0,53.2,53,33,32,12,28,2,75,3,0,2,240,83,5,1.509,8.9,2,4.7,12.6,2.68
568,Addison Reed,29,MIN,AL,1,5,0.167,4.83,41,0,9,0,0,0,41,46,23,22,8,13,3,37,3,0,2,176,89,5.06,1.439,10.1,1.8,2.9,8.1,2.85
569,Cody Reed*,25,CIN,NL,0,0,,5.40,4,1,1,0,0,0,5,5,5,3,2,1,0,7,0,0,2,23,82,6.16,1.2,9,3.6,1.8,12.6,7
570,Zac Reininger,25,DET,AL,0,0,,10.29,7,0,4,0,0,0,7,10,8,8,2,5,1,4,0,0,0,34,45,7.87,2.143,12.9,2.6,6.4,5.1,0.8
571,Alex Reyes,23,STL,NL,0,0,,0.00,1,1,0,0,0,0,4,3,0,0,0,2,0,2,1,0,0,15,,4.41,1.25,6.8,0,4.5,4.5,1
572,Mark Reynolds,34,WSN,NL,0,0,,0.00,1,0,1,0,0,0,0.1,0,0,0,0,0,0,0,0,0,0,1,,3.16,0,0,0,0,0,
573,Jacob Rhame,25,NYM,NL,0,1,0,5.74,16,0,6,0,0,1,15.2,17,10,10,4,4,1,12,0,0,0,67,68,5.71,1.34,9.8,2.3,2.3,6.9,3
574,Clayton Richard*,34,SDP,NL,7,9,0.438,4.82,21,21,0,0,0,0,127,120,71,68,12,51,1,95,9,0,5,541,82,4.31,1.346,8.5,0.9,3.6,6.7,1.86
575,Garrett Richards,30,LAA,AL,5,4,0.556,3.66,16,16,0,0,0,0,76.1,64,43,31,11,34,0,87,1,0,15,324,112,4.13,1.284,7.5,1.3,4,10.3,2.56
576,Trevor Richards,25,MIA,NL,3,5,0.375,4.41,14,14,0,0,0,0,69.1,69,35,34,5,32,2,63,4,0,6,304,85,3.84,1.457,9,0.6,4.2,8.2,1.97
577,Yacksel Rios,25,PHI,NL,3,1,0.75,4.91,25,0,6,0,0,0,25.2,27,14,14,4,8,1,23,2,0,1,111,85,4.56,1.364,9.5,1.4,2.8,8.1,2.88
578,Anthony Rizzo*,28,CHC,NL,0,0,,0.00,1,0,1,0,0,0,0.1,0,0,0,0,0,0,0,0,0,0,1,,3.16,0,0,0,0,0,
579,Tanner Roark,31,WSN,NL,3,12,0.2,4.87,20,19,1,0,0,0,114.2,117,64,62,15,43,3,98,9,0,5,498,87,4.51,1.395,9.2,1.2,3.4,7.7,2.28
580,Daniel Robertson,24,TBR,AL,0,0,,0.00,1,0,1,0,0,0,1,0,0,0,0,0,0,0,0,0,0,3,,3.16,0,0,0,0,0,
581,David Robertson,33,NYY,AL,7,3,0.7,3.05,44,0,7,0,0,2,44.1,29,16,15,3,14,1,55,0,0,1,177,142,2.5,0.97,5.9,0.6,2.8,11.2,3.93
582,Hansel Robles,27,TOT,MLB,2,3,0.4,4.13,30,0,6,0,0,0,32.2,32,15,15,8,16,1,37,2,0,1,142,97,5.73,1.469,8.8,2.2,4.4,10.2,2.31
583,Hansel Robles,27,NYM,NL,2,2,0.5,5.03,16,0,3,0,0,0,19.2,21,11,11,7,10,1,23,1,0,1,88,77,7.12,1.576,9.6,3.2,4.6,10.5,2.3
584,Hansel Robles,27,LAA,AL,0,1,0,2.77,14,0,3,0,0,0,13,11,4,4,1,6,0,14,1,0,0,54,151,3.62,1.308,7.6,0.7,4.2,9.7,2.33
585,Fernando Rodney,41,MIN,AL,2,2,0.5,3.53,38,0,32,0,0,21,35.2,33,16,14,4,13,0,40,2,0,1,154,122,3.63,1.29,8.3,1,3.3,10.1,3.08
586,Carlos Rodon*,25,CHW,AL,2,3,0.4,3.56,7,7,0,0,0,0,43,34,19,17,7,17,0,35,3,0,2,182,115,5.04,1.186,7.1,1.5,3.6,7.3,2.06
587,Dereck Rodriguez,26,SFG,NL,5,1,0.833,2.72,10,8,1,0,0,0,53,48,19,16,3,13,1,42,5,0,0,222,147,3.33,1.151,8.2,0.5,2.2,7.1,3.23
588,Eduardo Rodriguez*,25,BOS,AL,11,3,0.786,3.44,19,19,0,0,0,0,104.2,96,41,40,12,32,1,110,4,0,1,444,129,3.58,1.223,8.3,1,2.8,9.5,3.44
589,Jefry Rodriguez,24,WSN,NL,0,1,0,6.86,5,3,0,0,0,0,19.2,21,15,15,4,12,3,17,2,0,0,91,62,6.21,1.678,9.6,1.8,5.5,7.8,1.42
590,Ricardo Rodriguez,25,TEX,AL,0,0,,4.05,4,0,0,0,0,0,6.2,11,3,3,0,1,1,3,0,0,0,31,120,2.71,1.8,14.9,0,1.4,4.1,3
591,Richard Rodriguez,28,PIT,NL,2,2,0.5,2.29,35,0,12,0,0,0,39.1,33,10,10,3,8,2,50,1,0,7,155,175,2.29,1.042,7.6,0.7,1.8,11.4,6.25
592,Chaz Roe,31,TBR,AL,1,2,0.333,3.60,41,0,6,0,0,1,35,24,14,14,4,13,1,38,5,0,1,141,111,4.02,1.057,6.2,1,3.3,9.8,2.92
593,Taylor Rogers*,27,MIN,AL,1,2,0.333,4.02,42,0,3,0,0,0,40.1,38,18,18,3,10,1,41,0,0,0,161,107,2.84,1.19,8.5,0.7,2.2,9.1,4.1
594,Sal Romano,24,CIN,NL,5,8,0.385,5.19,20,19,0,0,0,0,104,108,63,60,19,41,4,74,2,0,3,459,80,5.35,1.433,9.3,1.6,3.5,6.4,1.8
595,Enny Romero*,27,TOT,MLB,0,0,,12.60,8,0,2,0,0,0,10,23,17,14,4,6,3,10,1,0,2,61,36,8.46,2.9,20.7,3.6,5.4,9,1.67
596,Enny Romero*,27,TOT,NL,0,0,,7.50,4,0,2,0,0,0,6,12,8,5,1,4,2,7,1,0,2,37,61,5.49,2.667,18,1.5,6,10.5,1.75
597,Enny Romero*,27,WSN,NL,0,0,,13.50,2,0,0,0,0,0,2,5,3,3,1,1,0,2,1,0,0,13,37,10.66,3,22.5,4.5,4.5,9,2
598,Enny Romero*,27,PIT,NL,0,0,,4.50,2,0,2,0,0,0,4,7,5,2,0,3,2,5,0,0,2,24,97,2.91,2.5,15.8,0,6.8,11.3,1.67
599,Enny Romero*,27,KCR,AL,0,0,,20.25,4,0,0,0,0,0,4,11,9,9,3,2,1,3,0,0,0,24,23,12.91,3.25,24.8,6.8,4.5,6.8,1.5
600,Fernando Romero,23,MIN,AL,3,3,0.5,4.69,11,11,0,0,0,0,55.2,60,31,29,6,19,1,45,7,0,7,247,92,4.34,1.419,9.7,1,3.1,7.3,2.37
601,Andrew Romine,32,SEA,AL,0,0,,18.00,1,0,1,0,0,0,1,2,2,2,0,1,0,0,0,0,1,6,31,6.16,3,18,0,9,0,0
602,Sergio Romo,35,TBR,AL,1,2,0.333,3.74,47,5,19,0,0,11,43.1,39,18,18,5,16,0,47,2,0,2,184,106,3.73,1.269,8.1,1,3.3,9.8,2.94
603,Bruce Rondon,27,CHW,AL,2,3,0.4,8.49,35,0,5,0,0,1,29.2,37,30,28,1,27,2,40,1,0,6,154,49,3.73,2.157,11.2,0.3,8.2,12.1,1.48
604,Hector Rondon,30,HOU,AL,1,2,0.333,1.53,38,0,16,0,0,9,35.1,29,7,6,1,11,1,46,0,0,1,143,255,1.86,1.132,7.4,0.3,2.8,11.7,4.18
605,Randy Rosario*,24,CHC,NL,4,0,1,2.03,25,0,4,0,0,0,31,27,8,7,4,14,1,17,0,0,1,128,213,5.09,1.323,7.8,1.2,4.1,4.9,1.21
606,Tyson Ross,31,SDP,NL,6,8,0.429,4.29,20,20,0,0,0,0,113.1,100,57,54,15,46,2,102,7,0,4,483,93,4.48,1.288,7.9,1.2,3.7,8.1,2.22
607,Zac Rosscup*,30,LAD,NL,0,0,,0.00,3,0,1,0,0,0,1,0,0,0,0,0,0,1,0,0,0,3,,1.16,0,0,0,0,9,
608,Chris Rowley,27,TOR,AL,0,1,0,40.50,2,0,2,0,0,0,0.2,2,4,3,1,1,1,0,0,0,0,6,16,27.16,4.5,27,13.5,13.5,0,0
609,Ryan Rua,28,TEX,AL,0,0,,0.00,1,0,1,0,0,0,1,0,0,0,0,0,0,1,0,0,0,3,,1.16,0,0,0,0,9,
610,Drew Rucinski,29,MIA,NL,4,1,0.8,3.12,13,0,4,0,0,0,17.1,12,6,6,1,3,1,14,1,0,1,67,122,2.98,0.865,6.2,0.5,1.6,7.3,4.67
611,Nick Rumbelow,26,SEA,AL,0,0,,7.84,8,0,4,0,0,0,10.1,15,9,9,5,2,1,8,1,0,2,48,53,8.77,1.645,13.1,4.4,1.7,7,4
612,Chris Rusin*,31,COL,NL,0,2,0,6.81,35,0,7,0,0,0,39.2,42,33,30,7,20,0,34,2,1,3,179,70,5.4,1.563,9.5,1.6,4.5,7.7,1.7
613,Hyun-Jin Ryu*,31,LAD,NL,3,0,1,2.12,6,6,0,0,0,0,29.2,16,7,7,3,10,0,36,1,0,0,115,187,3.16,0.876,4.9,0.9,3,10.9,3.6
614,Marc Rzepczynski*,32,TOT,AL,0,1,0,6.97,23,0,1,0,0,0,10.1,16,11,8,2,10,2,11,0,0,1,57,63,6.45,2.516,13.9,1.7,8.7,9.6,1.1
615,Marc Rzepczynski*,32,SEA,AL,0,1,0,9.39,18,0,0,0,0,0,7.2,13,11,8,2,9,2,10,0,0,1,47,45,7.46,2.87,15.3,2.3,10.6,11.7,1.11
616,Marc Rzepczynski*,32,CLE,AL,0,0,,0.00,5,0,1,0,0,0,2.2,3,0,0,0,1,0,1,0,0,0,10,,3.53,1.5,10.1,0,3.4,3.4,1
617,CC Sabathia*,37,NYY,AL,6,4,0.6,3.51,18,18,0,0,0,0,100,98,48,39,14,29,0,77,8,0,2,430,122,4.55,1.27,8.8,1.3,2.6,6.9,2.66
618,Fernando Salas,33,ARI,NL,4,4,0.5,4.50,41,0,12,0,0,0,40,40,20,20,5,13,4,30,1,0,2,170,99,4.33,1.325,9,1.1,2.9,6.8,2.31
619,Chris Sale*,29,BOS,AL,11,4,0.733,2.13,21,21,0,0,0,0,135,87,34,32,10,31,0,197,10,0,3,526,207,2.11,0.874,5.8,0.7,2.1,13.1,6.35
620,Jeff Samardzija,33,SFG,NL,1,5,0.167,6.25,10,10,0,0,0,0,44.2,47,32,31,6,26,1,30,2,0,2,207,64,5.44,1.634,9.5,1.2,5.2,6,1.15
621,Aaron Sanchez,25,TOR,AL,3,5,0.375,4.52,15,15,0,0,0,0,79.2,75,43,40,8,45,1,67,6,0,2,358,93,4.7,1.506,8.5,0.9,5.1,7.6,1.49
622,Anibal Sanchez,34,ATL,NL,5,2,0.714,2.76,13,12,0,0,0,0,71.2,54,24,22,9,22,0,70,3,0,3,289,143,3.88,1.06,6.8,1.1,2.8,8.8,3.18
623,Pablo Sandoval,31,SFG,NL,0,0,,0.00,1,0,1,0,0,0,1,0,0,0,0,0,0,0,0,0,0,3,,3.16,0,0,0,0,0,
624,Dennis Santana,22,LAD,NL,1,0,1,12.27,1,0,0,0,0,0,3.2,6,5,5,0,1,0,4,1,0,1,19,35,2.61,1.909,14.7,0,2.5,9.8,4
625,Edgar Santana,26,PIT,NL,2,1,0.667,3.09,46,0,7,0,0,0,43.2,39,16,15,5,5,0,40,1,0,2,174,129,3.23,1.008,8,1,1,8.2,8
626,Hector Santiago*,30,CHW,AL,3,3,0.5,5.81,31,7,16,0,0,0,69.2,77,46,45,15,42,3,60,3,0,0,321,70,6.17,1.708,9.9,1.9,5.4,7.8,1.43
627,Luis Santos,27,TOR,AL,0,1,0,7.20,6,1,0,0,0,0,10,14,8,8,1,5,0,12,0,0,0,46,60,3.56,1.9,12.6,0.9,4.5,10.8,2.4
628,Warwick Saupold,28,DET,AL,4,1,0.8,4.46,31,0,13,0,0,1,34.1,41,17,17,6,13,1,16,2,0,2,158,99,5.81,1.573,10.7,1.6,3.4,4.2,1.23
629,Max Scherzer,33,WSN,NL,13,5,0.722,2.43,21,21,0,1,1,0,140.2,95,41,38,15,35,3,189,7,0,4,551,173,2.75,0.924,6.1,1,2.2,12.1,5.4
630,Jaime Schultz,27,TBR,AL,1,0,1,4.70,6,0,1,0,0,0,7.2,1,4,4,0,6,0,14,1,0,0,30,88,2.24,0.913,1.2,0,7,16.4,2.33
631,Robby Scott*,28,BOS,AL,0,1,0,15.43,2,0,1,0,0,0,2.1,3,4,4,1,1,0,2,2,0,0,13,33,10.87,1.714,11.6,3.9,3.9,7.7,2
632,Tanner Scott*,23,BAL,AL,1,2,0.333,6.67,29,0,3,0,0,0,28.1,34,21,21,4,15,1,43,1,0,2,132,62,3.65,1.729,10.8,1.3,4.8,13.7,2.87
633,Troy Scribner,26,ARI,NL,0,1,0,4.91,1,1,0,0,0,0,3.2,4,2,2,0,6,0,4,0,0,0,21,98,5.89,2.727,9.8,0,14.7,9.8,0.67
634,Antonio Senzatela,23,COL,NL,3,3,0.5,5.55,13,3,2,0,0,0,35.2,36,23,22,3,11,0,26,2,0,0,154,86,3.89,1.318,9.1,0.8,2.8,6.6,2.36
635,Luis Severino,24,NYY,AL,14,3,0.824,2.63,21,21,0,1,1,0,133.1,108,41,39,12,32,0,152,3,0,3,528,163,2.84,1.05,7.3,0.8,2.2,10.3,4.75
636,Paul Sewald,28,NYM,NL,0,4,0,5.05,28,0,6,0,0,0,41,40,24,23,7,13,0,42,1,0,0,174,76,4.35,1.293,8.8,1.5,2.9,9.2,3.23
637,Kevin Shackelford,29,CIN,NL,0,1,0,7.88,5,0,1,0,0,0,8,13,8,7,0,4,1,7,1,0,1,41,55,3.28,2.125,14.6,0,4.5,7.9,1.75
638,Bryan Shaw,30,COL,NL,3,5,0.375,6.98,45,0,7,0,0,0,40,53,37,31,8,22,1,40,0,0,7,190,68,5.41,1.875,11.9,1.8,5,9,1.82
639,Jimmie Sherfy,26,ARI,NL,0,0,,2.25,4,0,2,0,0,0,4,2,1,1,1,4,0,3,0,0,0,18,213,7.91,1.5,4.5,2.3,9,6.8,0.75
640,Ryan Sherriff*,28,STL,NL,0,0,,6.35,5,0,0,0,0,0,5.2,8,4,4,1,2,0,3,1,0,0,27,66,5.98,1.765,12.7,1.6,3.2,4.8,1.5
641,James Shields,36,CHW,AL,4,11,0.267,4.26,22,21,1,0,0,0,133,118,72,63,15,50,0,97,4,1,8,564,96,4.38,1.263,8,1,3.4,6.6,1.94
642,Braden Shipley,26,ARI,NL,0,0,,7.20,3,0,2,0,0,0,5,4,4,4,0,2,0,3,1,0,0,21,66,3.76,1.2,7.2,0,3.6,5.4,1.5
643,Matt Shoemaker,31,LAA,AL,1,0,1,4.76,1,1,0,0,0,0,5.2,4,3,3,0,4,0,4,0,0,0,24,91,3.86,1.412,6.4,0,6.4,6.4,1
644,Chasen Shreve*,27,NYY,AL,2,2,0.5,4.25,38,0,15,0,0,1,36,35,22,17,8,17,0,45,1,0,2,160,102,5.05,1.444,8.8,2,4.3,11.3,2.65
645,Lucas Sims,24,ATL,NL,0,0,,7.84,6,0,2,0,0,0,10.1,12,9,9,2,8,1,10,1,0,0,52,52,6.35,1.935,10.5,1.7,7,8.7,1.25
646,Tony Sipp*,34,HOU,AL,2,0,1,1.85,28,0,6,0,0,0,24.1,16,5,5,0,8,0,27,1,0,2,93,212,2.05,0.986,5.9,0,3,10,3.38
647,Tyler Skaggs*,26,LAA,AL,7,6,0.538,2.68,18,18,0,0,0,0,104,96,34,31,8,31,0,106,3,0,2,428,152,3.1,1.221,8.3,0.7,2.7,9.2,3.42
648,Eric Skoglund*,25,KCR,AL,1,5,0.167,6.70,9,9,0,0,0,0,49.2,55,37,37,10,14,0,39,5,0,2,217,64,5.35,1.389,10,1.8,2.5,7.1,2.79
649,Aaron Slegers,25,MIN,AL,1,1,0.5,5.68,3,2,0,0,0,0,12.2,16,8,8,3,2,0,5,1,0,0,56,77,6.16,1.421,11.4,2.1,1.4,3.6,2.5
650,Burch Smith,28,KCR,AL,0,1,0,5.98,26,2,12,0,0,0,43.2,48,29,29,9,22,1,45,2,1,0,194,71,5.43,1.603,9.9,1.9,4.5,9.3,2.05
651,Caleb Smith*,26,MIA,NL,5,6,0.455,4.19,16,16,0,0,0,0,77.1,63,36,36,10,33,2,88,3,0,0,326,89,3.96,1.241,7.3,1.2,3.8,10.2,2.67
652,Carson Smith,28,BOS,AL,1,1,0.5,3.77,18,0,5,0,0,0,14.1,14,6,6,2,6,0,18,0,0,0,64,120,3.72,1.395,8.8,1.3,3.8,11.3,3
653,Drew Smith,24,NYM,NL,0,0,,3.00,3,0,2,0,0,0,3,4,1,1,0,2,0,2,0,0,0,14,144,3.82,2,12,0,6,6,1
654,Joe Smith,34,HOU,AL,3,1,0.75,4.05,31,0,10,0,0,0,26.2,19,12,12,4,7,0,25,0,0,0,101,97,4.02,0.975,6.4,1.4,2.4,8.4,3.57
655,Will Smith*,28,SFG,NL,0,1,0,1.50,31,0,10,0,0,3,30,19,6,5,0,7,2,40,0,0,1,115,267,1.19,0.867,5.7,0,2.1,12,5.71
656,Josh Smoker*,29,PIT,NL,0,0,,11.12,7,0,1,0,0,0,5.2,11,7,7,2,5,0,2,0,0,2,31,38,9.69,2.824,17.5,3.2,7.9,3.2,0.4
657,Jake Smolinski,29,OAK,AL,0,0,,18.00,1,0,1,0,0,0,1,2,2,2,1,0,0,0,0,0,0,5,31,16.16,2,18,9,0,0,
658,Blake Snell*,25,TBR,AL,12,5,0.706,2.27,20,20,0,0,0,0,119,80,32,30,12,47,2,134,1,0,13,474,174,3.43,1.067,6.1,0.9,3.6,10.1,2.85
659,D.J. Snelten*,26,SFG,NL,0,0,,10.38,4,0,0,0,0,0,4.1,9,6,5,2,3,0,4,0,0,0,26,42,9.39,2.769,18.7,4.2,6.2,8.3,1.33
660,Miguel Socolovich,31,ATL,NL,0,1,0,10.80,4,0,3,0,0,0,5,8,6,6,0,2,0,4,0,0,0,25,39,2.76,2,14.4,0,3.6,7.2,2
661,Sammy Solis*,29,WSN,NL,1,1,0.5,4.40,42,0,0,0,0,0,28.2,25,14,14,3,15,1,32,2,0,3,124,97,4.06,1.395,7.8,0.9,4.7,10,2.13
662,Joakim Soria,34,CHW,AL,0,3,0,2.63,39,0,28,0,0,15,37.2,34,13,11,2,10,1,48,1,0,1,160,156,2.18,1.168,8.1,0.5,2.4,11.5,4.8
663,Mike Soroka,20,ATL,NL,2,1,0.667,3.51,5,5,0,0,0,0,25.2,30,14,10,1,7,0,21,0,0,2,113,113,2.85,1.442,10.5,0.4,2.5,7.4,3
664,Cory Spangenberg,27,SDP,NL,0,0,,13.50,2,0,2,0,0,0,2,4,3,3,0,3,0,0,0,0,0,12,35,7.66,3.5,18,0,13.5,0,0
665,Glenn Sparkman,26,KCR,AL,0,1,0,6.75,3,0,1,0,0,0,5.1,7,4,4,0,3,2,5,0,0,0,26,67,2.97,1.875,11.8,0,5.1,8.4,1.67
666,Craig Stammen,34,SDP,NL,4,1,0.8,2.76,44,0,3,0,0,0,49,46,16,15,1,10,2,55,3,0,3,201,145,1.97,1.143,8.4,0.2,1.8,10.1,5.5
667,Ryne Stanek,26,TBR,AL,1,2,0.333,1.91,31,13,8,0,0,0,37.2,21,8,8,2,16,1,47,0,0,1,149,208,2.63,0.982,5,0.5,3.8,11.2,2.94
668,Drew Steckenrider,27,MIA,NL,3,1,0.75,3.48,48,0,5,0,0,1,44,37,17,17,2,20,4,51,2,0,0,185,108,2.93,1.295,7.6,0.4,4.1,10.4,2.55
669,Jackson Stephens,24,CIN,NL,2,2,0.5,4.82,18,0,5,0,0,0,28,40,23,15,6,9,2,23,1,0,2,135,87,5.37,1.75,12.9,1.9,2.9,7.4,2.56
670,Brock Stewart,26,LAD,NL,0,1,0,6.11,9,2,3,0,0,0,17.2,23,15,12,4,9,3,14,2,0,1,90,66,6.38,1.811,11.7,2,4.6,7.1,1.56
671,Robert Stock,28,SDP,NL,0,0,,12.27,5,0,0,0,0,0,3.2,11,5,5,0,0,0,6,2,0,1,23,36,1.52,3,27,0,0,14.7,
672,Eric Stout*,25,KCR,AL,0,0,,23.14,3,0,0,0,0,0,2.1,7,7,6,2,2,0,2,0,0,0,16,21,15.16,3.857,27,7.7,7.7,7.7,1
673,Matt Strahm*,26,SDP,NL,2,2,0.5,2.21,20,5,3,0,0,0,36.2,22,11,9,3,14,1,35,2,0,1,149,181,3.62,0.982,5.4,0.7,3.4,8.6,2.5
674,Dan Straily,29,MIA,NL,4,4,0.5,4.02,15,15,0,0,0,0,78.1,66,38,35,13,37,3,63,4,0,0,334,93,5.28,1.315,7.6,1.5,4.3,7.2,1.7
675,Stephen Strasburg,29,WSN,NL,6,7,0.462,3.90,14,14,0,0,0,0,85.1,77,41,37,12,21,2,101,4,1,4,351,108,3.5,1.148,8.1,1.3,2.2,10.7,4.81
676,Chris Stratton,27,SFG,NL,8,6,0.571,4.93,18,18,0,0,0,0,96.2,103,57,53,11,36,1,73,2,0,4,415,81,4.31,1.438,9.6,1,3.4,6.8,2.03
677,Hunter Strickland,29,SFG,NL,3,3,0.5,2.84,34,0,28,0,0,13,31.2,26,12,10,2,13,2,29,0,0,3,135,141,3.38,1.232,7.4,0.6,3.7,8.2,2.23
678,Ross Stripling,28,LAD,NL,8,2,0.8,2.43,26,15,2,0,0,0,100,96,28,27,13,14,2,114,1,0,2,405,162,3.02,1.1,8.6,1.2,1.3,10.3,8.14
679,Marcus Stroman,27,TOR,AL,3,7,0.3,5.42,13,13,0,0,0,0,73,78,48,44,8,28,0,59,1,1,3,318,78,4.16,1.452,9.6,1,3.5,7.3,2.11
680,Pedro Strop,33,CHC,NL,4,1,0.8,2.63,42,0,9,0,0,3,41,30,12,12,3,16,3,41,1,0,2,166,164,3.35,1.122,6.6,0.7,3.5,9,2.56
681,Daniel Stumpf*,27,DET,AL,1,4,0.2,6.43,35,0,3,0,0,0,21,27,15,15,1,14,1,19,0,0,1,102,69,3.97,1.952,11.6,0.4,6,8.1,1.36
682,Andrew Suarez*,25,SFG,NL,3,6,0.333,3.94,16,16,0,0,0,0,89,88,42,39,10,21,0,82,1,0,1,363,101,3.52,1.225,8.9,1,2.1,8.3,3.9
683,Jesus Sucre,30,TBR,AL,0,0,,54.00,1,0,0,0,0,0,0.1,3,2,2,0,0,0,0,0,0,0,4,16,3.16,9,81,0,0,0,
684,Wander Suero,26,WSN,NL,1,0,1,3.15,16,0,5,0,0,0,20,14,8,7,2,6,0,17,3,0,2,83,136,4.11,1,6.3,0.9,2.7,7.7,2.83
685,Brent Suter*,28,MIL,NL,8,7,0.533,4.44,20,18,0,0,0,0,101.1,102,55,50,18,19,2,84,4,0,1,424,94,4.49,1.194,9.1,1.6,1.7,7.5,4.42
686,Anthony Swarzak,32,NYM,NL,0,2,0,7.56,18,0,8,0,0,1,16.2,23,14,14,5,10,0,18,0,0,1,78,51,6.7,1.98,12.4,2.7,5.4,9.7,1.8
687,Noah Syndergaard,25,NYM,NL,6,1,0.857,2.89,13,13,0,0,0,0,74.2,78,27,24,5,15,0,83,4,0,1,314,132,2.57,1.246,9.4,0.6,1.8,10,5.53
688,Jameson Taillon,26,PIT,NL,7,7,0.5,3.80,20,20,0,1,1,0,111.1,105,48,47,12,31,4,109,3,0,2,466,105,3.52,1.222,8.5,1,2.5,8.8,3.52
689,Masahiro Tanaka,29,NYY,AL,7,2,0.778,4.54,15,15,0,0,0,0,83.1,72,44,42,18,22,0,83,4,0,2,341,95,4.91,1.128,7.8,1.9,2.4,9,3.77
690,Ben Taylor,25,CLE,AL,0,0,,6.00,6,0,4,0,0,0,6,6,4,4,2,1,0,8,0,0,0,25,78,5.32,1.167,9,3,1.5,12,8
691,Junichi Tazawa,32,MIA,NL,1,1,0.5,9.00,22,0,8,0,0,0,20,28,21,20,6,13,3,24,0,0,0,99,42,6.61,2.05,12.6,2.7,5.9,10.8,1.85
692,Julio Teheran,27,ATL,NL,7,6,0.538,4.00,19,19,0,0,0,0,105.2,77,47,47,18,51,1,98,4,1,1,438,98,5.08,1.211,6.6,1.5,4.3,8.3,1.92
693,Ryan Tepera,30,TOR,AL,5,3,0.625,2.81,41,0,14,0,0,7,41.2,35,14,13,5,13,0,47,1,1,3,163,151,3.47,1.152,7.6,1.1,2.8,10.2,3.62
694,Jake Thompson,24,PHI,NL,1,0,1,5.54,6,0,3,0,0,2,13,13,9,8,1,6,0,12,0,0,1,59,77,3.7,1.462,9,0.7,4.2,8.3,2
695,Tyler Thornburg,29,BOS,AL,0,0,,8.44,6,0,1,0,0,0,5.1,7,5,5,1,1,0,5,0,0,2,24,56,4.28,1.5,11.8,1.7,1.7,8.4,5
696,Chris Tillman,30,BAL,AL,1,5,0.167,10.46,7,7,0,0,0,0,26.2,42,32,31,6,17,0,13,2,0,6,137,40,7.25,2.213,14.2,2,5.7,4.4,0.76
697,Carlos Tocci,22,TEX,AL,0,0,,0.00,1,0,0,0,0,0,0.2,0,0,0,0,0,0,0,0,0,0,2,,3.16,0,0,0,0,0,
698,Josh Tomlin,33,CLE,AL,0,5,0,6.98,23,6,14,0,0,0,49,63,42,38,21,10,1,30,3,0,5,225,64,8.3,1.49,11.6,3.9,1.8,5.5,3
699,Carlos Torres,35,WSN,NL,0,0,,6.52,10,0,9,0,0,0,9.2,9,7,7,3,3,0,9,1,0,0,41,67,6.57,1.241,8.4,2.8,2.8,8.4,3
700,Blake Treinen,30,OAK,AL,5,2,0.714,1.08,41,0,33,0,0,24,50,32,10,6,1,18,3,64,0,0,4,205,380,1.94,1,5.8,0.2,3.2,11.5,3.56
701,Andrew Triggs,29,OAK,AL,3,1,0.75,5.23,9,9,0,0,0,0,41.1,37,24,24,7,18,0,43,3,0,3,182,79,4.8,1.331,8.1,1.5,3.9,9.4,2.39
702,Lou Trivino,26,OAK,AL,7,1,0.875,1.36,38,0,8,0,0,4,46.1,26,7,7,3,19,3,54,0,1,2,180,302,2.9,0.971,5.1,0.6,3.7,10.5,2.84
703,Nick Tropeano,27,LAA,AL,3,5,0.375,4.58,11,11,0,0,0,0,59,55,31,30,9,24,2,49,1,0,2,246,89,4.75,1.339,8.4,1.4,3.7,7.5,2.04
704,Jen-Ho Tseng,23,CHC,NL,0,0,,13.50,1,1,0,0,0,0,2,4,3,3,1,0,0,3,0,0,0,10,37,6.66,2,18,4.5,0,13.5,
705,Sam Tuivailala,25,STL,NL,2,3,0.4,3.90,30,0,5,0,0,0,30,34,14,13,3,11,2,24,1,0,4,137,102,4.06,1.5,10.2,0.9,3.3,7.2,2.18
706,Jacob Turner,27,MIA,NL,0,0,,15.88,4,0,1,0,0,0,5.2,13,10,10,1,5,0,2,0,0,0,35,25,7.39,3.176,20.6,1.6,7.9,3.2,0.4
707,Duane Underwood,23,CHC,NL,0,1,0,2.25,1,1,0,0,0,0,4,2,1,1,1,3,0,3,0,0,0,16,208,7.16,1.25,4.5,2.3,6.8,6.8,1
708,Jose Urena,26,MIA,NL,2,10,0.167,4.63,20,20,0,0,0,0,112.2,111,59,58,12,30,7,93,9,1,2,469,80,3.93,1.251,8.9,1,2.4,7.4,3.1
709,Jose Valdez,28,SFG,NL,0,0,,12.60,4,0,3,0,0,0,5,8,7,7,3,1,0,4,0,0,0,24,34,9.96,1.8,14.4,5.4,1.8,7.2,4
710,Jesmuel Valentin,24,PHI,NL,0,0,,27.00,1,0,1,0,0,0,1,2,3,3,1,2,0,1,0,0,0,7,21,20.16,4,18,9,18,9,0.5
711,Jason Vargas*,35,NYM,NL,2,6,0.25,8.60,9,9,0,0,0,0,37.2,55,36,36,11,14,1,32,3,0,0,180,45,6.61,1.832,13.1,2.6,3.3,7.6,2.29
712,Jerry Vasto*,26,COL,NL,0,0,,40.50,1,0,0,0,0,0,0.2,3,3,3,0,1,0,1,0,0,0,6,17,4.66,6,40.5,0,13.5,13.5,1
713,Felipe Vazquez*,26,PIT,NL,3,2,0.6,2.98,44,0,37,0,0,23,42.1,37,17,14,1,17,2,59,1,0,3,183,134,1.95,1.276,7.9,0.2,3.6,12.5,3.47
714,Vince Velasquez,26,PHI,NL,6,8,0.429,4.09,19,19,0,0,0,0,101.1,84,50,46,13,36,1,117,3,0,6,419,101,3.67,1.184,7.5,1.2,3.2,10.4,3.25
715,Hector Velazquez,29,BOS,AL,6,0,1,2.61,29,3,10,0,0,0,51.2,58,15,15,5,14,0,34,3,0,1,222,170,4.09,1.394,10.1,0.9,2.4,5.9,2.43
716,Pat Venditte#,33,LAD,NL,0,0,,8.31,5,0,2,0,0,0,4.1,8,4,4,1,1,0,4,1,0,0,24,51,5.7,2.077,16.6,2.1,2.1,8.3,4
717,Jonny Venters*,33,TBR,AL,1,1,0.5,3.95,21,1,6,0,0,1,13.2,11,6,6,1,6,1,11,0,0,0,57,103,3.82,1.244,7.2,0.7,4,7.2,1.83
718,Drew VerHagen,27,DET,AL,1,2,0.333,6.99,18,1,3,0,0,0,28.1,25,22,22,4,10,0,27,1,0,4,117,63,4.25,1.235,7.9,1.3,3.2,8.6,2.7
719,Justin Verlander,35,HOU,AL,10,5,0.667,2.19,22,22,0,1,1,0,143.2,96,38,35,16,26,0,183,7,1,2,554,177,2.75,0.849,6,1,1.6,11.5,7.04
720,Nick Vincent,31,SEA,AL,3,2,0.6,3.99,34,0,7,0,0,0,29.1,29,16,13,4,8,3,29,2,1,0,130,101,3.98,1.261,8.9,1.2,2.5,8.9,3.63
721,Arodys Vizcaino,27,ATL,NL,2,2,0.5,1.65,33,0,27,0,0,15,32.2,25,6,6,2,12,1,34,2,0,4,133,240,3.16,1.133,6.9,0.6,3.3,9.4,2.83
722,Chris Volstad,31,CHW,AL,1,5,0.167,5.08,31,1,4,0,0,0,44.1,54,27,25,8,11,0,28,3,0,1,195,81,5.19,1.466,11,1.6,2.2,5.7,2.55
723,Austin Voth,26,WSN,NL,0,1,0,14.54,1,1,0,0,0,0,4.1,9,7,7,1,3,0,3,0,0,1,25,31,6.85,2.769,18.7,2.1,6.2,6.2,1
724,Michael Wacha,26,STL,NL,8,2,0.8,3.20,15,15,0,0,0,0,84.1,68,36,30,9,36,0,71,2,1,2,355,123,4.21,1.233,7.3,1,3.8,7.6,1.97
725,Adam Wainwright,36,STL,NL,1,3,0.25,4.00,4,4,0,0,0,0,18,19,9,8,2,14,1,15,2,0,1,88,100,5.6,1.833,9.5,1,7,7.5,1.07
726,Marcus Walden,29,BOS,AL,0,0,,3.68,8,0,5,0,0,1,14.2,14,7,6,0,3,0,14,1,0,2,59,122,2.07,1.159,8.6,0,1.8,8.6,4.67
727,Taijuan Walker,25,ARI,NL,0,0,,3.46,3,3,0,0,0,0,13,15,5,5,1,5,0,9,0,0,0,56,131,3.93,1.538,10.4,0.7,3.5,6.2,1.8
728,Adam Warren,30,NYY,AL,0,1,0,2.39,22,0,6,0,0,0,26.1,24,7,7,2,12,0,34,1,0,1,115,181,3.04,1.367,8.2,0.7,4.1,11.6,2.83
729,Tony Watson*,33,SFG,NL,2,3,0.4,2.03,46,0,6,0,0,0,44.1,37,10,10,3,9,1,46,1,0,0,175,197,2.64,1.038,7.5,0.6,1.8,9.3,5.11
730,Luke Weaver,24,STL,NL,5,9,0.357,4.79,20,20,0,0,0,0,107,107,59,57,13,41,2,98,2,0,2,464,82,4.11,1.383,9,1.1,3.4,8.2,2.39
731,Tyler Webb*,27,SDP,NL,0,1,0,12.60,4,0,1,0,0,0,5,6,7,7,2,3,0,4,0,0,0,24,34,8.56,1.8,10.8,3.6,5.4,7.2,1.33
732,Ryan Weber,27,TBR,AL,0,1,0,5.06,2,0,0,0,0,0,5.1,5,5,3,0,2,0,1,1,0,0,25,84,4.47,1.313,8.4,0,3.4,1.7,0.5
733,Zack Weiss,26,CIN,NL,0,0,,inf,1,0,0,0,0,0,0,2,4,4,2,2,0,0,0,0,0,4,4,,,,,,,0
734,J.B. Wendelken,25,OAK,AL,0,0,,0.00,2,0,1,0,0,0,1.2,1,0,0,0,0,0,2,0,0,0,6,,0.76,0.6,5.4,0,0,10.8,
735,Robert Whalen,24,SEA,AL,0,0,,0.00,1,0,0,0,0,0,4,1,0,0,0,1,0,0,0,0,0,14,,3.91,0.5,2.3,0,2.3,0,0
736,Zack Wheeler,28,NYM,NL,3,6,0.333,4.44,18,18,0,0,0,0,107.1,104,55,53,11,40,0,106,4,1,0,460,86,3.74,1.342,8.7,0.9,3.4,8.9,2.65
737,Chase Whitley,29,ATL,NL,0,0,,18.00,1,0,0,0,0,0,1,2,2,2,1,1,0,1,0,0,0,6,30,17.16,3,18,9,9,9,1
738,Aaron Wilkerson,29,MIL,NL,0,1,0,10.00,3,1,2,0,0,0,9,12,10,10,4,3,0,10,1,0,0,43,43,8.05,1.667,12,4,3,10,3.33
739,Taylor Williams,26,MIL,NL,0,3,0,3.66,38,0,8,0,0,0,39.1,33,19,16,3,19,3,46,1,0,4,171,115,3.34,1.322,7.6,0.7,4.3,10.5,2.42
740,Trevor Williams,26,PIT,NL,8,7,0.533,4.11,20,20,0,1,1,0,105,93,53,48,12,37,2,72,3,0,3,440,97,4.42,1.238,8,1,3.2,6.2,1.95
741,Alex Wilson,31,DET,AL,1,3,0.25,3.40,35,0,6,0,0,0,39.2,31,15,15,5,10,1,25,2,0,2,157,129,4.44,1.034,7,1.1,2.3,5.7,2.5
742,Justin Wilson*,30,CHC,NL,3,3,0.5,3.18,45,0,8,0,0,0,39.2,28,15,14,3,29,0,56,0,1,4,172,136,3.51,1.437,6.4,0.7,6.6,12.7,1.93
743,Dan Winkler,28,ATL,NL,2,0,1,3.15,43,0,7,0,0,1,40,31,17,14,3,11,1,49,3,0,2,164,126,2.73,1.05,7,0.7,2.5,11,4.45
744,Matt Wisler,25,ATL,NL,1,1,0.5,5.40,7,3,1,0,0,0,26.2,30,16,16,6,5,0,21,0,0,1,112,74,5.07,1.313,10.1,2,1.7,7.1,4.2
745,Nick Wittgren,27,MIA,NL,2,1,0.667,3.63,22,0,3,0,0,0,22.1,23,11,9,0,13,2,20,0,0,2,103,104,3.11,1.612,9.3,0,5.2,8.1,1.54
746,Alex Wood*,27,LAD,NL,6,5,0.545,3.87,20,20,0,0,0,0,111.2,109,54,48,12,23,2,98,2,0,0,465,102,3.47,1.182,8.8,1,1.9,7.9,4.26
747,Blake Wood,32,LAA,AL,1,0,1,2.31,13,0,1,0,0,0,11.2,8,3,3,1,7,2,10,1,0,0,47,182,4.62,1.286,6.2,0.8,5.4,7.7,1.43
748,Hunter Wood,24,TBR,AL,0,0,,2.93,9,2,1,0,0,0,15.1,13,5,5,2,7,1,14,0,1,0,66,138,4.4,1.304,7.6,1.2,4.1,8.2,2
749,Brandon Woodruff,25,MIL,NL,2,0,1,4.80,12,4,3,0,0,0,30,26,17,16,4,11,0,31,1,0,1,126,88,4.02,1.233,7.8,1.2,3.3,9.3,2.82
750,Brandon Workman,29,BOS,AL,2,0,1,2.89,21,0,2,0,0,0,18.2,15,6,6,3,4,0,19,0,0,0,74,155,3.85,1.018,7.2,1.4,1.9,9.2,4.75
751,Mike Wright,28,BAL,AL,2,0,1,4.75,26,2,8,0,0,0,53,67,31,28,6,23,1,43,4,0,4,245,87,4.54,1.698,11.4,1,3.9,7.3,1.87
752,Steven Wright,33,BOS,AL,2,1,0.667,3.38,10,4,3,0,0,0,40,30,15,15,4,20,1,31,1,0,0,165,132,4.48,1.25,6.8,0.9,4.5,7,1.55
753,Jimmy Yacabonis,26,BAL,AL,0,0,,7.15,4,2,0,0,0,0,11.1,15,9,9,2,7,1,11,0,0,2,54,59,5.36,1.941,11.9,1.6,5.6,8.7,1.57
754,Ryan Yarbrough*,26,TBR,AL,8,5,0.615,3.65,25,5,2,0,0,0,93.2,85,43,38,11,34,5,87,5,0,1,400,108,4.08,1.27,8.2,1.1,3.3,8.4,2.56
755,Kirby Yates,31,SDP,NL,3,0,1,1.40,40,0,11,0,0,3,38.2,22,6,6,1,11,0,50,3,0,2,152,286,1.99,0.853,5.1,0.2,2.6,11.6,4.55
756,Mike Zagurski*,35,MIL,NL,0,1,0,63.00,2,0,0,0,0,0,1,5,7,7,0,2,1,2,0,0,0,10,9,5.16,7,45,0,18,18,1
757,Rob Zastryzny*,26,CHC,NL,1,0,1,4.76,6,0,2,0,0,0,5.2,6,3,3,0,4,0,3,1,0,0,26,96,4.75,1.765,9.5,0,6.4,4.8,0.75
758,Brad Ziegler,38,MIA,NL,1,5,0.167,4.20,49,0,23,0,0,10,49.1,49,25,23,7,16,4,35,2,0,1,204,89,4.68,1.318,8.9,1.3,2.9,6.4,2.19
759,Jordan Zimmermann,32,DET,AL,4,1,0.8,3.71,12,12,0,0,0,0,63,60,30,26,8,11,0,61,0,0,1,258,118,3.4,1.127,8.6,1.1,1.6,8.7,5.55
,LgAvg per 180 IP,,,,10,10,0.5,4.16,87,20,21,0,0,6,180,170,89,83,23,66,4,170,8,1,7,767,100,4.16,1.31,8.5,1.2,3.3,8.5,2.59
