mlb_id,Name,Team,Opponent,Position,Batting Order,Projection,Actual,Price,Value,dk_points,dk_25_percentile,dk_50_percentile,dk_75_percentile,dk_85_percentile,dk_95_percentile,dk_99_percentile,fd_points,fd_25_percentile,fd_50_percentile,fd_75_percentile,fd_85_percentile,fd_95_percentile,fd_99_percentile,yahoo_points,yahoo_25_percentile,yahoo_50_percentile,yahoo_75_percentile,yahoo_85_percentile,yahoo_95_percentile,yahoo_99_percentile,PA,Singles,Doubles,Triples,HR,R,RBI,BB,SB,CS,AVG,OBP,SLG,OPS,wOBA,ISO,IP,Wins,QS,K,CG,CGSO,ERA,FIP
572020,James Paxton,sea,det,P,,24.7488,36.35,12200,2.0285901639344264,24.7488,17.15,25.45,33.05,36.5075,42.3025,49.55,42.9226,31,45,56,61,68,76,26.839,18,28,36,40,46,53,25.6004,3.3422,1.0994,0.0724,0.6358,2.1842,0,1.4808,0,0,,,,,,,6.47053,0.5496,0.606,7.9456,0.0226,0.0204,2.8038197798325637,2.665015572140149
571666,Mike Fiers,det,sea,P,,11.905,2.45,6100,1.951639344262295,11.905,3.85,11.45,20.05,24.2,30.3025,37.6505,24.1266,12,23,37,44,52,61,12.8616,4,13,22,27,34,41.01,23.7372,3.5074,1.1116,0.0998,1.1434,3.3634,0,1.932,0,0,,,,,,,5.48233,0.1986,0.3416,4.8238,0.0102,0.0048,5.116328276480985,5.165744457192471
516416,Jean Segura,sea,det,SS,2,8.1812,26,4500,1.8180444444444446,8.1812,3,7,12,16,22,30,10.5067,3,9,15.4,19.2,28.7,40.4,6.7612,2,6,10,12,18,26,4.4376,0.8102,0.2162,0.0222,0.1098,0.594,0.4922,0.2868,0.1296,0.0674,0.2790787318107353,0.3256715341626104,0.42122000578201796,0.7468915399446283,0.32441355687759155,0.14214127397128268,0,0,0,0.718,0,0,,
443558,Nelson Cruz,sea,det,OF,4,9.626,2,4200,2.291904761904762,9.626,3,7,16,19,26,35.01,12.9213,3,9.2,21.7,25.4,35.4,47.902,8.2568,2,6,14,16,22,30,4.2284,0.5482,0.1724,0.0032,0.3174,0.6762,0.8018,0.4634,0.0074,0.0056,0.2765471447543161,0.35583199318891306,0.5769455511288182,0.9327775443177313,0.3947751395326837,0.3003984063745021,0,0,0,0.9712,0,0,,
571745,Mitch Haniger,sea,det,OF,3,9.1652,3,4200,2.1821904761904762,9.1652,3,7,14,18,25,34,12.2194,3,9.2,18.7,24.9,34.4,47.1,7.8304,2,6,12,16,22,30,4.3266,0.5788,0.2088,0.0212,0.2338,0.6634,0.6822,0.5,0.0372,0.0238,0.2724611927037056,0.3565386215504091,0.5214028118956776,0.8779414334460867,0.3755585910414645,0.248941619191972,0,0,0,1.0068,0,0,,
572122,Kyle Seager,sea,det,3B,5,8.5744,4,4000,2.1436,8.5744,2,6,14,18,23,34,11.452,3,9,18.7,24.7,31.7,46.9,7.3348,2,6,12,16,20,30,4.1294,0.5062,0.2308,0.0106,0.2336,0.6022,0.6588,0.444,0.0142,0.0116,0.2662397568784935,0.34513488642417783,0.5247734302925056,0.8699083167166834,0.3711727611759577,0.25853367341401207,0,0,0,0.7222,0,0,,
592387,Ryon Healy,sea,det,1B,6,8.1192,5,4000,2.0298,8.1192,2,5,14,17,23,34,10.6939,3,6.2,18.7,22.2,31.7,46.9,6.8396,2,4,12,14,20,30,4.0206,0.5646,0.2138,0.0056,0.2404,0.5454,0.6508,0.2346,0.0092,0.005,0.2705758055995774,0.31313734268517135,0.5204965662968832,0.8336339089820546,0.3543148783763617,0.24992076069730584,0,0,0,0.9304,0,0,,
592206,Nicholas Castellanos,det,sea,OF,3,7.0384,0,3700,1.9022702702702705,7.0384,2,5,10,15,21,29,9.07966,3,6,12.7,18.7,28.1,38.4,5.8492,2,4,8,12,18,24,4.3008,0.585,0.2332,0.0222,0.151,0.4248,0.4418,0.2868,0.0246,0.0182,0.24698555057299454,0.29720052083333337,0.42899850523168914,0.7261990260650225,0.31312346540178576,0.1820129546586946,0,0,0,1.2606,0,0,,
543829,Dee Gordon,sea,det,OF,1,7.9728,9,3600,2.2146666666666666,7.9728,3,7,12,15,20,28,9.86988,3,9,15.2,18.5,25.4,36.402,6.3948,2,6,10,12,16,24,4.5546,0.9794,0.1676,0.0436,0.0382,0.5174,0.3484,0.1986,0.2674,0.1074,0.28209366391184576,0.31339744434198397,0.3668962350780533,0.6802936794200373,0.2974805251833311,0.08480257116620754,0,0,0,0.683,0,0,,
547982,Leonys Martin,det,sea,OF,1,6.3252,0,3600,1.757,6.3252,0,5,10,13,19,28,8.01236,0,6,12.2,16,25.2,37.4,5.1848,0,4,8,10,16,24,4.5012,0.6124,0.1384,0.0232,0.0946,0.3788,0.3188,0.2496,0.154,0.0764,0.20429955781352904,0.24842264285079538,0.31451688775990216,0.5629395306106976,0.2473428863414201,0.11021732994637312,0,0,0,1.5302,0,0,,
592348,Niko Goodrum,det,sea,1B,6,6.1178,8,3500,1.7479428571428572,6.1178,0,4,9,14,20,28,7.92728,0,6,12.2,18.7,27.215,37.603,5.1068,0,4,8,12,18,24,3.981,0.4372,0.176,0.0144,0.1364,0.3544,0.3924,0.2362,0.0962,0.0472,0.20401623584704123,0.2512434061793519,0.3679769280068361,0.619220334186188,0.26832509419743783,0.1639606921597949,0,0,0,1.5136,0,0,,
572287,Mike Zunino,sea,det,C,8,8.0234,12,3300,2.4313333333333333,8.0234,2,5,14,18,23,33,10.7747,3,6.2,18.7,24.615,31.7,44.4,6.896,2,4,12,16,20,28,3.7874,0.3852,0.1472,0.0022,0.29,0.5522,0.6406,0.3878,0.0106,0.0072,0.24255794799388164,0.3201140624174896,0.5430638898693965,0.8631779522868861,0.36563695411099967,0.3005059418755148,0,0,0,1.2842,0,0,,
543308,John Hicks,det,sea,1B,5,5.9282,9,3100,1.9123225806451616,5.9282,0,4,8,14,19,28,7.6338,0,6,10,18.2,25.7,37.4,4.9124,0,4,6,12,16,24,4.107,0.5192,0.194,0.0046,0.1218,0.349,0.3908,0.2086,0.0498,0.0308,0.21537040837266574,0.2552227903579255,0.36122511799712703,0.6164479083550525,0.2674835159483808,0.1458547096244613,0,0,0,1.4426,0,0,,
578428,Jose Iglesias,det,sea,SS,8,4.9112,0,3000,1.6370666666666667,4.9112,0,3,7,10,16,23,6.20874,0,3,9.2,12.5,21.405,31.2,4.0144,0,2,6,8,14,20,3.7262,0.5434,0.1852,0.0074,0.0446,0.2712,0.2658,0.2274,0.0642,0.0376,0.22310506459357493,0.2705168804680371,0.3185092031553675,0.5890260836234047,0.26000526005045355,0.09540413856179258,0,0,0,0.7516,0,0,,
400121,Victor Martinez,det,sea,1B,4,6.1608,14,2800,2.200285714285714,6.1608,2,4,9,14,20,28,8.03476,3,6,12,18.7,25.7,37.603,5.1632,2,4,8,12,16,24,4.2064,0.5632,0.1452,0.0012,0.1414,0.3868,0.4252,0.3388,0.004,0.005,0.22003309545971658,0.28285469760365156,0.36787671941255556,0.6507314170162071,0.2854262552301255,0.14784362395283898,0,0,0,0.8978,0,0,,
553988,Dixon Machado,det,sea,2B,9,4.3614,0,2700,1.6153333333333333,4.3614,0,3,7,9,14,21,5.48444,0,3,9,12,18.5,27.7,3.5456,0,2,6,8,12,18,3.6092,0.542,0.1562,0.0056,0.0236,0.2512,0.2316,0.206,0.0592,0.0324,0.2137400094029149,0.2586168680039898,0.28373295721673725,0.542349825220727,0.24131868558129224,0.06999294781382234,0,0,0,0.8866,0,0,,
592325,Ben Gamel,sea,det,OF,7,6.221,19,2600,2.392692307692308,6.221,2,5,9,12,19,26,8.07552,3,6,12.2,15.9,25.2,34.9,5.194,2,4,8,10,16,22,3.9042,0.5708,0.1746,0.0334,0.0856,0.4356,0.3948,0.3168,0.0436,0.027,0.24095445169203322,0.3025459761282721,0.3798294029101857,0.6823753790384578,0.29866087802878954,0.13887495121815246,0,0,0,0.8982,0,0,,
543484,Mikie Mahtook,det,sea,OF,2,6.0398,0,2600,2.3229999999999995,6.0398,0,4,9,13,19,28,7.78608,0,6,12,15.7,25.2,37.403,5.0204,0,4,8,10,16,24,4.3964,0.5446,0.1792,0.0216,0.1028,0.4054,0.3488,0.2834,0.0468,0.0304,0.20622416727449552,0.2573924119734328,0.3352783856066132,0.592670797580046,0.2597834137021199,0.1290542183321177,0,0,0,1.4928,0,0,,
606988,Grayson Greiner,det,sea,C,7,4.7644,2,2500,1.9057600000000001,4.7644,0,3,7,10,17,23.01,6.20992,0,3,9.2,12.7,22.2,31.7,4.0008,0,2,6,8,14,20,3.853,0.408,0.1352,0.0068,0.0954,0.2936,0.3,0.2944,0.016,0.0124,0.1813634575394818,0.24391383337658964,0.3036025403248468,0.5475163737014365,0.24293397352712173,0.122239082785365,0,0,0,1.412,0,0,,
628338,Guillermo Heredia,sea,det,OF,9,5.5664,14,2400,2.3193333333333332,5.5664,2,4,8,11,17,23,7.28162,3,6,9.5,15.2,22,31.702,4.7008,2,4,6,10,14,20,3.6588,0.5372,0.132,0.0152,0.0614,0.3886,0.3054,0.4776,0.0432,0.0294,0.2344398340248963,0.3343719252213841,0.34339243052936,0.6777643557507441,0.3049938231114026,0.10895259650446373,0,0,0,0.6426,0,0,,
453286,Max Scherzer,was,lan,P,,32.0658,32.95,14000,2.2904142857142857,32.0658,22.95,33,41.5625,45.9575,53.45,60.85,53.8456,41,57,68,73,81,88,34.1284,25,36,45,49,56,61,27.9608,2.3984,1.06,0.0808,0.9816,2.323,0,2.4412,0,0,,,,,,,7.1352,0.4708,0.7282,11.0458,0.1108,0.0768,2.705600403632694,2.87569043614755
448179,Rich Hill,lan,was,P,,17.684,5,6000,2.9473333333333334,17.684,9.35,18,26.25,30.3,36.2,43.104,33.0348,20,33,47,52,61,69,18.8436,10,19,28,33,40,47,24.6018,3.1738,0.9014,0.0874,0.7154,2.6302,0,2.9844,0,0,,,,,,,5.79213,0.2796,0.416,6.5416,0.0096,0.0062,3.78513603803782,4.049624992878267
547180,Bryce Harper,was,lan,OF,3,8.4704,4,5400,1.5685925925925925,8.4704,3,6,13,17,23,34,11.4469,3,9,16.2,22.2,31.7,47.1,7.36,2,6,10,14,20,30,4.3292,0.4838,0.1504,0.0086,0.2076,0.5946,0.576,0.781,0.0438,0.0332,0.23967081900682036,0.3768363669962118,0.4624316554872893,0.8392680224835012,0.36695098401552245,0.22276083648046896,0,0,0,1.047,0,0,,
607208,Trea Turner,was,lan,SS,1,9.471,7,4700,2.0151063829787232,9.471,3,8,14,18,24,33,12.1737,3,9.2,18.4,22.2,31.41,43.6,7.9036,2,6,12,14,20,28,4.533,0.7072,0.172,0.0444,0.1388,0.5922,0.3998,0.5766,0.3218,0.1376,0.26852694368617935,0.36157070372821526,0.4396926498837327,0.801263353611948,0.3502526803441429,0.17116570619755334,0,0,0,0.9946,0,0,,
641355,Cody Bellinger,lan,was,1B,4,7.6716,14,4200,1.8265714285714285,7.6716,2,5,13,16,23,32,10.1519,3,6,18.2,22.2,31.4,43.905,6.5252,2,4,12,14,20,28,4.24,0.406,0.1714,0.0182,0.2446,0.4698,0.5402,0.384,0.0434,0.0268,0.2178941908713693,0.28872641509433966,0.46208506224066387,0.7508114773350035,0.3215722641509434,0.24419087136929457,0,0,0,1.5726,0,0,,
543685,Anthony Rendon,was,lan,3B,4,8.4584,2,4100,2.0630243902439025,8.4584,3,7,12,16,23,31,11.3344,3,9.2,15.7,21.7,31.2,41.402,7.2872,2,6,10,14,20,26,4.2368,0.5538,0.2466,0.0098,0.1532,0.5454,0.589,0.7304,0.0448,0.0256,0.27475473420031943,0.3997828549848943,0.48174766141911934,0.8815305164040137,0.38389147469788515,0.20699292721879992,0,0,0,0.7546,0,0,,
621035,Chris Taylor,lan,was,OF,5,6.1632,8,3700,1.6657297297297298,6.1632,0,4,9,14,20,28,7.9749,0,6,12.2,18.2,25.7,37.4,5.1492,0,4,8,12,16,24,4.1284,0.4624,0.191,0.0312,0.1066,0.357,0.3594,0.3238,0.085,0.0456,0.20795878673185092,0.2700804185640926,0.35861851442990067,0.6286989329939933,0.274993944385234,0.15065972769804975,0,0,0,1.4776,0,0,,
518735,Yasmani Grandal,lan,was,C,3,6.947,0,3600,1.9297222222222221,6.947,0,4,10,16,22,32,9.21638,0,6,13,21.7,28.7,44.4,5.93,0,4,8,14,18,28,4.3394,0.4076,0.1724,0.002,0.2106,0.4664,0.4562,0.418,0.0118,0.0074,0.20212169123272303,0.2789786606443287,0.4082215535268016,0.6872002141711303,0.29833502327510714,0.2060998622940786,0,0,0,1.5808,0,0,,
592626,Joc Pederson,lan,was,OF,1,6.8518,9,3600,1.9032777777777778,6.8518,2,5,10,15,21,31,9.0456,3,6,12.5,18.9,28.4,43.4,5.8476,2,4,8,12,18,28,4.5378,0.389,0.1764,0.0112,0.1824,0.453,0.3672,0.4954,0.0516,0.03,0.18775974668513756,0.2764335140376394,0.3723035820304769,0.6487370960681162,0.2850734276521663,0.18454383534533936,0,0,0,1.5582,0,0,,
624577,Yasiel Puig,lan,was,OF,7,6.1758,10,3500,1.7645142857142857,6.1758,0,4,9,14,21,30,8.09412,0,6,12.2,18.7,28.2,40.9,5.2064,0,4,8,12,18,26,3.8784,0.4278,0.1606,0.0106,0.1536,0.3436,0.4316,0.3276,0.0526,0.0318,0.21195223611580488,0.27851691419141916,0.3929255379069505,0.6714424520983697,0.2920610045379538,0.18097330179114562,0,0,0,1.1724,0,0,,
448602,Mark Reynolds,was,lan,1B,5,7.4618,11,3400,2.1946470588235294,7.4618,2,5,11,16,23,32,10.076,3,6.2,15.2,21.7,31.4,43.9,6.45,2,4,10,14,20,28,4.1308,0.4642,0.135,0.004,0.194,0.476,0.6116,0.582,0.0166,0.0102,0.22463931469792603,0.3338820567444563,0.4289337240757439,0.7628157808202003,0.3340764500823085,0.2042944093778179,0,0,0,1.3752,0,0,,
571970,Max Muncy,lan,was,3B,2,6.3284,21,3300,1.91769696969697,6.3284,2,5,9,14,20,28,8.31506,3,6,12.2,18.7,25.7,37.4,5.3768,2,4,8,12,16,24,4.4396,0.4264,0.1866,0.0094,0.142,0.4348,0.3258,0.4604,0.0358,0.0276,0.19209891435464413,0.2758807099738715,0.35077402492963405,0.6266547349035055,0.2770339219749527,0.15867511057498992,0,0,0,1.6706,0,0,,
594694,Wilmer Difo,was,lan,2B,2,6.785,2,3100,2.1887096774193546,6.785,2,5,10,13,19,26,8.75376,3,6.2,12.4,16.2,24.9,34.601,5.6548,2,4,8,10,16,22,4.43,0.6804,0.157,0.0258,0.0608,0.4958,0.3448,0.4326,0.1196,0.0552,0.23115024766097966,0.30623024830699774,0.32896382648721667,0.6351940747942144,0.2839036568848759,0.09781357882623701,0,0,0,0.9948,0,0,,
605131,Austin Barnes,lan,was,2B,8,5.0754,8,3100,1.637225806451613,5.0754,0,3,7,11,18,24,6.70956,0,3,9.2,13,24.7,32.2,4.3404,0,2,6,8,16,20,3.7578,0.3546,0.1326,0.0084,0.0914,0.2668,0.2912,0.5052,0.0482,0.0286,0.18047100780913733,0.2906487838628985,0.3107052819283035,0.601354065791202,0.2728728511363031,0.13023427411916616,0,0,0,1.2938,0,0,,
664057,Andrew Stevenson,was,lan,OF,9,4.5146,0,2900,1.556758620689655,4.5146,0,3,7,10,15,21,5.82068,0,3,9.2,12.2,19.2,28.4,3.7648,0,2,6,8,12,18,3.6576,0.4554,0.1054,0.0154,0.0354,0.2954,0.2288,0.3294,0.0874,0.0454,0.18376299501231896,0.25727252843394577,0.2565951565410733,0.513867684975019,0.23400497594050748,0.07283216152875432,0,0,0,1.2968,0,0,,
400284,Chase Utley,lan,was,2B,6,5.3608,0,2800,1.9145714285714286,5.3608,0,3,8,11,18,25,6.9898,0,3.5,9.5,15.2,24.6,34.601,4.5128,0,2,6,10,16,22,4.008,0.4264,0.185,0.0164,0.0828,0.317,0.3144,0.3718,0.0382,0.0224,0.19542379407073315,0.27005988023952093,0.32363456355536,0.593694443794881,0.26378273453093815,0.12821076948462687,0,0,0,1.1852,0,0,,
572191,Michael A. Taylor,was,lan,OF,6,7.1116,4,2800,2.539857142857143,7.1116,2,5,11,15,21,30,9.35502,3,6.2,13.05,19.5,28.7,40.9,6.0068,2,4,8,12,18,26,4.0212,0.4714,0.1638,0.0208,0.1496,0.3676,0.5426,0.3758,0.1288,0.057,0.22099083776814615,0.2937928976424948,0.4004498820431228,0.6942427796856177,0.3024680194966677,0.17945904427497666,0,0,0,1.4468,0,0,,
600474,Pedro Severino,was,lan,C,7,5.1742,0,2500,2.06968,5.1742,2,4,7,10,16,23,6.73718,3,6,9.2,12.5,21.7,31.101,4.3504,2,4,6,8,14,20,3.9024,0.5354,0.1402,0.0042,0.055,0.2704,0.315,0.4818,0.0298,0.0218,0.21481611413202362,0.3117568675686757,0.30649593638542943,0.6182528039541051,0.2811119823698237,0.09167982225340582,0,0,0,0.9628,0,0,,
446372,Corey Kluber,cle,hou,P,,20.4768,31.55,11900,1.7207394957983193,20.4768,11.15,20.8,29.75,33.9,41.15,48.85,37.3238,23,39,52,57,66,73,21.8808,12,23,32,37,44,50,27.4976,3.903,1.3896,0.099,0.8938,3.048,0,1.8214,0,0,,,,,,,6.6496,0.3994,0.5792,7.0402,0.095,0.0404,3.816229547641963,3.608636188642926
572971,Dallas Keuchel,hou,cle,P,,16.8561,4.45,9500,1.774326315789474,16.8561,8.1,17.025,25.3,29.95,37.0525,44.251,32.16,18,34,46,51,58,67,18.2044,9,19,28,33,39,45,27.6914,4.0402,1.4772,0.0962,0.886,3.163,0,1.8596,0,0,,,,,,,6.642,0.3576,0.5694,5.5178,0.0754,0.04,3.948780487804878,4.069556458897923
596019,Francisco Lindor,cle,hou,SS,1,8.7494,3,5600,1.5623928571428571,8.7494,3,7,14,17,24,33,11.3132,3,9,18.2,22.2,31.4,43.902,7.2932,2,6,12,14,20,28,4.6842,0.6952,0.2642,0.0232,0.1806,0.6124,0.5018,0.3384,0.0892,0.0516,0.2676607299001335,0.3205670125101405,0.4638041327258503,0.7843711452359908,0.33727535118056445,0.1961434028257168,0,0,0,0.7872,0,0,,
608070,Jose Ramirez,cle,hou,3B,3,8.756,14,5400,1.6214814814814815,8.756,3,7,13,17,23,33.01,11.426,3,9.2,16,22.015,31.4,44.4,7.3448,2,6,10,14,20,28,4.4788,0.6484,0.3068,0.0242,0.1578,0.5374,0.6026,0.3826,0.092,0.0536,0.2776231629314975,0.3393319639189069,0.4799082076070505,0.8192401715259574,0.35220041082432796,0.20228504467555297,0,0,0,0.6032,0,0,,
429665,Edwin Encarnacion,cle,hou,1B,4,7.9958,9,4500,1.7768444444444444,7.9958,2,5,13,17,23,33,10.7024,3,6.5,16.2,22.2,31.41,44.4,6.8548,2,4,10,14,20,28,4.376,0.5006,0.1626,0.0018,0.2326,0.5094,0.6366,0.5018,0.009,0.0028,0.23168654173764908,0.31978976234003653,0.4547003252284343,0.7744900875684708,0.3351175959780622,0.2230137834907852,0,0,0,1.1004,0,0,,
488726,Michael Brantley,cle,hou,OF,2,8.1986,14,4500,1.8219111111111113,8.1986,3,7,12,16,22,30,10.4591,3,9,15.4,21.4,29.465,40.7,6.732,2,6,10,14,18.1,26,4.5802,0.8644,0.2574,0.0152,0.1134,0.5798,0.4902,0.2424,0.0876,0.0386,0.28825671999631153,0.32592463211213485,0.4330305684909402,0.7589552006030751,0.32846757783502906,0.14477384849462865,0,0,0,0.551,0,0,,
621043,Carlos Correa,hou,cle,SS,4,7.4736,16,4300,1.7380465116279071,7.4736,2,5,11,16,23,32,9.85596,3,6.2,15.2,21.7,30.9,43.9,6.318,2,4,10,14,20,28,4.2058,0.549,0.2266,0.008,0.166,0.4908,0.5616,0.3524,0.032,0.0184,0.2464317226345565,0.3095724951257787,0.4386256293143717,0.7481981244401504,0.32338128299015645,0.1921939066798152,0,0,0,1.2864,0,0,,
514888,Jose Altuve,hou,cle,2B,3,8.007,10,4200,1.9064285714285714,8.007,3,7,12,16,21,29,10.2638,3,9,15.4,21.2,28.4,38.405,6.6072,2,6,10,14,18,24,4.3012,0.7806,0.2276,0.0206,0.1196,0.4896,0.5102,0.3054,0.1112,0.0458,0.28740177186045346,0.3379986980377569,0.4444666900245258,0.7824653880622827,0.33899251371710226,0.15706491816407236,0,0,0,0.8504,0,0,,
543807,George Springer,hou,cle,OF,1,8.1394,6,4100,1.9852195121951222,8.1394,2,6,12,16,23,33,10.5805,3,6.5,15.7,21.7,31.4,44.4,6.8088,2,4,10,14,20,28,4.501,0.6608,0.204,0.0158,0.1918,0.5798,0.5026,0.3374,0.0506,0.035,0.257565568258238,0.3132192846034214,0.45234892881160527,0.7655682134150267,0.32989211286380804,0.19478336055336726,0,0,0,1.19,0,0,,
608324,Alex Bregman,hou,cle,3B,2,7.743,14,3600,2.1508333333333334,7.743,2,6,12,15,22,30,10.0907,3,6.5,15.2,19.2,28.605,40.9,6.5016,2,4,10,12,18,26,4.396,0.5896,0.2694,0.022,0.1326,0.5414,0.46,0.3782,0.0732,0.0488,0.25227736572253473,0.3166060054595086,0.4292896610085121,0.7458956664680207,0.3232674704276615,0.1770122952859774,0,0,0,1.0056,0,0,,
543228,Yan Gomes,cle,hou,C,6,6.5876,14,3500,1.8821714285714286,6.5876,2,5,10,14,21,30,8.65412,3,6,12.5,18.7,28.2,40.603,5.5496,2,4,8,12,18,26,4.1596,0.4958,0.1832,0.0052,0.1678,0.4126,0.4944,0.2928,0.013,0.0066,0.22033722975069828,0.2752187710356765,0.4005896348401779,0.6758084058758544,0.29263164727377633,0.18025240508947962,0,0,0,1.2884,0,0,,
543401,Jason Kipnis,cle,hou,2B,7,5.7132,9,3300,1.7312727272727273,5.7132,0,4,8,12,18,26,7.38146,0,6,9.7,15.5,24.7,34.702,4.7536,0,4,6,10,16,22,4.048,0.5122,0.2036,0.0128,0.0844,0.3578,0.359,0.2658,0.0494,0.0266,0.21495425942573107,0.266501976284585,0.34249907461265927,0.6090010508972443,0.2669243577075099,0.1275448151869282,0,0,0,0.974,0,0,,
594828,Evan Gattis,hou,cle,C,8,6.081,2,3300,1.8427272727272728,6.081,0,4,9,14,20,28,7.98534,0,6,12.2,18.7,27.9,37.9,5.1192,0,4,8,12,18,24,3.7354,0.4484,0.1792,0.0068,0.1542,0.4082,0.4498,0.2332,0.0122,0.005,0.22517274855804925,0.27354500187396263,0.41231226086459943,0.6858572627385621,0.2956200139208653,0.18713951230655018,0,0,0,1.0784,0,0,,
570481,Erik Gonzalez,cle,hou,2B,8,6.117,0,3200,1.9115625,6.117,0,5,9,13,19,26,7.78194,0,6,12.2,16.5,25.2,34.7,5.01,0,4,8,10,16,22,3.9244,0.5946,0.1932,0.022,0.0992,0.3812,0.3814,0.145,0.0768,0.048,0.24051436735989842,0.2685760880644175,0.382018309784622,0.6505943978490395,0.2806881561512588,0.14150394242472356,0,0,0,1.1828,0,0,,
493329,Yuli Gurriel,hou,cle,1B,6,6.5944,5,3200,2.06075,6.5944,2,5,10,14,20,27.01,8.46734,3,6.2,12.2,18.415,25.7,37.9,5.4396,2,4,8,12,16,24,3.9812,0.6246,0.292,0.004,0.1012,0.4182,0.4486,0.172,0.0278,0.019,0.26824530085057235,0.29985933889279615,0.42670376982043484,0.7265631087132309,0.31285511905958,0.1584584689698625,0,0,0,0.6704,0,0,,
435263,Brian McCann,hou,cle,C,5,6.8032,0,3100,2.1945806451612904,6.8032,2,5,10,14,21,31,9.0418,3,6,12.5,19.2,28.7,41.405,5.792,2,4,8,12,18,26,4.1,0.4978,0.129,0.007,0.1794,0.462,0.5228,0.3936,0.0116,0.0062,0.21940427368875462,0.2943414634146342,0.40319447442262046,0.6975359378372546,0.3042063414634147,0.18379020073386584,0,0,0,1.0044,0,0,,
434658,Rajai Davis,cle,hou,OF,9,6.2406,4,3000,2.0801999999999996,6.2406,0,5,10,13,19,25.01,7.92528,0,6,12.2,15.7,24.7,33.9,5.1276,0,4,8,10,16,22,3.8018,0.5692,0.1922,0.0186,0.0552,0.4084,0.3044,0.2128,0.204,0.0796,0.23271106157704097,0.27565889841653957,0.34276957369740874,0.6184284721139484,0.2708061970645484,0.11005851212036777,0,0,0,0.8774,0,0,,
503556,Marwin Gonzalez,hou,cle,1B,7,6.3338,17,2900,2.1840689655172416,6.3338,2,5,9,14,20,28,8.26668,3,6,12.2,18.7,25.7,37.601,5.3116,2,4,8,12,16,24,3.8568,0.52,0.1964,0.0106,0.1222,0.4194,0.4308,0.2918,0.0402,0.025,0.23820476858345024,0.29584111180253064,0.4020757363253858,0.6979168481279164,0.303331466500726,0.16387096774193555,0,0,0,1.17,0,0,,
446386,Brandon Guyer,cle,hou,OF,5,6.2784,2,2900,2.1649655172413795,6.2784,2,5,9,13,19,27,8.23658,3,6,12.2,18.2,25.2,35.417,5.2928,2,4,8,12,16,22.02,4.2754,0.5234,0.1994,0.0136,0.1014,0.4044,0.433,0.3748,0.0328,0.022,0.21478746859457518,0.28362258502128457,0.3508690970619904,0.6344916820832749,0.279774898255134,0.1360816284674152,0,0,0,1.0716,0,0,,
643393,Tony Kemp,hou,cle,2B,9,5.587,0,2700,2.069259259259259,5.587,0,5,8,11,17,23.01,7.07358,0,6,10,15,21.7,31.2,4.5648,0,4,6,10,14,20,3.6164,0.6274,0.1392,0.0412,0.0374,0.3784,0.3014,0.2268,0.0984,0.0542,0.24935095586499878,0.29642738635106736,0.34782865234835963,0.6442560386994269,0.28306464992810526,0.09847769648336085,0,0,0,0.6614,0,0,,
592351,Jon Gray,col,sfn,P,,20.6638,-0.8,7600,2.718921052631579,20.6638,12.2375,21.45,29.05,33,39.455,46.852,37.732,25,40,51,56,63,70,22.205,13,23,32,36,42,49,26.9972,3.9178,1.3238,0.196,0.4042,2.4728,0,2.0072,0,0,,,,,,,6.5724,0.4148,0.6274,6.6198,0.0598,0.0372,3.123516523644331,2.8582658998235044
453568,Charlie Blackmon,col,sfn,OF,1,9.0856,10,5000,1.8171199999999996,9.0856,3,7,14,17,24,32,11.714,3,9.2,18.2,21.7,31.2,43.4,7.582,2,6,12,14,20,28,4.7158,0.7492,0.2244,0.0528,0.1514,0.626,0.4316,0.5282,0.1216,0.0704,0.2812589550100296,0.361762585351372,0.4685261247492597,0.8302887101006318,0.35958598753127785,0.18726716973923008,0,0,0,0.83,0,0,,
608717,Chris Stratton,sfn,col,P,,18.4034,5.25,4900,3.755795918367347,18.4034,10.25,18.45,26.85,30.95,38.25,44.85,34.6022,22,36,48,53,61,67,19.8474,11,20,29,34,40,46,27.329,4.035,1.2624,0.2056,0.5168,2.6614,0,2.1398,0,0,,,,,,,6.6018,0.3398,0.6236,5.8814,0.0558,0.0412,3.353903480868854,3.3652765306431585
571448,Nolan Arenado,col,sfn,3B,3,8.182,5,4700,1.7408510638297872,8.182,3,6.5,12,16,23,32,10.7244,3,9,15.5,21.7,31.105,43.9,6.8956,2,6,10,14,20,28,4.4982,0.6328,0.257,0.0348,0.1492,0.5132,0.5568,0.4726,0.0286,0.0172,0.26674284578696345,0.34378195722733546,0.4590620031796503,0.8028439604069857,0.34741692232448534,0.19231915739268685,0,0,0,0.7544,0,0,,
596115,Trevor Story,col,sfn,SS,5,7.1924,5,4200,1.7124761904761907,7.1924,2,5,10,14,21,30,9.47762,3,6.2,13,18.7,28.2,40.9,6.0944,2,4,8,12,18,26,4.2966,0.481,0.232,0.0374,0.1212,0.4336,0.4986,0.4374,0.0678,0.0368,0.22584991708126037,0.3046594982078853,0.3995646766169155,0.7042241748248008,0.30738495554624595,0.17371475953565516,0,0,0,1.3306,0,0,,
474832,Brandon Belt,sfn,col,1B,4,7.5386,12,4100,1.8386829268292681,7.5386,2,6,11,15,21,30,10.0475,3,6.5,15.2,19,28.2,40.6,6.46,2,4,10,12,18,26,4.221,0.506,0.2658,0.0338,0.109,0.4806,0.5228,0.6092,0.0212,0.0164,0.253225538512653,0.36100450130300876,0.43607065728999383,0.7970751585930026,0.34890443022980333,0.18284511877734083,0,0,0,1.0466,0,0,,
621311,David Dahl,col,sfn,OF,2,7.8732,3,4000,1.9683,7.8732,3,7,12,15,21,30,10.1,3,9,15.2,19,28.2,40.402,6.516,2,6,10,12,18,26,4.6124,0.7014,0.2158,0.065,0.1016,0.5458,0.4336,0.3306,0.1068,0.066,0.2531178476341725,0.30665163472378804,0.40506329113924044,0.7117149258630284,0.30885048998352266,0.15194544350506795,0,0,0,1.1718,0,0,,
457763,Buster Posey,sfn,col,C,3,7.2034,10,3800,1.8956315789473686,7.2034,3,6,10,13,19,25,9.25672,3,6.5,12.5,18.03,25.2,34.402,5.968,2,4,8,12,16,22,4.3158,0.7904,0.2624,0.0062,0.0682,0.4796,0.4176,0.4126,0.0338,0.019,0.28878868620618975,0.35678205662913015,0.4116109858577576,0.7683930424868878,0.33746679642244776,0.12282229965156788,0,0,0,0.6098,0,0,,
457705,Andrew McCutchen,sfn,col,OF,2,7.3996,19,3500,2.114171428571429,7.3996,2,6,11,14,20,27,9.64614,3,6.5,12.7,18.7,27.9,37.6,6.234,2,4,8,12,18,24,4.4132,0.624,0.2202,0.025,0.1044,0.5332,0.377,0.5246,0.0626,0.035,0.25037288484287407,0.33948155533399804,0.40040117265854036,0.7398827279925384,0.3258453729719931,0.1500282878156663,0,0,0,1.013,0,0,,
446334,Evan Longoria,sfn,col,3B,5,6.5868,8,3400,1.9372941176470588,6.5868,2,5,10,14,20,28,8.62708,3,6.2,12.5,18.5,27.9,38.2,5.514,2,4,8,12,18,24,4.1244,0.5956,0.241,0.0164,0.091,0.4094,0.5484,0.2656,0.0214,0.012,0.24463563802218308,0.2932790224032587,0.38633772157147295,0.6796167439747316,0.29571069731354865,0.14170208354928987,0,0,0,0.8164,0,0,,
543063,Brandon Crawford,sfn,col,SS,6,6.0942,28,3300,1.8467272727272728,6.0942,2,5,9,12,18,25,7.88842,3,6,12.2,15.5,24.9,34.4,5.0716,2,4,8,10,16,22,4.0028,0.5826,0.205,0.036,0.069,0.3506,0.4218,0.3368,0.025,0.0162,0.243480632842335,0.30713500549615275,0.3755046372067649,0.6826396427029177,0.29939822124512844,0.1320240043644299,0,0,0,0.898,0,0,,
435622,Ian Desmond,col,sfn,1B,6,6.0488,16,3200,1.89025,6.0488,0,5,9,13,19,26,7.79594,0,6,12.2,15.7,25.2,34.401,5.0112,0,4,8,10,16,22,4.1954,0.5958,0.1584,0.0224,0.0798,0.3502,0.4182,0.2802,0.079,0.0442,0.21873722926031872,0.27091576488535063,0.3317838169186759,0.6026995818040266,0.2653745530819469,0.1130465876583572,0,0,0,1.0746,0,0,,
467827,Gerardo Parra,col,sfn,OF,4,6.9106,8,3200,2.1595625,6.9106,3,5,10,13,19,26,8.88106,3,6.5,12.5,16.2,25,34.7,5.7012,2,4,8,10,16,22,4.4084,0.754,0.2546,0.0214,0.054,0.4128,0.4934,0.301,0.05,0.036,0.2639139114768467,0.3141729425641956,0.3757608219311486,0.6899337644953443,0.30234670175120226,0.11184691045430195,0,0,0,0.6196,0,0,,
453923,Gregor Blanco,sfn,col,OF,1,6.4912,10,3000,2.163733333333333,6.4912,2,5,10,13,18,24,8.25816,3,6.2,12.2,15.5,22.2,31.4,5.3672,2,4,8,10,14,20,4.5178,0.6506,0.17,0.0622,0.0304,0.4518,0.234,0.4626,0.1182,0.0612,0.22519234563030183,0.30452875293284337,0.3202801341487473,0.6248088870815907,0.2797767497454513,0.09508778851844546,0,0,0,1.1624,0,0,,
491676,Gorkys Hernandez,sfn,col,OF,8,5.1482,5,2900,1.7752413793103448,5.1482,0,4,8,10,15,21,6.50956,0,6,9.5,12.7,18.9,28.2,4.2044,0,4,6,8,12,18,3.7546,0.5914,0.167,0.0248,0.0226,0.2448,0.308,0.278,0.0906,0.0516,0.23177817407812232,0.2886592446598839,0.3135822355174596,0.6022414801773435,0.2679039045437597,0.0818040614393373,0,0,0,1.067,0,0,,
593495,Daniel Castro,col,sfn,2B,8,5.2238,0,2800,1.8656428571428572,5.2238,0,5,8,10,15,21,6.52722,0,6,9.5,12.5,19,28.2,4.1944,0,4,6,8,12,18,3.9598,0.7576,0.1766,0.0166,0.016,0.2986,0.3518,0.1622,0.03,0.0224,0.25458184116283966,0.2851154098691853,0.32246682115020014,0.6075822310193855,0.2671605636648316,0.06788497998736048,0,0,0,0.4342,0,0,,
547172,Tony Wolters,col,sfn,C,7,5.3638,3,2700,1.9865925925925927,5.3638,2,4,8,10,16,21,6.9556,3,6,9.5,12.7,21.2,28.7,4.4948,2,4,6,8,14,18,4.0744,0.5778,0.1588,0.0198,0.0314,0.304,0.3052,0.4978,0.03,0.0194,0.22026505619862438,0.3155311211466719,0.3020745959850137,0.6176057171316855,0.28105674455134505,0.0818095397863893,0,0,0,0.8026,0,0,,
622497,Miguel Gomez,sfn,col,3B,7,5.41,12,2200,2.459090909090909,5.41,0,4,8,11,17,24,6.83768,0,6,9.5,13,22.2,32.002,4.39,0,4,6,8,14,20,3.8792,0.6246,0.193,0.0468,0.0416,0.2884,0.39,0.148,0.0256,0.0136,0.24281732418524873,0.2717055062899567,0.35307675814751294,0.6247822644374696,0.2710705815632089,0.1102594339622642,0,0,0,0.7268,0,0,,
622663,Luis Severino,nya,kca,P,,20.8119,17.5,12600,1.6517380952380953,20.8119,12.85,21.7,29.3,33.25,39.45,46.25,37.7334,25,40,51,56,64,71,22.4404,13.75,24,32,36,43,49,26.1986,3.9666,1.1788,0.1296,0.54,2.488,0,1.7336,0,0,,,,,,,6.3966,0.561,0.5862,6.5782,0.0336,0.0254,3.236938373510928,3.0107347966106994
592450,Aaron Judge,nya,kca,OF,2,10.8566,0,5500,1.9739272727272728,10.8566,4,9,16,21,28,38,14.611,6,12.2,21.7,27.9,37.9,50.9,9.3868,4,8,14,18,24,32,4.791,0.6014,0.213,0.0224,0.2786,0.8496,0.7218,0.8062,0.0534,0.0388,0.279913671953423,0.4010853683990816,0.5543565549086529,0.9554419233077345,0.40789876852431645,0.2744428829552299,0,0,0,1.2804,0,0,,
519317,Giancarlo Stanton,nya,kca,OF,3,10.8582,14,5200,2.0881153846153846,10.8582,3,8,17,21,30,39,14.5983,3.2,9.7,22.2,28.4,40.9,53.603,9.3336,2,6,14,18,26,34,4.6968,0.589,0.2292,0.0108,0.334,0.769,0.8882,0.5602,0.0168,0.0092,0.2811487695208626,0.36688809402146144,0.5840061886573515,0.9508942826788129,0.4021206353261796,0.30285741913648895,0,0,0,1.0968,0,0,,
518633,Danny Duffy,kca,nya,P,,12.2245,1,4800,2.5467708333333334,12.2245,4.35,12.175,20.0625,24.15,30.6025,38.35,24.6642,13,24,37,43.15,53,62,13.063,4,13,22,27,33.05,42,23.519,3.3018,1.2112,0.1402,1.0154,3.3444,0,2.261,0,0,,,,,,,5.37647,0.1836,0.31,5.146,0.0048,0.004,5.158477588454878,4.959520984958532
596142,Gary Sanchez,nya,kca,C,4,9.4664,38,4500,2.1036444444444444,9.4664,3,7,14,19,25,35,12.633,3,9.2,18.9,25.2,34.6,47.601,8.076,2,6,12,16,22,30,4.5892,0.6268,0.2316,0.0048,0.2478,0.6514,0.7774,0.46,0.0268,0.0144,0.26905938196260776,0.3423254597751242,0.5075075075075075,0.8498329672826317,0.36403952758650754,0.23844812554489975,0,0,0,0.8708,0,0,,
519058,Mike Moustakas,kca,nya,3B,3,7.7364,8,4300,1.7991627906976744,7.7364,2,5,12,16,23,32,10.0807,3,6.2,15.5,21.7,30.9,43.9,6.454,2,4,10,14,20,28,4.2886,0.6554,0.2106,0.0102,0.1954,0.4872,0.6046,0.236,0.0052,0.0048,0.26442283965849084,0.3049013664132817,0.46607116419088973,0.7709725306041715,0.330399757496619,0.2016483245323989,0,0,0,0.7698,0,0,,
593160,Whit Merrifield,kca,nya,2B,5,6.7394,5,4300,1.5673023255813954,6.7394,2,5,10,13,20,27,8.51148,3,6.2,12.2,16.2,25.2,34.9,5.4988,2,4,8,10,16,22,4.0744,0.6876,0.2088,0.0324,0.0686,0.3634,0.3812,0.2436,0.1422,0.0748,0.2603633705753367,0.3045847241311604,0.38550694371932753,0.6900916678504879,0.30062139210681327,0.12514357314399083,0,0,0,0.8422,0,0,,
650402,Gleyber Torres,nya,kca,2B,9,7.4308,18,3900,1.905333333333333,7.4308,2,5,11,14,21,29.01,9.5872,3,6.5,13.05,18.7,27.9,39.209,6.1648,2,4,8,12,18,24.02,4.0266,0.6986,0.2114,0.0292,0.0958,0.488,0.4848,0.3054,0.106,0.0838,0.2781360851338278,0.33288630606467,0.427872729227131,0.760759035291801,0.3304916803258332,0.14973664409330317,0,0,0,0.8254,0,0,,
592122,Tyler Austin,nya,kca,1B,5,8.5532,6,3800,2.250842105263158,8.5532,2,7,14,17,24,33.01,11.3878,3,9,18.7,22.4,31.9,44.402,7.294,2,6,12,14,20,28,4.4718,0.5156,0.2526,0.0146,0.2112,0.5826,0.6606,0.4156,0.0394,0.0212,0.24505694985454368,0.315219821995617,0.4707361569942311,0.785955978989848,0.33751683885683614,0.22567920713968742,0,0,0,1.3354,0,0,,
640449,Clint Frazier,nya,kca,OF,7,7.6206,11,3800,2.0054210526315788,7.6206,2,5,12,16,21,28,9.9712,3,6.5,15.5,21.7,28.4,38.202,6.4032,2,4,10,14,18,24,4.2534,0.553,0.2186,0.0556,0.1342,0.502,0.532,0.3414,0.0662,0.0376,0.24575664621676893,0.3062961395589411,0.4329754601226994,0.7392715996816405,0.31891874735505715,0.18721881390593045,0,0,0,1.1134,0,0,,
624585,Jorge Soler,kca,nya,OF,2,6.5744,5,3700,1.7768648648648648,6.5744,2,5,9,14,20,29,8.7271,3,6.2,12.4,18.7,27.9,40.4,5.6116,2,4,8,12,18,26,4.384,0.4906,0.1624,0.0108,0.135,0.485,0.4254,0.4712,0.0182,0.0118,0.20415048047434062,0.2896897810218978,0.3546820691065221,0.6443718501284199,0.2854865419708029,0.1505315886321815,0,0,0,1.5212,0,0,,
521692,Salvador Perez,kca,nya,C,4,6.505,7,3500,1.8585714285714285,6.505,0,5,9,14,21,30,8.43068,0,6,12.4,18.7,28.2,40.9,5.396,0,4,8,12,18,26,4.1864,0.594,0.1942,0.0086,0.1482,0.3984,0.514,0.1702,0.0072,0.0056,0.2352970469598128,0.2663863940378368,0.3986355261192172,0.665021920157054,0.2862432161284158,0.16333847915940441,0,0,0,0.9756,0,0,,
543305,Aaron Hicks,nya,kca,OF,1,8.9486,21,3500,2.5567428571428574,8.9486,3,7,13,17,23,32,11.7948,3,9.2,18.2,21.9,31.4,43.9,7.5992,2,6,12,14,20,28,4.9078,0.7114,0.2096,0.0316,0.1358,0.7186,0.5046,0.6206,0.0936,0.0644,0.25387199104310504,0.34822119890786096,0.41253032282142194,0.7607515217292828,0.3346312400668324,0.1586583317783169,0,0,0,0.8314,0,0,,
609280,Miguel Andujar,nya,kca,3B,6,7.83,3,3400,2.302941176470588,7.83,2,6,12,16,22,30,10.1108,3,6.5,15.4,21.4,28.7,40.902,6.4832,2,4,10,14,18,26,4.3654,0.7144,0.2806,0.0298,0.1218,0.5342,0.5584,0.1996,0.0486,0.0248,0.2752412501800375,0.3083795299399826,0.4446204810600605,0.7530000110000431,0.323489164795895,0.16937923088002305,0,0,0,0.7634,0,0,,
445055,Jon Jay,kca,nya,OF,1,6.67,3,3100,2.1516129032258067,6.67,3,5,10,12,17,23,8.36944,3,6.2,12.2,15.4,21.7,30.9,5.4276,2,4,8,10,14,20,4.4812,0.8614,0.1886,0.0426,0.0204,0.4582,0.2728,0.402,0.0664,0.0396,0.2728476171798392,0.3380790859591181,0.35497156305157873,0.6930506490106969,0.3078550834597875,0.08212394587173955,0,0,0,0.9626,0,0,,
460086,Alex Gordon,kca,nya,OF,6,5.4258,0,3000,1.8086,5.4258,0,4,8,11,17,24,7.02482,0,6,9.5,13,22.2,31.7,4.5356,0,4,6,8,14,20,3.9756,0.5366,0.141,0.0088,0.0736,0.3256,0.3126,0.3946,0.0478,0.0326,0.2122312203295169,0.29042157158667875,0.3181792795308573,0.608600851117536,0.2727106348727236,0.10594805920134037,0,0,0,1.135,0,0,,
641531,Hunter Dozier,kca,nya,3B,7,4.8186,2,2900,1.661586206896552,4.8186,0,3,7,10,16,23,6.28798,0,3,9.2,12.5,21.7,31.4,4.0572,0,2,6,8,14,20,3.8576,0.4216,0.169,0.0104,0.0592,0.2904,0.2882,0.3592,0.0316,0.02,0.1887148410702035,0.26425756947324763,0.2937342785273268,0.5579918480005744,0.25060643923683124,0.1050194374571233,0,0,0,1.6374,0,0,,
444876,Alcides Escobar,kca,nya,SS,8,5.012,5,2800,1.79,5.012,0,3,8,10,15,22,6.30354,0,3.5,9.2,12.5,19,28.7,4.06,0,2,6,8,12,18,3.7282,0.6116,0.168,0.0284,0.028,0.2832,0.3138,0.169,0.0596,0.0302,0.2348842436502585,0.26956708331098117,0.32164531355360754,0.5912123968645887,0.25924086690628184,0.08676106990334903,0,0,0,0.709,0,0,,
591720,Ronald Torreyes,nya,kca,2B,8,6.4182,10,2700,2.377111111111111,6.4182,2,5,10,12,17,23.01,8.07756,3,6.2,12.4,15.5,22.105,31.6,5.1892,2,4,8,10,14,20,4.137,0.8596,0.2078,0.0298,0.0222,0.4428,0.4104,0.1728,0.0576,0.024,0.282377276625801,0.312351945854484,0.36663135058776053,0.6789832964422445,0.2967026347594876,0.08425407396195955,0,0,0,0.4472,0,0,,
572365,Ryan Goins,kca,nya,2B,9,4.6022,18,2500,1.8408799999999998,4.6022,0,3,7,9,14.05,21,5.89774,0,3,9.2,12.2,18.9,28.2,3.7988,0,2,6,8,12,18,3.6036,0.521,0.1366,0.0246,0.0344,0.3002,0.279,0.259,0.0278,0.0176,0.21425581534413676,0.2707292707292707,0.3006637565030198,0.5713930272322905,0.25435764235764236,0.08640794115888303,0,0,0,0.9934,0,0,,
640455,Sean Manaea,oak,tor,P,,16.6644,1.85,9000,1.8516000000000001,16.6644,8.675,16.925,25.05,29.165,35.0075,42.4505,31.99,19,33,46,50,58.05,65.01,17.935,9,18,27,32,38,43.01,26.671,3.279,1.447,0.085,0.847,2.986,0,2.596,0,0,,,,,,,6.32633,0.371,0.549,5.602,0.049,0.02,3.896571946136228,4.357538068674887
501981,Khris Davis,oak,tor,OF,4,7.315,10,4500,1.6255555555555556,7.315,2,5,12,16,23,30.01,9.8146,3,6,15.7,22,31.105,42.207,6.288,2,4,10,14,20,26.02,4.392,0.396,0.173,0.008,0.215,0.518,0.558,0.418,0.012,0.008,0.19929542023150476,0.2755009107468124,0.4091595369904378,0.6846604477372502,0.2968123861566484,0.20986411675893302,0,0,0,1.339,0,0,,
518626,Josh Donaldson,tor,oak,3B,2,8.143,4,4200,1.938809523809524,8.143,2,6,12,16,23,31.01,10.9004,3,6.5,15.7,21.7,30.9,41.717,7.03,2,4,10,14,20,26.02,4.455,0.48,0.215,0.01,0.182,0.607,0.468,0.704,0.034,0.016,0.23647027459344172,0.3571268237934904,0.44468141828845636,0.8018082420819468,0.3508213243546577,0.20821114369501464,0,0,0,0.99,0,0,,
543760,Marcus Semien,oak,tor,SS,1,6.871,13,4000,1.71775,6.871,2,5,10,14,19,27.01,8.82,3,6.2,12.5,18.7,25.2,37.4,5.698,2,4,8,12,16,24,4.684,0.621,0.242,0.017,0.105,0.455,0.364,0.322,0.066,0.03,0.22581384685923886,0.27903501280956444,0.3613021549747822,0.6403371677843466,0.28001387702818104,0.13548830811554333,0,0,0,1.046,0,0,,
606192,Teoscar Hernandez,tor,oak,OF,1,8.379,0,4000,2.09475,8.379,2,6,14,16,24,31,10.916,3,9,18.2,22.03,31.4,40.9,7.04,2,6,12,14,20,26,4.561,0.517,0.258,0.039,0.186,0.575,0.482,0.341,0.114,0.071,0.23696682464454977,0.2940144705108529,0.4488151658767773,0.7428296363876301,0.3185930716948038,0.2118483412322275,0,0,0,1.264,0,0,,
543208,Sam Gaviglio,tor,oak,P,,16.7012,19.27,4000,4.1753,16.7012,9.0875,17.175,24.9125,28.75,34.4225,39.006,31.098,19,32,44,49.15,57,62.01,18.323,10,19,28,32,39,43,24.779,2.799,1.283,0.142,0.915,2.775,0,1.964,0,0,,,,,,,6.014,0.331,0.495,5.591,0.01,0.009,3.83255736614566,4.255270701696042
607680,Kevin Pillar,tor,oak,OF,5,7.015,4,3700,1.895945945945946,7.015,2,5,10,14,19,29,9.0281,3,6.5,12.7,18.4,25.2,36.915,5.812,2,4,8,12,16,24,4.134,0.605,0.278,0.025,0.091,0.423,0.451,0.256,0.088,0.05,0.2576070139247034,0.3035800677310111,0.4125838060856111,0.7161638738166223,0.30989477503628443,0.1549767921609077,0,0,0,0.635,0,0,,
475253,Justin Smoak,tor,oak,1B,3,7.43,12,3500,2.1228571428571428,7.43,2,5,11,15,21,30,9.8923,3,6.2,15.2,19.2,28.605,40.405,6.356,2,4,10,12,18,26,4.345,0.49,0.252,0.005,0.157,0.484,0.523,0.518,0.008,0.006,0.23621635746015157,0.3272727272727273,0.4277501959759603,0.7550229232486876,0.3293171461449943,0.19153383851580874,0,0,0,1.015,0,0,,
621566,Matt Olson,oak,tor,1B,5,7.936,5,3500,2.2674285714285713,7.936,2,5,14,17,22,30.01,10.612,3,6.35,18.625,22.2,30.915,41.4,6.812,2,4,12,14,20,26,4.279,0.423,0.19,0.007,0.243,0.54,0.572,0.476,0.011,0.009,0.2269261109650276,0.3129235802757654,0.4722587430975545,0.78518232337332,0.3374772143024071,0.2453326321325269,0,0,0,1.183,0,0,,
656305,Matt Chapman,oak,tor,3B,3,7.466,4,3500,2.133142857142857,7.466,2,5,12,16,21,30,9.9121,3,6.2,15.7,21.7,28.7,41.7,6.368,2,4,10,14,18,26,4.506,0.4,0.205,0.04,0.19,0.498,0.521,0.409,0.033,0.025,0.20380766414449594,0.2760763426542388,0.4124969489870636,0.6885732916413024,0.2975002219263205,0.20868928484256768,0,0,0,1.362,0,0,,
640461,Chad Pinder,oak,tor,OF,9,6.102,23,3400,1.7947058823529412,6.102,0,4,9,14,19,28,7.9994,0,6,12.2,18.7,25.7,37.4,5.134,0,4,8,12,16,24,3.793,0.439,0.168,0.012,0.151,0.387,0.442,0.253,0.035,0.014,0.2175141242937853,0.26970735565515425,0.3997175141242938,0.669424869779448,0.2893071447403111,0.1822033898305085,0,0,0,1.152,0,0,,
500208,Yangervis Solarte,tor,oak,2B,4,7.155,12,3300,2.168181818181818,7.155,2,5,10,14,22,30,9.4438,3,6.2,12.7,18.73,30.72,41.108,6.046,2,4,8,12,20,26,4.238,0.565,0.213,0.011,0.141,0.444,0.572,0.365,0.027,0.011,0.24012393493415954,0.3055686644643699,0.41001807384456485,0.7155867383089347,0.3113787163756488,0.1698941389104053,0,0,0,0.614,0,0,,
641583,Dustin Fowler,oak,tor,OF,7,6.729,2,3300,2.039090909090909,6.729,0,5,10,14.15,21,30.01,8.6232,0,6,12.5,18.7,28.2,40.4,5.548,0,4,8,12,18,26,4.05,0.504,0.203,0.085,0.106,0.401,0.442,0.158,0.092,0.055,0.23072970195272355,0.2607407407407408,0.40827338129496404,0.6690141220357049,0.2855637037037037,0.1775436793422405,0,0,0,0.896,0,0,,
431145,Russell Martin,tor,oak,C,6,6.345,2,3200,1.9828125,6.345,2,4,9,13.15,20,28,8.571,3,6,12.2,18.7,27.9,37.905,5.514,2,4,8,12,18,24,4.047,0.396,0.133,0.001,0.135,0.43,0.428,0.634,0.03,0.01,0.19484324641078232,0.32097850259451444,0.3530618224435981,0.6740403250381125,0.3035013590313813,0.15821857603281575,0,0,0,0.998,0,0,,
459964,Matt Joyce,oak,tor,OF,2,7.441,0,3200,2.3253125,7.441,2,5,11,16,22,31.01,9.9391,3,6.2,15,21.7,30.7,41.422,6.414,2,4,10,14,20,26.02,4.587,0.421,0.243,0.008,0.158,0.523,0.427,0.632,0.031,0.021,0.20986093552465235,0.3187268367124482,0.39519595448798994,0.7139227912004382,0.3148578591672117,0.1853350189633376,0,0,0,1.038,0,0,,
596105,Dwight Smith Jr.,tor,oak,OF,8,5.45,6,3200,1.703125,5.45,0,4,8,11,16,22,7.078,0,6,10,15.2,21.7,28.502,4.564,0,4,6,10,14,18,3.792,0.508,0.185,0.02,0.054,0.34,0.328,0.37,0.045,0.036,0.22413793103448282,0.2998417721518988,0.33722969023962596,0.6370714623915248,0.2834338080168776,0.11309175920514314,0,0,0,0.973,0,0,,
572039,Stephen Piscotty,oak,tor,OF,6,6.438,10,3100,2.076774193548387,6.438,2,5,9,13,19,28,8.3945,3,6,12.2,18.06,25.225,37.4,5.412,2,4,8,12,16,24,4.177,0.512,0.247,0.013,0.101,0.43,0.381,0.368,0.039,0.024,0.22919401417694935,0.29710318410342357,0.3804148070359674,0.6775179911393909,0.2966531003112282,0.15122079285901807,0,0,0,0.888,0,0,,
518960,Jonathan Lucroy,oak,tor,C,8,5.997,3,3000,1.999,5.997,2,5,8,12,18,25,7.808,3,6,10,15.7,24.7,33.905,5.02,2,4,6,10,16,22,3.91,0.556,0.228,0.021,0.067,0.365,0.41,0.358,0.017,0.007,0.2454954954954955,0.3145780051150895,0.37809684684684686,0.6926748519619363,0.30448823529411767,0.13260135135135134,0,0,0,0.559,0,0,,
434778,Kendrys Morales,tor,oak,1B,7,5.705,10,2800,2.0375,5.705,0,4,8,11,18.05,25.01,7.4782,0,6,9.5,15.2,24.91,35.406,4.798,0,4,6,10,16,22,3.921,0.504,0.195,0,0.102,0.361,0.418,0.31,0.004,0.002,0.22182220991415122,0.28334608518235144,0.3605649404597065,0.6439110256420579,0.28274496301963786,0.13874273054555528,0,0,0,0.896,0,0,,
570482,Gio Urshela,tor,oak,3B,9,5.251,16,2700,1.9448148148148148,5.251,0,3,8,11,16,23,6.7308,0,3.5,9.5,13,22.2,31.601,4.324,0,2,6,8,14,20,3.684,0.561,0.214,0.011,0.057,0.354,0.348,0.178,0.016,0.009,0.24044495151169423,0.2771444082519001,0.356531660011409,0.6336760682633091,0.276121878393051,0.11608670849971478,0,0,0,0.683,0,0,,
656794,Sean Newcomb,atl,mia,P,,18.5672,19.9,11500,1.6145391304347827,18.5672,10,19.375,27,31.1,37.65,44.85,34.9788,22,36,49,54,62,69,19.6922,10,21,29,34,40,47,26.0526,3.775,1.13,0.0802,0.4868,2.6454,0,2.9008,0,0,,,,,,,6.09087,0.448,0.5044,6.4342,0.0206,0.017,3.5965305448975275,3.5120231740293257
645277,Ozzie Albies,atl,mia,2B,1,10.2814,7,5400,1.9039629629629629,10.2814,3,8,16,19,26.05,35,13.3166,3.2,9.7,19.2,25.1,34.71,47.1,8.5808,2,6,12,16,22,30,4.6936,0.747,0.2386,0.0804,0.2078,0.7464,0.5922,0.378,0.1386,0.0746,0.29516173880804525,0.35192602693028807,0.5321623876170174,0.8840884145473055,0.3764083858871655,0.23700064880897215,0,0,0,0.6866,0,0,,
518692,Freddie Freeman,atl,mia,1B,3,11.3126,16,5300,2.134452830188679,11.3126,5,9,17,21,28,36,15.1548,6,12.2,21.9,28.2,37.9,50.1,9.7372,4,8,14,18,24,32,4.4578,0.6518,0.2822,0.0276,0.2764,0.841,0.7616,0.7946,0.0334,0.0272,0.33795588556453376,0.4559648256987752,0.6564206158549903,1.1123854415537655,0.4667715016375791,0.3184647302904566,0,0,0,0.6038,0,0,,
570632,Jose Urena,mia,atl,P,,10.9964,5.9,5300,2.0747924528301884,10.9964,2.35,10.7,19.6,23.5,31.25,39.5015,24.0634,11,23,38,44,52,61,11.5636,2,11,21,26,34,40,26.7608,4.337,1.382,0.2028,0.8734,3.73,0,2.5688,0,0,,,,,,,6.0464,0.2824,0.4354,4.2718,0.0664,0.022,5.123974596454088,4.896382111669754
542255,Ender Inciarte,atl,mia,OF,6,7.8284,13,4500,1.7396444444444445,7.8284,3,7,11,14,20,28,10.09,3,9,15.2,18.7,27.7,37.9,6.4764,2,6,10,12,18,24,4.1508,0.8418,0.1694,0.0464,0.0676,0.4826,0.5578,0.382,0.1128,0.0588,0.29855656973041816,0.3631107256432495,0.4219380174060709,0.7850487430493204,0.34374188108316467,0.12338144767565273,0,0,0,0.4564,0,0,,
455976,Nick Markakis,atl,mia,OF,4,8.6816,3,4300,2.0189767441860464,8.6816,3,7,12,16,22,31,11.4744,3.5,9.2,15.7,21.7,30.9,41.9,7.3396,2,6,10,14,20,26,4.3646,0.8206,0.2602,0.011,0.1136,0.6074,0.687,0.523,0.012,0.0084,0.31377551020408156,0.3960042157356916,0.4759475218658891,0.8719517376015807,0.37953012876323144,0.16217201166180756,0,0,0,0.4316,0,0,,
660670,Ronald Acuna Jr.,atl,mia,OF,2,9.776,4,4300,2.2734883720930235,9.776,3,8,14,18,25,33,12.6563,3.5,9.7,18.7,24.2,33.7,44.1,8.1672,2,6,12,16,22,28,4.569,0.795,0.223,0.0298,0.155,0.7672,0.5042,0.4194,0.2212,0.1406,0.28985926354347413,0.35504486758590503,0.4700212068633122,0.8250660744492173,0.35681378857518053,0.1801619433198381,0,0,0,0.9738,0,0,,
571506,Justin Bour,mia,atl,1B,5,7.6826,9,3500,2.1950285714285713,7.6826,2,5,11,16,23,32,10.3353,3,6.5,15.2,21.7,31.4,44.1,6.6256,2,4,10,14,20,28,4.3884,0.5922,0.139,0.003,0.1556,0.5184,0.5864,0.6892,0.0086,0.006,0.24053849480968859,0.35981223224865555,0.40592560553633217,0.7657378377849877,0.3399006927353933,0.16538711072664358,0,0,0,1.057,0,0,,
516770,Starlin Castro,mia,atl,2B,3,7.8226,0,3400,2.300764705882353,7.8226,3,6,11,15,21,28,10.0959,3,9,15.2,18.7,28.305,38.2,6.486,2,6,10,12,18,24,4.597,0.863,0.2298,0.0124,0.0986,0.5184,0.5264,0.4004,0.0218,0.0176,0.2868512605442501,0.3489667174244072,0.4180050517085259,0.7669717691329332,0.3356532521209484,0.13115379116427583,0,0,0,0.9072,0,0,,
605119,Brian Anderson,mia,atl,3B,4,7.7332,6,3400,2.2744705882352942,7.7332,3,6,11,14,22,30,10.3051,3,9,15.2,19,29.2,40.9,6.616,2,6,10,12,18,26,4.4878,0.6232,0.2318,0.0184,0.105,0.5256,0.552,0.6376,0.0154,0.014,0.25411666926393434,0.3600873479210303,0.405693210742299,0.7657805586633293,0.3387950443424395,0.1515765414783647,0,0,0,1.092,0,0,,
435559,Kurt Suzuki,atl,mia,C,5,8.099,18,3200,2.5309375,8.099,3,6,12,16,22,32,10.7769,3,9,15.7,21.7,29.2,43.603,6.8728,2,6,10,14,18,28,4.2568,0.6888,0.2244,0.0054,0.1468,0.5772,0.7046,0.3964,0.0086,0.0042,0.27598176354781884,0.3434034955835369,0.45098953476323694,0.7943930303467739,0.34472072918624325,0.1750077712154181,0,0,0,0.38,0,0,,
621020,Dansby Swanson,atl,mia,SS,8,6.3942,4,3200,1.9981875,6.3942,2,5,9,12,18,26,8.33306,3,6.2,12.2,15.7,25.2,34.9,5.3476,2,4,8,10,16,22,3.9312,0.6528,0.193,0.0236,0.0558,0.3888,0.4678,0.4004,0.042,0.0234,0.26203693214002494,0.3371998371998372,0.37747819191118165,0.7146780291110189,0.3160632885632886,0.11544125977115671,0,0,0,0.799,0,0,,
457727,Cameron Maybin,mia,atl,OF,6,7.3478,5,2900,2.5337241379310345,7.3478,3,6,10,14,20,27,9.6604,3,9,13,18.4,27.4,37.001,6.2364,2,6,8,12,18,24,4.2886,0.6032,0.1898,0.0192,0.054,0.404,0.45,0.6638,0.172,0.0878,0.23896490840873982,0.35675978174695705,0.34661222688148313,0.7033720086284402,0.31845236207620203,0.10764731847274331,0,0,0,0.9628,0,0,,
500743,Miguel Rojas,mia,atl,SS,2,7.4678,3,2900,2.575103448275862,7.4678,3,6,10,14,19,27,9.53656,3,9,12.7,18.2,25.2,35.4,6.1636,2,6,8,12,16,22,4.7114,0.8832,0.2406,0.0148,0.0544,0.5738,0.3528,0.4448,0.042,0.0332,0.27961374396474936,0.3476249097932674,0.3811934561477523,0.7288183659410197,0.32230924990448695,0.10157971218300293,0,0,0,0.577,0,0,,
622666,Johan Camargo,atl,mia,3B,7,7.5684,16,2800,2.703,7.5684,2,6,11,15,21,30,9.96724,3,6.5,15.2,19.2,28.7,40.9,6.3824,2,4,10,12,18,26,4.0456,0.6006,0.2428,0.0482,0.1156,0.4702,0.5992,0.3986,0.015,0.0104,0.2761721963257472,0.34748862962230576,0.46427200438716754,0.8117606340094733,0.3505985267945422,0.18809980806142035,0,0,0,0.7152,0,0,,
621446,Lewis Brinson,mia,atl,OF,7,6.9128,0,2800,2.468857142857143,6.9128,2,5,10,14,21,30,9.145,3,6.2,12.7,18.7,28.2,40.9,5.8636,2,4,8,12,18,26,4.182,0.5256,0.1756,0.0206,0.116,0.393,0.542,0.4446,0.0748,0.042,0.2241665328838229,0.3066475370636059,0.37528763311392943,0.6819351701775354,0.3006444285031085,0.15112110023010653,0,0,0,1.3348,0,0,,
445988,Martin Prado,mia,atl,3B,1,7.2876,0,2700,2.6991111111111112,7.2876,3,6,10,13.15,19,27,9.3068,3,6.5,12.5,18.2,24.9,36.9,6.0236,2,4,8,12,16,24,4.8244,0.8478,0.2592,0.0102,0.0586,0.536,0.3284,0.4774,0.0194,0.0144,0.27048539222452267,0.3426747367548296,0.37524729698642745,0.7179220337412571,0.318040626813697,0.10476190476190478,0,0,0,0.7134,0,0,,
592407,Bryan Holaday,mia,atl,C,8,6.321,2,2300,2.7482608695652173,6.321,2,5,9,13,19,28,8.29678,3,6,12.2,18.2,25.7,37.7,5.3132,2,4,8,12,16,24,4.062,0.5706,0.1864,0.0088,0.1028,0.3674,0.507,0.346,0.0276,0.0188,0.233745963401507,0.2990152634170359,0.3716361679224973,0.6706514313395332,0.2946495322501231,0.13789020452099032,0,0,0,0.7362,0,0,,
519144,Rick Porcello,bos,bal,P,,16.8131,24.1,9700,1.7333092783505153,16.8131,8.1,16.95,25.6,29.7,36.4025,44.35,32.0812,18,33,46,52,60,69,18.0676,9,18,28,33,39,47,26.4858,4.2722,1.571,0.0634,0.8776,3.2204,0,1.419,0,0,,,,,,,6.25507,0.414,0.5144,5.885,0.0372,0.0246,4.2592329102631945,3.7798227661720816
605164,Dylan Bundy,bal,bos,P,,12.0817,17.3,6900,1.7509710144927535,12.0817,3.75,11.85,20.35,24.8,31.205,38.55,25.0298,12,24,38,45,54,62,12.8288,4,13,22,27,34,41,24.7372,3.843,1.5102,0.1006,0.885,3.5084,0,2.1528,0,0,,,,,,,5.60827,0.2942,0.3654,4.895,0.0158,0.0092,5.192403361464408,4.614383471195217
605141,Mookie Betts,bos,bal,OF,1,9.8284,16,5800,1.6945517241379309,9.8284,4,8,14,18,25,33,12.8307,6,9.5,18.7,24.7,34.2,43.9,8.268,4,6,12,16,22,28,4.67,0.7272,0.352,0.017,0.1594,0.7184,0.57,0.469,0.1284,0.0526,0.29888121875743867,0.36929336188436823,0.5045941442513687,0.873887506135737,0.37572496788008564,0.20571292549393005,0,0,0,0.5912,0,0,,
592518,Manny Machado,bal,bos,SS,3,8.5424,5,5300,1.6117735849056607,8.5424,3,7,13,17,23,32,11.0478,3,9,15.9,21.7,31.4,44.202,7.0904,2,6,10,14,20,28,4.5384,0.776,0.2848,0.006,0.1688,0.554,0.6028,0.2664,0.0416,0.0316,0.2892322097378277,0.33095364004935657,0.47724719101123597,0.8082008310605926,0.34721928432927907,0.18801498127340827,0,0,0,0.7204,0,0,,
502110,J.D. Martinez,bos,bal,OF,4,9.3664,2,5100,1.8365490196078431,9.3664,3,7,14,18,25,34,12.434,3,9.2,18.7,25.1,34.4,47.1,7.946,2,6,12,16,22,30,4.3506,0.6428,0.2856,0.0152,0.2232,0.638,0.7748,0.3774,0.0152,0.011,0.29366757273734023,0.35493954856801363,0.5417295882412162,0.8966691368092299,0.3819147244058291,0.24806201550387597,0,0,0,1.1136,0,0,,
643217,Andrew Benintendi,bos,bal,OF,2,9.1718,28,4900,1.8717959183673467,9.1718,3,7,14,17,24,32,12.0508,3.5,9.2,18.2,22.1,31.7,43.204,7.7544,2,6,12,14,20,28,4.554,0.703,0.2876,0.0396,0.124,0.6782,0.5672,0.5396,0.0996,0.0538,0.2875149461937026,0.3719367588932806,0.4715524113192507,0.8434891702125313,0.36563899868247696,0.18403746512554808,0,0,0,0.7666,0,0,,
593428,Xander Bogaerts,bos,bal,SS,5,7.7288,2,4400,1.7565454545454544,7.7288,3,7,11,14,21,28,10.0809,3,9,15.2,18.7,28.2,37.9,6.468,2,6,10,12,18,24,4.2438,0.7318,0.2592,0.0136,0.0908,0.5422,0.541,0.3746,0.061,0.031,0.2831076191460767,0.34638767142655164,0.4275302388090561,0.7739179102356077,0.3375466798623875,0.14442261966297942,0,0,0,0.8256,0,0,,
434670,Hanley Ramirez,bos,bal,1B,3,8.3452,0,4100,2.0354146341463415,8.3452,3,7,12,16,23,31,11.01,3,9,15.7,21.7,31.4,41.402,7.0452,2,6,10,14,20,26,4.452,0.722,0.2314,0.0046,0.1486,0.6008,0.644,0.4044,0.0402,0.0214,0.2733965806897915,0.3393980233602875,0.44297855519320095,0.7823765785534884,0.33991078167115907,0.16958197450340945,0,0,0,0.8556,0,0,,
641820,Trey Mancini,bal,bos,1B,1,8.2256,3,4100,2.0062439024390244,8.2256,3,7,12,16,22,31,10.5261,3,9,15.4,21.4,28.7,40.9,6.7724,2,6,10,14,18,26,4.7664,0.8472,0.289,0.0204,0.1318,0.585,0.501,0.2614,0.0126,0.0102,0.28599334073251936,0.32515105740181266,0.4469700332963374,0.77212109069815,0.33308463410540456,0.16097669256381802,0,0,0,1.1266,0,0,,
570731,Jonathan Schoop,bal,bos,2B,4,7.6542,2,3900,1.9626153846153849,7.6542,3,6,11,15,21,30,9.896,3,6.5,15,19.2,28.7,40.603,6.3344,2,4,10,12,18,26,4.4402,0.7526,0.281,0.0048,0.131,0.481,0.5964,0.2076,0.0146,0.0108,0.27628408070689414,0.31012116571325615,0.43779237348202055,0.7479135391952767,0.3222818791946309,0.1615082927751264,0,0,0,0.9944,0,0,,
476883,Pedro Alvarez,bal,bos,1B,7,7.3844,18,3600,2.0512222222222225,7.3844,2,5,12,16,22,32,9.75134,3,6.2,15.5,21.7,30.9,43.9,6.2524,2,4,10,14,20,28,4.1094,0.4746,0.2058,0.0054,0.2154,0.4882,0.5502,0.3038,0.01,0.006,0.23680891318057598,0.29323015525380836,0.463527433256254,0.7567575885100624,0.3240749987832774,0.22671852007567803,0,0,0,1.1344,0,0,,
646240,Rafael Devers,bos,bal,3B,6,8.187,14,3600,2.2741666666666664,8.187,2,6,12,16,24,32,10.7693,3,6.5,15.7,22.2,31.7,44.202,6.8892,2,4,10,14,20,28,4.138,0.6296,0.2292,0.0208,0.1828,0.5422,0.6542,0.303,0.0318,0.0258,0.2770273794002608,0.32996616723054617,0.49063885267275104,0.8206050199032973,0.351551619139681,0.21361147327249025,0,0,0,0.9602,0,0,,
430945,Adam Jones,bal,bos,OF,2,7.9168,3,3500,2.261942857142857,7.9168,3,6,12,15,22,32,10.1276,3,6.5,15.2,19,28.7,43.4,6.502,2,4,10,12,18,28,4.6488,0.8602,0.2678,0.0064,0.1292,0.599,0.5096,0.1794,0.0156,0.0108,0.28272251308900526,0.31040268456375836,0.4322280395578825,0.7426307241216409,0.32021777663052836,0.14950552646887727,0,0,0,0.8176,0,0,,
444432,Mark Trumbo,bal,bos,1B,6,6.5186,5,3500,1.862457142857143,6.5186,2,5,9,14,20,28,8.3847,3,6,12.2,18.5,27.7,37.4,5.378,2,4,8,12,18,24,4.2274,0.6684,0.2172,0.0052,0.1188,0.426,0.465,0.1904,0.007,0.0074,0.2500866980431013,0.283862421346454,0.3947485756750062,0.6786109970214602,0.2935894403179259,0.1446618776319049,0,0,0,1.0614,0,0,,
456488,Eduardo Nunez,bos,bal,2B,7,7.3858,5,3400,2.1722941176470587,7.3858,2,6,11,14,20,27,9.44802,3,6.5,13,18.7,25.7,35.403,6.0724,2,4,8,12,16,22,4.031,0.7454,0.2656,0.0072,0.0748,0.4626,0.4938,0.2056,0.1384,0.0648,0.28572175458775556,0.322153311833292,0.41757724682386155,0.7397305586571535,0.32082669312825607,0.131855492236106,0,0,0,0.5678,0,0,,
642082,Chance Sisco,bal,bos,C,9,6.3534,7,3400,1.8686470588235293,6.3534,2,5,9,13,19,26,8.27956,3,6,12.2,16.2,25.2,34.9,5.3232,2,4,8,10,16,22,3.8802,0.5466,0.2328,0.0132,0.0974,0.4418,0.4128,0.3064,0.0296,0.0164,0.24903464099837708,0.30833462192670485,0.4033241927360233,0.7116588146627282,0.3098721199938148,0.15428955173764625,0,0,0,1.2452,0,0,,
448801,Chris Davis,bal,bos,1B,5,7.5256,0,3200,2.35175,7.5256,2,5,11,16,23,33.01,10.0413,3,6.2,15.4,21.7,31.2,45.214,6.4392,2,4,10,14,20,28.02,4.332,0.4894,0.1714,0.0028,0.2038,0.4958,0.5666,0.4766,0.0124,0.009,0.2249831405301655,0.3102493074792244,0.42947554079991707,0.7397248482791414,0.3215849030470914,0.20449240026975157,0,0,0,1.4716,0,0,,
598265,Jackie Bradley Jr.,bos,bal,OF,9,6.8376,4,2900,2.357793103448276,6.8376,2,5,10,14,20,27,9.05604,3,6.2,12.7,18.7,28.1,37.4,5.812,2,4,8,12,18,24,3.787,0.5362,0.1748,0.023,0.113,0.5052,0.474,0.4348,0.0426,0.0262,0.25266988843147786,0.33847372590440983,0.41966469781039323,0.758138423714803,0.3318065487193029,0.16699480937891537,0,0,0,0.8746,0,0,,
506702,Sandy Leon,bos,bal,C,8,6.3044,11,2600,2.424769230769231,6.3044,2,5,9,12,19,26,8.2908,3,6.2,12.2,15.9,25.2,34.9,5.316,2,4,8,10,16,22,3.9056,0.5928,0.1748,0.0074,0.0926,0.475,0.4436,0.3628,0.0208,0.0134,0.24489104662978434,0.31503482179434655,0.37682059388054645,0.6918554156748931,0.30481273043834495,0.1319295472507621,0,0,0,0.896,0,0,,
607054,Jace Peterson,bal,bos,2B,8,5.5778,2,2600,2.1453076923076924,5.5778,2,5,8,11,16,21.01,7.28022,3,6,12,15.2,21.7,28.4,4.7092,2,4,8,10,14,18,3.9924,0.522,0.1688,0.021,0.0326,0.4046,0.271,0.4848,0.0706,0.0404,0.21222488311095908,0.3078849814647831,0.300205268559699,0.608090250024482,0.2765033062819357,0.0879803854487399,0,0,0,1.0144,0,0,,
571578,Patrick Corbin,ari,nyn,P,,19.8495,14.07,11300,1.7565929203539823,19.8495,11.7,20.2,28.15,32.05,39,45.651,36.3466,24,38,49,54,62,68,21.4326,12,22,31,35,42,47,27.0146,3.5446,1.1178,0.1094,0.7254,2.6192,0,2.2266,0,0,,,,,,,6.61013,0.369,0.6318,6.3358,0.0738,0.039,3.2824165334115976,3.677171312818356
571927,Steven Matz,nyn,ari,P,,18.7192,0.8,6200,3.019225806451613,18.7192,10.95,19.05,26.7625,30.9,36.9025,43.75,34.7698,23,36,48,52,60,67,20.3414,12,21,29,34,40,46,26.6014,3.7732,1.0428,0.0858,0.5702,2.4206,0,2.235,0,0,,,,,,,6.51067,0.3856,0.6158,5.7262,0.0382,0.0322,3.0953496337550512,3.5663587910307233
502671,Paul Goldschmidt,ari,nyn,1B,4,8.4852,14,4100,2.069560975609756,8.4852,3,7,13,16.15,23,32,11.2962,3,9,16,21.9,31.2,43.603,7.2828,2,6,10,14,20,28,4.324,0.5486,0.1872,0.0076,0.1902,0.5218,0.5352,0.7358,0.071,0.038,0.26018616576556497,0.3860777058279371,0.4756145142411238,0.8616922200690609,0.3754366327474561,0.2154283484755588,0,0,0,1.051,0,0,,
408314,Jose Reyes,nyn,ari,3B,7,5.8368,0,3700,1.5775135135135137,5.8368,0,4,8,12,19,25.01,7.50222,0,6,10,15.5,24.9,34.7,4.8368,0,4,6,10,16,22,3.8034,0.5394,0.1472,0.0204,0.0834,0.3056,0.3718,0.3008,0.1058,0.05,0.22566093758921946,0.2869011936688226,0.3507680009136071,0.6376691945824298,0.2808280485881054,0.12510706332438765,0,0,0,0.5682,0,0,,
452678,Asdrubal Cabrera,nyn,ari,2B,2,7.5862,8,3600,2.1072777777777776,7.5862,3,6,11,15,21,30,9.85646,3,6.5,13,18.9,28.2,40.9,6.3496,2,4,8,12,18,26,4.3546,0.6588,0.2556,0.011,0.1364,0.5388,0.4486,0.384,0.0274,0.0186,0.2674155039540624,0.33201671795342863,0.440386843298242,0.7724035612516706,0.3350677444541405,0.17297133934417963,0,0,0,0.779,0,0,,
457803,Jay Bruce,nyn,ari,OF,4,6.6574,8,3300,2.0173939393939393,6.6574,2,5,10,14,21,30,8.7912,3,6,12.5,18.7,28.21,40.603,5.6336,2,4,8,12,18,26,4.1442,0.4804,0.185,0.0168,0.153,0.429,0.51,0.3274,0.0188,0.0132,0.2188220498847202,0.28053665363640756,0.39635296583525464,0.6768896194716623,0.2938903045219826,0.17753091595053444,0,0,0,1.0196,0,0,,
624424,Michael Conforto,nyn,ari,OF,6,6.0936,18,3300,1.8465454545454547,6.0936,2,4,9,14,19,28,8.04298,3,6,12,18.6,25.51,37.9,5.178,2,4,8,12,16,24,3.9248,0.4564,0.1358,0.0152,0.1366,0.3604,0.4078,0.4612,0.0198,0.0112,0.21480540478115256,0.30707297187117816,0.38110636332139963,0.6881793351925778,0.3036044639217285,0.16630095854024707,0,0,0,1.2036,0,0,,
444482,David Peralta,ari,nyn,OF,1,7.0748,0,3200,2.210875,7.0748,2,5,10,14,20,28,8.99928,3,6.2,12.4,18.4,27.21,37.4,5.8256,2,4,8,12,18,24,4.642,0.764,0.183,0.0172,0.0994,0.4534,0.3404,0.4018,0.069,0.034,0.25083722465921415,0.3156828953037484,0.37243526248761843,0.6881181577913669,0.3032344248168893,0.12159803782840428,0,0,0,0.9116,0,0,,
607043,Brandon Nimmo,nyn,ari,OF,1,6.0422,17,3100,1.9490967741935483,6.0422,2,5,9,12,17,25,7.90284,3,6,12.2,15.4,22.1,33.9,5.1244,2,4,8,10,14,22,4.4424,0.5444,0.1568,0.0248,0.0632,0.4482,0.2532,0.5944,0.0406,0.0286,0.20509355509355515,0.3114532685035116,0.30800415800415804,0.6194574265076697,0.28195461912479747,0.10291060291060289,0,0,0,1.4178,0,0,,
519023,Devin Mesoraco,nyn,ari,C,5,6.4748,20,3000,2.1582666666666666,6.4748,2,5,9,14,20,29,8.60664,3,6,12.2,18.7,27.9,38.705,5.5284,2,4,8,12,18,24,4.0384,0.462,0.1554,0.0066,0.1456,0.4172,0.4612,0.4616,0.0246,0.021,0.21516439275329902,0.3048732171156894,0.3844218295683292,0.6892950466840186,0.30358968898573696,0.1692574368150302,0,0,0,0.9108,0,0,,
605113,Nick Ahmed,ari,nyn,SS,2,6.8548,5,3000,2.2849333333333335,6.8548,2,5,10,14,21,28,8.91374,3,6.2,12.425,18.7,27.9,37.7,5.7496,2,4,8,12,18,24,4.5406,0.5494,0.1834,0.0196,0.1312,0.4862,0.3842,0.363,0.0708,0.0456,0.211509000382995,0.2745452142888605,0.3590099578705477,0.6335551721594082,0.27775395322204116,0.14750095748755268,0,0,0,0.9854,0,0,,
502481,Jarrod Dyson,ari,nyn,OF,7,5.9792,14,2900,2.061793103448276,5.9792,2,5,9,12,17.05,24,7.60642,3,6,12,15.5,22.2,31.7,4.9152,2,4,8,10,14,20,3.99,0.61,0.1266,0.0286,0.0432,0.2986,0.3478,0.3218,0.1838,0.0736,0.22038056812605633,0.2832581453634085,0.30581756719917125,0.5890757125625797,0.26315127819548867,0.08543699907311492,0,0,0,0.5868,0,0,,
572008,Chris Owings,ari,nyn,2B,3,6.7884,16,2900,2.340827586206897,6.7884,2,5,10,14,19,26,8.7074,3,6.2,12.5,18.4,25.4,35.2,5.6192,2,4,8,12,16,22,4.428,0.6382,0.2174,0.015,0.0918,0.442,0.3804,0.302,0.1,0.0474,0.23325254483761512,0.28554652213188797,0.3599612215220552,0.6455077436539431,0.28277705510388434,0.12670867668444005,0,0,0,0.9728,0,0,,
571974,John Ryan Murphy,ari,nyn,C,8,5.3332,21,2900,1.8390344827586207,5.3332,0,3,7,11,18,23,6.95202,0,3.5,9.5,15.2,24.7,31.7,4.4664,0,2,6,10,16,20,3.88,0.5024,0.1436,0.0028,0.0964,0.3066,0.3822,0.316,0.0224,0.0148,0.20909090909090908,0.27350515463917524,0.33209876543209876,0.605603920071274,0.2680880412371134,0.12300785634118969,0,0,0,0.8002,0,0,,
642708,Amed Rosario,nyn,ari,SS,9,5.385,0,2900,1.856896551724138,5.385,0,4,8,11,16,23,6.74334,0,6,9.5,13,21.7,30.9,4.3616,0,4,6,8,14,20,3.5514,0.6062,0.1582,0.0308,0.05,0.3222,0.273,0.1758,0.0974,0.0514,0.25038511671999053,0.28749225657487193,0.35993601137575537,0.6474282679506274,0.28238148335867547,0.10955089465576484,0,0,0,0.8458,0,0,,
527038,Wilmer Flores,nyn,ari,1B,3,7.8676,5,2800,2.809857142857143,7.8676,2,5,12,16,22,32,10.3386,3,6.5,15.5,21.9,30.9,43.9,6.6304,2,4,10,14,20,28,4.257,0.6044,0.206,0.005,0.1984,0.5108,0.5816,0.3578,0.02,0.0096,0.26000205170291346,0.3221987315010571,0.4680447271235125,0.7902434586245697,0.3401780126849895,0.20804267542059907,0,0,0,0.6596,0,0,,
571918,Deven Marrero,ari,nyn,3B,6,5.3204,7,2800,1.9001428571428574,5.3204,0,4,8,10,16,23,6.82794,0,6,9.5,13,21.7,31.7,4.3944,0,4,6,8,14,20,4.1214,0.567,0.1588,0.008,0.053,0.2832,0.3594,0.2776,0.0782,0.0358,0.20469327228263698,0.2582617557140777,0.2915344190644674,0.5497961747785451,0.24489023147474154,0.08684114678183044,0,0,0,1.1912,0,0,,
606466,Ketel Marte,ari,nyn,2B,5,6.3354,3,2800,2.262642857142857,6.3354,2,5,10,12,18,24,8.1306,3,6.2,12.2,15.7,24.7,31.9,5.2316,2,4,8,10,16,20,4.235,0.7008,0.1922,0.0236,0.0506,0.353,0.4252,0.3544,0.0624,0.0452,0.2492398082770705,0.3120661157024793,0.3500489615007988,0.662115077203278,0.2931409681227863,0.10080915322372827,0,0,0,0.5718,0,0,,
621107,Zach Eflin,phi,sln,P,,12.9598,9.85,7200,1.799972222222222,12.9598,4.35,12.85,21.45,24.88,31.8,37.6575,26.252,13.75,26,40,45,52,61,13.991,4,14,24,28,34,40,25.789,3.82,1.156,0.124,0.953,3.271,0,2.267,0,0,,,,,,,6.02567,0.348,0.456,4.425,0.04,0.022,4.486803957070334,4.872991748635421
607231,John Gant,sln,phi,P,,15.7875,13.62,4800,3.2890625,15.7875,7.7375,16.2,24.5,27.565,33.055,42.5035,30.57,17,31,44,49,56,64.01,16.965,8,18,27,30,36,44.01,25.676,3.888,1.185,0.142,0.808,3.005,0,2.112,0,0,,,,,,,6.04533,0.365,0.497,5.501,0.02,0.017,4.0925805539151705,4.122704105483076
656555,Rhys Hoskins,phi,sln,OF,2,9.527,4,4800,1.9847916666666667,9.527,3,7,14.25,18,25,34.01,12.7963,3,9.2,18.9,25.2,34.1,47.202,8.23,2,6,12,16,22,30,4.702,0.503,0.24,0.012,0.244,0.734,0.609,0.693,0.042,0.033,0.24918932402095284,0.3598468736707784,0.4976303317535544,0.8574772054243328,0.36928477243726077,0.24844100773260158,0,0,0,1.192,0,0,,
502054,Tommy Pham,sln,phi,OF,1,9.863,13,4700,2.0985106382978724,9.863,3.75,8,15,18,25,33,12.7811,5.375,9.5,18.7,24.7,31.9,43.9,8.278,3.5,6,12,16,20,28,4.611,0.754,0.207,0.037,0.192,0.698,0.449,0.613,0.166,0.076,0.2976488244122061,0.391021470396877,0.5120060030015007,0.9030274733983776,0.3891654738668402,0.2143571785892946,0,0,0,0.922,0,0,,
546318,Odubel Herrera,phi,sln,OF,3,8.959,18,4600,1.9476086956521739,8.959,3,7,13,17,23,30.01,11.5045,3,9.2,15.7,21.7,31.4,40.9,7.402,2,6,10,14,20,26,4.606,0.895,0.257,0.033,0.128,0.605,0.561,0.349,0.083,0.039,0.30843316889828526,0.36083369518019975,0.4745125675358234,0.8353462627160231,0.36088840642640035,0.16607939863753812,0,0,0,0.762,0,0,,
467793,Carlos Santana,phi,sln,1B,4,8.539,7,4400,1.9406818181818182,8.539,3,7,13,17,23,32.01,11.4764,3,9.2,16.2,22.2,31.4,44.4,7.346,2,6,10,14,20,28,4.502,0.54,0.231,0.021,0.176,0.597,0.676,0.575,0.028,0.024,0.24649859943977592,0.3427365615282097,0.4504710975299211,0.7932076590581307,0.34473123056419375,0.20397249809014517,0,0,0,0.619,0,0,,
576397,Jedd Gyorko,sln,phi,3B,5,8.261,7,4100,2.0148780487804876,8.261,3,6,12,17,24,34.01,11.0311,3,6.5,15.7,22.53,31.9,47.405,7.05,2,4,10,14,20,30,4.192,0.594,0.162,0.009,0.2,0.573,0.683,0.45,0.037,0.025,0.25788348476750406,0.3375477099236641,0.4663281667557456,0.8038758766794097,0.34760162213740464,0.20844468198824156,0,0,0,0.751,0,0,,
514917,Cesar Hernandez,phi,sln,2B,1,8.097,17,4000,2.02425,8.097,3,7,12,15,21,27,10.3311,3,9,15.2,18.7,27.9,34.207,6.698,2,6,10,12,18,22,4.793,0.873,0.182,0.049,0.064,0.608,0.325,0.54,0.118,0.073,0.27462967317187864,0.3563530148132693,0.38561015753585703,0.7419631723491263,0.328736073440434,0.1109804843639784,0,0,0,0.889,0,0,,
596748,Maikel Franco,phi,sln,3B,5,7.976,0,4000,1.994,7.976,2,6,12,17,23,33.01,10.4887,3,6.5,15.7,21.7,31.21,43.905,6.694,2,4,10,14,20,28,4.393,0.676,0.192,0.011,0.19,0.536,0.681,0.253,0.012,0.003,0.2582125603864735,0.30093330298201687,0.447584541062802,0.7485178440448188,0.3218340541771,0.1893719806763285,0,0,0,0.583,0,0,,
572761,Matt Carpenter,sln,phi,2B,2,8.209,13,3500,2.3454285714285716,8.209,3,6,11,16,23,30,11.0253,3,9,15.6,21.7,30.9,40.9,7.112,2,6,10,14,20,26,4.503,0.489,0.255,0.016,0.151,0.654,0.453,0.76,0.019,0.009,0.24338765695965803,0.37108594270486345,0.4410900347314987,0.8121759774363622,0.35657472795913836,0.1977023777718407,0,0,0,0.844,0,0,,
542303,Marcell Ozuna,sln,phi,OF,4,8.474,2,3500,2.4211428571428573,8.474,3,7,12.25,16.15,23,32,11.156,3,9.2,16.05,21.915,31.21,43.905,7.126,2,6,10,14,20,28,4.301,0.727,0.201,0.021,0.184,0.585,0.7,0.33,0.01,0.006,0.2853185595567867,0.340153452685422,0.4855200201460589,0.825673472831481,0.3549353638688677,0.20020146058927218,0,0,0,0.762,0,0,,
500874,Jose Martinez,sln,phi,1B,3,8.517,4,3400,2.505,8.517,3,7,12,16,23,32,11.0896,3,9,15.7,21.7,31.4,44.4,7.112,2,6,10,14,20,28,4.415,0.812,0.235,0.009,0.146,0.603,0.602,0.362,0.048,0.029,0.2965704416481619,0.35424688561721407,0.46706143597335303,0.8213083215905671,0.35547565118912794,0.17049099432519116,0,0,0,0.564,0,0,,
641933,Tyler O'Neill,sln,phi,OF,7,8.117,16,3300,2.45969696969697,8.117,2,5,13,17,25,35.01,10.7775,3,6.5,18.4,22.4,34.4,47.408,6.882,2,4,12,14,22,30,3.989,0.497,0.148,0.029,0.243,0.48,0.717,0.3,0.046,0.034,0.24857685009487668,0.3050889947355227,0.5020330712930333,0.8071220660285561,0.34351140636751065,0.25345622119815664,0,0,0,1.035,0,0,,
664068,Scott Kingery,phi,sln,3B,7,7.061,12,3300,2.1396969696969697,7.061,2,5,10,14.15,20,28,9.0378,3,6.2,12.7,18.7,25.7,37.4,5.818,2,4,8,12,16,24,4.177,0.66,0.195,0.024,0.113,0.384,0.468,0.255,0.114,0.066,0.25293217746047936,0.29853962173808957,0.4013258541560429,0.6998654758941325,0.3036689011252095,0.14839367669556353,0,0,0,0.925,0,0,,
608384,Nick Williams,phi,sln,OF,6,7.575,4,2900,2.6120689655172415,7.575,2,5,11,15,22,31.01,9.8018,3,6.5,13.05,18.915,28.7,41.106,6.294,2,4,8,12,18,26,4.288,0.671,0.196,0.04,0.144,0.449,0.542,0.305,0.046,0.028,0.26387145367813203,0.31623134328358204,0.44162691438614116,0.7578582576697233,0.3270347481343283,0.17775546070800913,0,0,0,1.121,0,0,,
543939,Kolten Wong,sln,phi,2B,6,7.008,0,2800,2.5028571428571427,7.008,2,5,10,14,19,28.02,9.168,3,6.2,12.7,18.53,25.7,37.925,5.896,2,4,8,12,16,24.02,4.094,0.618,0.185,0.044,0.087,0.455,0.466,0.465,0.047,0.024,0.2573711766326811,0.34171958964338056,0.4045191512813447,0.7462387409247253,0.32786785539814356,0.14714797464866358,0,0,0,0.537,0,0,,
571467,Steven Baron,sln,phi,C,8,4.688,3,2600,1.803076923076923,4.688,0,3,7,10,16,21.02,6.0339,0,3,9.2,12.4,20.06,28.92,3.88,0,2,6,8,12.1,18.02,3.865,0.547,0.136,0.006,0.044,0.307,0.305,0.265,0.025,0.01,0.20361111111111113,0.25821474773609315,0.2813888888888889,0.5396036366249821,0.24140155239327296,0.07777777777777778,0,0,0,0.894,0,0,,
595284,Andrew Knapp,phi,sln,C,8,5.716,0,2600,2.1984615384615385,5.716,2,4.5,8,11,18,23,7.495,3,6,9.5,15,24.7,31.7,4.834,2,4,6,10,16,20,4.05,0.507,0.174,0.018,0.068,0.32,0.36,0.498,0.029,0.023,0.21593468468468474,0.3123456790123457,0.3324887387387388,0.6448344177510845,0.2898113580246913,0.11655405405405406,0,0,0,1.194,0,0,,
592468,Nick Kingham,pit,sdn,P,,19.7147,13.9,7600,2.5940394736842105,19.7147,11.1,20.2,28.3625,32.35,39.15,46.551,36.2262,23,38,50,55,63,71,21.281,12,22,31,35,42,48,26.415,3.64,1.1044,0.171,0.7646,2.7442,0,2.0542,0,0,,,,,,,6.41533,0.4212,0.5816,6.5734,0.0334,0.0268,3.550994259063836,3.6177089580738633
453385,Clayton Richard,sdn,pit,P,,13.5344,15.77,6400,2.11475,13.5344,5.1,13.6,21.75,26.1075,33.05,40.25,27.542,14,28,41,47,55,63,14.415,5,15,24,29,36,42,25.9076,4.0236,1.3578,0.1334,0.7204,3.2142,0,2.4194,0,0,,,,,,,5.9472,0.3094,0.4646,4.959,0.031,0.0158,4.485169491525424,4.284488566047888
572816,Corey Dickerson,pit,sdn,OF,5,8.0174,3,4000,2.00435,8.0174,3,7,12,16,22,31,10.4004,3,9,15.5,21.5,28.7,41.4,6.6468,2,6,10,14,18,26,4.2078,0.7604,0.2536,0.0402,0.123,0.5302,0.6484,0.2042,0.0302,0.0218,0.2940353681686482,0.3282950710585104,0.46962733539814167,0.7979224064566521,0.3424558201435429,0.17559196722949344,0,0,0,0.757,0,0,,
543333,Eric Hosmer,sdn,pit,1B,2,8.3946,4,3900,2.1524615384615386,8.3946,3,7,12,16,23,31,10.9421,3,9,15.5,21.7,30.9,41.402,7.0512,2,6,10,14,20,26,4.5582,0.7358,0.2324,0.0108,0.164,0.6326,0.4776,0.4752,0.0256,0.0222,0.2799412196914034,0.3550085560089509,0.46265001224589763,0.8176585682548485,0.35467201965688205,0.18270879255449424,0,0,0,0.8186,0,0,,
608671,Travis Jankowski,sdn,pit,OF,1,7.2674,19,3900,1.8634358974358975,7.2674,3,6,11,14,19,26,9.16058,3,6.5,12.5,18.2,24.7,33.9,5.9704,2,4,8,12,16,22,4.6636,0.7812,0.1512,0.0426,0.0378,0.4814,0.2174,0.5162,0.2038,0.1012,0.24420118628538365,0.32785830688738316,0.3285431836813426,0.6564014905687258,0.2951440946907968,0.08434199739595896,0,0,0,1.1192,0,0,,
605137,Josh Bell,pit,sdn,1B,4,8.0748,8,3900,2.0704615384615384,8.0748,3,7,12,16,22,30,10.6513,3,9,15.7,21.7,28.9,41.1,6.8244,2,6,10,14,18,26,4.303,0.6794,0.2328,0.0292,0.1286,0.5662,0.603,0.4508,0.0226,0.0316,0.2777633560043612,0.35342784104113406,0.4535070868594569,0.806934927900591,0.3503718800836626,0.1757437308550957,0,0,0,0.7224,0,0,,
465041,Francisco Cervelli,pit,sdn,C,3,8.1228,0,3700,2.1953513513513516,8.1228,3,7,11,15,21,29,10.6795,3,9,15.25,19.2,28.2,38.716,6.8788,2,6,10,12,18,24.02,4.3998,0.7332,0.21,0.0204,0.1172,0.605,0.4806,0.6194,0.0256,0.018,0.28589567241561736,0.38642665575707985,0.4452438895354988,0.8316705452925787,0.36490663211964175,0.15934821711988145,0,0,0,0.7428,0,0,,
614173,Franchy Cordero,sdn,pit,OF,3,8.2692,7,3600,2.2969999999999997,8.2692,2,6,12,17,23,32,10.7402,3,9,15.7,21.9,31.2,44.2,6.9076,2,6,10,14,20,28,4.4562,0.606,0.189,0.0876,0.1508,0.5016,0.557,0.3656,0.0898,0.0536,0.25262797633598977,0.31394461648938554,0.45225639270522655,0.7662010091946121,0.32927242942417306,0.19962841636923678,0,0,0,1.4434,0,0,,
501896,David Freese,pit,sdn,1B,6,7.1966,7,3300,2.180787878787879,7.1966,3,5,10,14,20,28,9.46642,3,6.5,12.7,18.7,27.9,38.4,6.0792,2,4,8,12,18,24,4.1032,0.6792,0.2148,0.003,0.1032,0.4626,0.5102,0.5142,0.011,0.0088,0.2786848704374477,0.369077792942094,0.4264697687378099,0.7955475616799039,0.3498332520959251,0.14778489830036218,0,0,0,0.865,0,0,,
570799,Christian Villanueva,sdn,pit,3B,5,6.985,21,3300,2.1166666666666667,6.985,2,5,10,15,21,30.01,9.2361,3,6.2,12.7,19.2,28.7,41.4,5.9152,2,4,8,12,18,26,4.2556,0.505,0.202,0.0066,0.1654,0.441,0.5502,0.3384,0.0188,0.0176,0.22439497600326766,0.28607011937212146,0.40600428877769834,0.6920744081498198,0.30020382554751385,0.18160931277443068,0,0,0,1.1168,0,0,,
640457,Austin Meadows,pit,sdn,OF,7,6.5026,0,3300,1.9704848484848485,6.5026,2,5,10,13,19,26,8.3813,3,6.2,12.4,16,25.2,34.7,5.3804,2,4,8,10,16,22,3.991,0.6222,0.1964,0.0374,0.0694,0.37,0.4734,0.262,0.09,0.0474,0.24816304639313488,0.2975194186920571,0.37672298203271654,0.6742424007247736,0.29416963167126037,0.12855993563958165,0,0,0,0.7816,0,0,,
591741,Jose Osuna,pit,sdn,1B,2,9.205,0,3200,2.8765625,9.205,3,7,14,18,24,35,11.9895,3,9.2,18.7,24.4,31.9,46.6,7.708,2,6,12,16,20,30,4.509,0.6846,0.3358,0.0218,0.1886,0.693,0.5778,0.2956,0.0558,0.0306,0.2921156310817867,0.33852295409181626,0.5164475245644846,0.8549704786563008,0.3647313373253493,0.22433189348269794,0,0,0,0.7514,0,0,,
474568,Jordy Mercer,pit,sdn,SS,8,6.3756,13,3100,2.0566451612903225,6.3756,2,5,9,12,19,27,8.31018,3,6,12.2,15.7,25.2,35.717,5.3372,2,4,8,10,16,22.02,3.8658,0.6114,0.2054,0.0192,0.0848,0.3664,0.4622,0.3938,0.0136,0.0108,0.2652073732718894,0.3400589787366134,0.4086981566820277,0.7487571354186411,0.3283114491179057,0.14349078341013827,0,0,0,0.5892,0,0,,
517369,Jose Pirela,sdn,pit,2B,4,7.027,11,3100,2.266774193548387,7.027,2,5,10,14,20,28,9.08746,3,6.2,12.7,18.4,25.7,37.202,5.8384,2,4,8,12,16,24,4.3544,0.6794,0.2344,0.026,0.079,0.4168,0.493,0.3376,0.0648,0.0412,0.2536347341167098,0.31150101047216605,0.3839374626568413,0.6954384731290073,0.3043948649641741,0.13030272854013153,0,0,0,0.894,0,0,,
614177,Franmil Reyes,sdn,pit,OF,7,6.6958,3,3000,2.2319333333333335,6.6958,0,4.5,10,16,21,30,8.77882,0,6,12.7,21.2,28.2,40.9,5.6336,0,4,8,14,18,26,4.0432,0.5076,0.1422,0.0112,0.1784,0.4096,0.493,0.3086,0.0332,0.0312,0.22476302683018265,0.28393351800554023,0.4121458790767419,0.6960793970822821,0.30134477641472107,0.18738285224655923,0,0,0,1.1022,0,0,,
446481,Sean Rodriguez,pit,sdn,2B,1,8.0272,7,2900,2.7680000000000002,8.0272,2,6,12,16,22,32,10.6833,3,6.6,15.7,21.7,30.9,43.9,6.884,2,4,10,14,20,28,4.626,0.5164,0.1702,0.0164,0.195,0.62,0.4666,0.6018,0.0338,0.0234,0.22314994284578296,0.32421098140942495,0.41896526017593555,0.7431762415853604,0.3253786856895806,0.1958153173301526,0,0,0,1.403,0,0,,
520471,Freddy Galvis,sdn,pit,SS,6,6.0344,0,2600,2.320923076923077,6.0344,2,5,9,12,18,26,7.70506,3,6,12,15.5,24.7,34.4,4.9632,2,4,8,10,16,22,4.1578,0.6394,0.1794,0.0272,0.062,0.3598,0.3766,0.2694,0.074,0.0396,0.23351507046600142,0.2831786040694598,0.3414772142783664,0.6246558183478262,0.2746182115541873,0.10796214381236499,0,0,0,0.8054,0,0,,
607257,Raffy Lopez,sdn,pit,C,8,6.4872,,2600,2.495076923076923,6.4872,0,4,9,14,21,30,8.60262,0,6,12.2,18.7,28.4,41.2,5.5228,0,4,8,12,18,26,3.9128,0.4284,0.1344,0.0082,0.1842,0.3966,0.4782,0.3944,0.0168,0.014,0.2146430195543429,0.2938049478634226,0.4145634379263302,0.7083683857897528,0.3080033224289511,0.19992041837198732,0,0,0,1.2054,0,0,,
543294,Kyle Hendricks,chn,cin,P,,15.1649,12.45,8100,1.8722098765432098,15.1649,6.7375,15.65,23.7625,28.75,35.9025,43.65,29.695,16,31,44,50,58,64.01,16.173,7,17,26,31,37.05,44,27.414,4.284,1.146,0.175,0.995,3.395,0,2.101,0,0,,,,,,,6.448,0.453,0.514,4.996,0.1,0.037,4.37856699751861,4.590933002481389
622491,Luis Castillo,cin,chn,P,,16.4584,10.65,7000,2.3512000000000004,16.4584,7.4375,16.1,25.8875,30.2575,37.15,45.051,31.478,17,31,47,53,61,70,17.425,7,17,28,33,40,47.01,25.605,3.402,1.172,0.126,1.331,3.592,0,2.32,0,0,,,,,,,5.916,0.288,0.422,6.743,0.033,0.019,5.02789046653144,4.978670047329276
592178,Kris Bryant,chn,cin,3B,2,10.344,8,5500,1.8807272727272728,10.344,4,8,16,19,27,35.01,13.6953,6,9.3,21.7,25.2,37.4,47.623,8.832,4,6,14,16,24,30.02,4.783,0.657,0.29,0.017,0.236,0.804,0.573,0.689,0.059,0.034,0.2931118710307768,0.39494041396613006,0.5451880801172447,0.9401284940833747,0.4020884382186911,0.25207620908646794,0,0,0,1.074,0,0,,
519203,Anthony Rizzo,chn,cin,1B,3,11.017,13,4900,2.2483673469387755,11.017,4,9,16,21,29,38,14.8288,6,12.2,21.9,28.2,37.95,52.902,9.518,4,8,14,18,24,34,4.69,0.547,0.214,0.02,0.329,0.804,0.782,0.742,0.04,0.028,0.28115501519756836,0.3948827292110874,0.5954913880445795,0.9903741172556668,0.41841257995735603,0.3143363728470111,0,0,0,0.74,0,0,,
458015,Joey Votto,cin,chn,1B,3,9.754,0,4600,2.1204347826086956,9.754,4,7,14,19,25,38.01,13.0573,6,9.2,18.7,25.2,34.41,53.1,8.404,4,6,12,16,22,34,4.435,0.649,0.178,0.009,0.243,0.704,0.621,0.835,0.019,0.013,0.2997222222222222,0.43156708004509586,0.5566666666666666,0.9882337467117626,0.42355625704622324,0.2569444444444444,0,0,0,0.676,0,0,,
553993,Eugenio Suarez,cin,chn,3B,5,8.021,2,4400,1.8229545454545457,8.021,2,5,12,17,23,32,10.6456,3,6.5,15.7,22.2,31.7,44.4,6.816,2,4,10,14,20,28,4.211,0.605,0.17,0.013,0.186,0.563,0.618,0.435,0.032,0.017,0.25794491525423724,0.33459985751602944,0.4576271186440678,0.7922269761600973,0.3429743528853004,0.19968220338983056,0,0,0,0.961,0,0,,
656941,Kyle Schwarber,chn,cin,OF,5,10.871,0,4400,2.470681818181818,10.871,3,8,16.25,21,30,39,14.7229,3,9.7,22.2,28.2,40.9,53.603,9.418,2,6,14,18,26,34,4.472,0.499,0.131,0.024,0.374,0.742,0.895,0.689,0.027,0.021,0.27174200370076657,0.38394454382826476,0.6156489558551413,0.9995934996834062,0.4199494633273702,0.3439069521543748,0,0,0,1.271,0,0,,
571697,Scooter Gennett,cin,chn,2B,4,9.228,0,4300,2.146046511627907,9.228,3,7,14,18,26,35,12.1684,3,9.2,18.7,25.2,35.2,47.402,7.762,2,6,12,16,22,30,4.337,0.73,0.215,0.029,0.219,0.617,0.804,0.287,0.025,0.02,0.29456790123456794,0.34124971178233804,0.5241975308641975,0.8654472426465356,0.3691715471524096,0.22962962962962957,0,0,0,0.857,0,0,,
595879,Javier Baez,chn,cin,2B,7,8.737,0,4300,2.0318604651162793,8.737,2,7,14,19,25.05,34,11.3955,3,9,18.7,24.7,34.7,46.9,7.296,2,6,12,16,22,30,4.26,0.677,0.187,0.017,0.233,0.55,0.683,0.227,0.077,0.031,0.2762211753037442,0.3147887323943663,0.5043392015869081,0.8191279339812745,0.3492269953051644,0.22811802628316397,0,0,0,1.07,0,0,,
664023,Ian Happ,chn,cin,OF,8,9.293,20,4000,2.32325,9.293,2,7,15.25,19,27,37,12.4112,3,9,19.5,25.2,35.21,50.603,7.956,2,6,12,16,22,32,4.132,0.439,0.173,0.025,0.304,0.566,0.728,0.474,0.067,0.062,0.25724439584472397,0.34244917715392065,0.5675232367413887,0.9099724138953094,0.384411665053243,0.31027884089666474,0,0,0,1.52,0,0,,
571740,Billy Hamilton,cin,chn,OF,9,6.863,0,3800,1.8060526315789474,6.863,2,5,10,14,20,29.01,8.7358,3,6.2,12.2,18.4,25.225,37.405,5.662,2,4,8,12,16,24,3.755,0.587,0.108,0.062,0.06,0.409,0.322,0.347,0.262,0.104,0.2397300469483568,0.3099866844207723,0.3606220657276995,0.6706087501484719,0.2958612516644474,0.12089201877934269,0,0,0,0.9,0,0,,
608365,Addison Russell,chn,cin,SS,4,8.316,7,3800,2.188421052631579,8.316,3,7,12,16,23,32,11.0358,3,9,16,21.7,31.7,41.725,7.056,2,6,10,14,20,26.02,4.587,0.647,0.211,0.024,0.162,0.614,0.658,0.407,0.03,0.02,0.24976076555023927,0.31632875517767606,0.42799043062200964,0.7443191857996857,0.3230015260518858,0.17822966507177038,0,0,0,1.15,0,0,,
594988,Scott Schebler,cin,chn,OF,6,9.015,3,3700,2.4364864864864866,9.015,2,7,14,18,25,35.01,12.0133,3,9,18.7,25.2,34.71,47.925,7.684,2,6,12,16,22,30.02,4.108,0.481,0.194,0.037,0.269,0.574,0.745,0.379,0.044,0.031,0.2630732099758649,0.33106134371957163,0.5513542504692948,0.8824155941888664,0.37335491723466413,0.28828104049342984,0,0,0,0.829,0,0,,
546991,Albert Almora Jr.,chn,cin,OF,1,8.389,7,3300,2.542121212121212,8.389,3,7,13,16,22,30,10.6914,3,9.1,15.5,21.4,28.2,40.4,6.902,2,6,10,14,18,26,4.906,0.862,0.266,0.025,0.136,0.662,0.412,0.29,0.037,0.029,0.2792461005199307,0.3218507949449654,0.43609185441941073,0.7579426493643762,0.32765144720750106,0.15684575389948002,0,0,0,0.899,0,0,,
571466,Tucker Barnhart,cin,chn,C,7,6.711,0,3200,2.0971875,6.711,2,5,10,14,20,27,8.7377,3,6,12.5,18.7,25.785,37.4,5.622,2,4,8,12,16.1,24,3.987,0.589,0.198,0.028,0.112,0.396,0.451,0.403,0.022,0.007,0.25864955357142855,0.33358414848256834,0.42327008928571425,0.7568542377682825,0.3300609480812642,0.1646205357142857,0,0,0,0.715,0,0,,
606299,Jose Peraza,cin,chn,SS,2,7.508,0,3200,2.34625,7.508,3,6.5,11,14,19,25.01,9.4203,3,9,13.2,18.5,24.9,34.402,6.076,2,6,8,12,16,22,4.537,0.913,0.143,0.037,0.056,0.564,0.387,0.173,0.19,0.083,0.2632905591200733,0.29138197046506503,0.35151237396883594,0.642894344433901,0.28079391668503423,0.08822181484876263,0,0,0,0.55,0,0,,
605170,Victor Caratini,chn,cin,1B,6,8.072,0,3200,2.5224999999999995,8.072,3,6,12,16,23,30.01,10.6583,3,6.5,15.7,21.7,31.21,41.702,6.834,2,4,10,14,20,26,4.368,0.663,0.247,0.022,0.135,0.564,0.589,0.473,0.014,0.014,0.27394094993581514,0.35256410256410253,0.4526315789473684,0.8051956815114709,0.3497960164835165,0.17869062901155325,0,0,0,0.942,0,0,,
608385,Jesse Winker,cin,chn,OF,1,8.323,0,3000,2.7743333333333333,8.323,3,7,12,16,23,29,10.8277,3,9,15.5,21.43,30.91,37.707,6.986,2,6,10,14,20,24,4.638,0.747,0.251,0.023,0.127,0.601,0.457,0.531,0.039,0.033,0.27952276600925247,0.36200948684777917,0.44460676893109324,0.8066162557788724,0.35188809831824064,0.16508400292184078,0,0,0,0.695,0,0,,
622864,Fernando Romero,min,mil,P,,14.9365,5.65,8700,1.7168390804597702,14.9365,5.9375,15.4,23.45,27.65,34.45,42.4005,29.5202,16,30,43,49,58,68,15.7422,6,16,25,30,38,45,25.1932,3.5074,1.4206,0.0836,0.6706,3.1926,0,2.9028,0,0,,,,,,,5.74093,0.2922,0.4102,5.9092,0.0144,0.0116,4.611204108045213,4.133810377412719
642547,Freddy Peralta,mil,min,P,,19.2819,5.6,8100,2.380481481481482,19.2819,10.5,20,28.3,32.0575,38.95,47.0005,35.716,22,37,50,56,64,73,20.372,11,21,30,35,42,50,25.349,2.9086,1.2268,0.1448,0.7464,2.851,0,3.1376,0,0,,,,,,,5.91433,0.4204,0.4458,7.1836,0.0184,0.0132,3.9987961442800795,3.959931185780976
592696,Eddie Rosario,min,mil,OF,3,8.5438,3,4500,1.898622222222222,8.5438,3,7,13,17,25,34,11.1576,3,9,16,22.2,33.605,46.402,7.1632,2,6,10,14,22,30,4.374,0.6032,0.2628,0.0416,0.184,0.5336,0.6122,0.3194,0.0634,0.0484,0.2692250776895378,0.3225880201188843,0.4907019188082672,0.8132899389271515,0.34753246456332876,0.2214768411187294,0,0,0,1.0854,0,0,,
543768,Travis Shaw,mil,min,3B,4,8.5166,5,4500,1.892577777777778,8.5166,3,7,12,17,24,32.01,11.3607,3,9.2,16,22.2,31.705,44.1,7.2728,2,6,10,14,20,28,4.551,0.5698,0.2802,0.0122,0.1708,0.5796,0.6712,0.48,0.0278,0.0234,0.2537460083517563,0.3324544056251373,0.454433800049128,0.7868882056742652,0.34051316194243025,0.20068779169737166,0,0,0,0.962,0,0,,
456715,Lorenzo Cain,mil,min,OF,1,8.8834,6,4100,2.166682926829268,8.8834,3,7,13,16,23,30,11.4899,3.2,9.2,15.7,21.6,28.71,40.603,7.4248,2,6,10,14,18,26,4.8748,0.816,0.2672,0.0202,0.0962,0.6282,0.4542,0.549,0.1426,0.0676,0.2773128669841417,0.358701895462378,0.41513708446992476,0.7738389799323028,0.3401538524657422,0.13782421748578305,0,0,0,0.9238,0,0,,
572821,Brian Dozier,min,mil,2B,1,8.553,4,4100,2.0860975609756096,8.553,2,7,13,17,24,34,11.3082,3,9,16,21.7,31.71,46.6,7.2988,2,6,10,14,20,30,4.5886,0.5224,0.216,0.0268,0.1866,0.5992,0.4804,0.6106,0.089,0.054,0.23926596279537457,0.3404960118554679,0.44776269482151837,0.7882587066769863,0.3428222987403565,0.2084967320261438,0,0,0,1.1292,0,0,,
592885,Christian Yelich,mil,min,OF,2,8.878,14,4100,2.1653658536585367,8.878,3,7,13,16,23,31,11.6838,3.2,9.2,16,21.7,31.4,41.402,7.5248,2,6,10,14,20,26,4.7692,0.7102,0.2956,0.0186,0.1158,0.6552,0.5312,0.5984,0.0786,0.038,0.27337681020427734,0.36454751320976264,0.4364630286755539,0.8010105418853166,0.3505869747546759,0.16308621847127658,0,0,0,1.0826,0,0,,
500871,Eduardo Escobar,min,mil,3B,4,7.252,0,3900,1.8594871794871795,7.252,2,5,10,14,21,30,9.56512,3,6.2,13,19,28.4,40.9,6.1376,2,4,8,12,18,26,4.2716,0.5306,0.223,0.0318,0.1342,0.4706,0.5292,0.4026,0.0288,0.0222,0.2376841561126906,0.3095327277835003,0.4158180408374257,0.725350768620926,0.31528883790617096,0.1781338847247351,0,0,0,1.105,0,0,,
542340,Jonathan Villar,mil,min,2B,7,7.2142,7,3500,2.0612,7.2142,2,5,11,14,20,28,9.33856,3,6.5,13,18.7,26.2,37.701,6.0176,2,4,8,12,16,24,4.2268,0.6306,0.199,0.0244,0.0716,0.4348,0.4504,0.3854,0.175,0.0798,0.2409538189201854,0.31016371723289493,0.3613786640287395,0.6715423812616345,0.2965867322797388,0.12042484510855414,0,0,0,1.2796,0,0,,
570267,Domingo Santana,mil,min,OF,5,7.8056,0,3500,2.2301714285714285,7.8056,2,6,11,15,22,31,10.3456,3,6.5,15.4,19.925,30.7,41.702,6.6412,2,4,10,12.3,20,26,4.4422,0.5998,0.2338,0.0066,0.1342,0.534,0.554,0.5102,0.0492,0.0354,0.2478128179043744,0.33420377290531716,0.4130213631739574,0.7472251360792745,0.3276401332673,0.16520854526958298,0,0,0,1.4536,0,0,,
489149,Logan Morrison,min,mil,1B,5,7.1784,13,3400,2.1112941176470588,7.1784,2,5,10,15,21,30,9.68852,3,6.2,13,19.2,28.605,40.9,6.2332,2,4,8,12,18,26,4.1718,0.4216,0.1722,0.0106,0.1546,0.4856,0.4832,0.6896,0.021,0.013,0.21796565389696168,0.34723620499544555,0.4066969157429211,0.7539331207383666,0.33396107195934605,0.18873126184595942,0,0,0,1.1528,0,0,,
542583,Jesus Aguilar,mil,min,1B,3,8.3716,16,3400,2.4622352941176473,8.3716,2,6,13,17,24,33,11.1073,3,9,16,22.2,31.7,44.6,7.1072,2,6,10,14,20,28,4.668,0.6228,0.2586,0.007,0.1776,0.5752,0.663,0.4164,0.0138,0.0096,0.25072913726597046,0.31756640959725796,0.44016370307648883,0.7577301126737468,0.3280110111396744,0.18943456581051837,0,0,0,1.2284,0,0,,
596146,Max Kepler,min,mil,OF,2,7.5822,2,3300,2.297636363636364,7.5822,2,6,11,15,21,30,10.0425,3,6.5,15.2,19,28.4,40.402,6.4728,2,4,10,12,18,26,4.4782,0.4974,0.255,0.0342,0.1208,0.5666,0.44,0.5426,0.047,0.0298,0.23056204898871835,0.32379080880711,0.4048175627604432,0.7286083715675531,0.31943057478451164,0.17425551377172482,0,0,0,1.016,0,0,,
596847,Ji-Man Choi,mil,min,1B,6,7.9616,3,3300,2.4126060606060604,7.9616,2,6,11,16,22,32,10.6899,3,9,15.4,21.7,30.9,43.6,6.874,2,6,10,14,20,28,4.3336,0.4932,0.2398,0.0124,0.142,0.539,0.5422,0.6862,0.0458,0.0358,0.2432965948346768,0.36311611593132737,0.43263694686626086,0.7957530627975882,0.3497029721247924,0.18934035203158406,0,0,0,1.0866,0,0,,
543257,Robbie Grossman,min,mil,OF,6,6.4342,7,3100,2.075548387096774,6.4342,2,5,9,12,18,26,8.54194,3,6.2,12.2,15.7,25.2,35.2,5.5108,2,4,8,10,16,22,4.072,0.51,0.21,0.0126,0.0702,0.4212,0.383,0.627,0.0378,0.023,0.23303338171262697,0.3511296660117878,0.3624383164005805,0.7135679824123683,0.3207671905697446,0.12940493468795353,0,0,0,0.9818,0,0,,
444489,Manny Pina,mil,min,C,8,6.7284,9,3000,2.2428,6.7284,2,5,10,14,19,27,8.85998,3,6.2,12.7,18.5,25.7,38.001,5.6716,2,4,8,12,16,24,4.1136,0.6028,0.2272,0.0048,0.0998,0.4554,0.523,0.3514,0.0176,0.0112,0.24841847854978472,0.31262154803578374,0.3909414704162458,0.7035630184520295,0.3081090042784909,0.14252299186646106,0,0,0,0.8178,0,0,,
606115,Orlando Arcia,mil,min,SS,9,6.4796,0,2900,2.234344827586207,6.4796,2,5,10,13,19,27.01,8.37008,3,6.2,12.4,16,25.2,37.2,5.37,2,4,8,10,16,24,4.0008,0.6396,0.2074,0.0194,0.0754,0.4414,0.4536,0.2298,0.073,0.0414,0.24974807743304164,0.2928414317136573,0.3750198886237073,0.6678613203373646,0.2911053289342131,0.12527181119066563,0,0,0,0.7728,0,0,,
501303,Ehire Adrianza,min,mil,SS,8,5.781,2,2500,2.3124,5.781,2,5,9,11.15,17,24,7.55102,3,6,12,15.2,22.1,31.403,4.8664,2,4,8,10,14,20,3.8348,0.5174,0.176,0.022,0.0416,0.3336,0.3694,0.4404,0.094,0.0494,0.2230143766203158,0.3122457494523834,0.32459344803205276,0.6368391974844362,0.28637686450401584,0.10157907141173694,0,0,0,0.9718,0,0,,
435064,Bobby Wilson,min,mil,C,9,4.7942,9,2400,1.9975833333333333,4.7942,0,3,7,10,18,24,6.37146,0,3,9.2,12.7,24.7,31.9,4.0848,0,2,6,8,16,20,3.7152,0.3794,0.1138,0.0024,0.092,0.3448,0.3506,0.31,0.0274,0.012,0.17255961470691886,0.24160206718346253,0.28844120756490077,0.5300432747483633,0.23712936046511632,0.11588159285798191,0,0,0,1.3208,0,0,,
571760,Andrew Heaney,ana,tba,P,,19.8888,22.7,9100,2.1855824175824177,19.8888,11.7375,20.6,28.3,32.3,39,46.85,36.376,23,38,50,55,64,71,21.4326,12,22,31,35,42,49,25.9256,3.77,1.0964,0.0868,0.6932,2.6364,0,1.9786,0,0,,,,,,,6.28907,0.4314,0.5558,6.6706,0.0264,0.0216,3.48919633586524,3.4123954718265184
545361,Mike Trout,ana,tba,OF,2,10.6204,21,5600,1.8964999999999999,10.6204,4,8,16,20,28,37,14.2303,6,12,21.7,25.7,37.4,50.1,9.18,4,8,14,16,24,32,4.5106,0.573,0.182,0.0354,0.247,0.7702,0.6126,0.9348,0.1206,0.0568,0.2901168969181721,0.43723673125526535,0.568040718160971,1.0052774494162364,0.42904957211900846,0.2779238212427989,0,0,0,0.891,0,0,,
457708,Justin Upton,ana,tba,OF,3,8.6694,0,4600,1.8846521739130433,8.6694,2,6,14,18,25,34,11.5964,3,9,18.7,24.7,34.2,47.9,7.42,2,6,12,16,22,30,4.4136,0.5244,0.1992,0.0066,0.227,0.5776,0.7018,0.4628,0.0586,0.0274,0.2422800445479397,0.3217328258111292,0.4684114609699302,0.7901442867810594,0.3404105945260105,0.2261314164219905,0,0,0,1.3352,0,0,,
543068,C.J. Cron,tba,ana,1B,2,8.111,5,4200,1.9311904761904763,8.111,2,6,12,17,23,33,10.5964,3,6.5,15.7,21.9,31.4,44.4,6.81,2,4,10,14,20,28,4.561,0.615,0.2242,0.0092,0.2052,0.5542,0.5412,0.3318,0.033,0.0284,0.24912513004823605,0.3037491778118833,0.4520476685898043,0.7557968464016875,0.3251026529269897,0.20292253854156822,0,0,0,1.2178,0,0,,
592743,Andrelton Simmons,ana,tba,SS,5,7.1034,0,4000,1.77585,7.1034,3,6,10,13,19,26,9.13014,3,6.5,12.7,16.5,25.2,34.7,5.874,2,4,8,10,16,22,4.1822,0.7664,0.2152,0.0186,0.0692,0.4442,0.4606,0.3584,0.0722,0.0502,0.27966943877817874,0.3413992635455024,0.3999686176055233,0.7413678811510257,0.3253499115298168,0.12029917882734459,0,0,0,0.3952,0,0,,
446359,Zack Cozart,ana,tba,2B,1,8.2912,5,3500,2.3689142857142858,8.2912,3,7,12,16,23,31.01,10.8892,3,9,15.7,21.7,30.9,43.4,7.0116,2,6,10,14,20,28,4.6292,0.6376,0.2308,0.0272,0.1656,0.6526,0.4826,0.4762,0.0256,0.0154,0.2555261256922707,0.33210921973559143,0.4438237418733446,0.7759329616089361,0.3365911604596907,0.18829761618107393,0,0,0,0.885,0,0,,
527043,Jefry Marte,ana,tba,1B,7,6.8302,5,3500,1.9514857142857143,6.8302,2,5,10,14,20,29,9.03864,3,6.2,12.7,18.7,28.1,38.405,5.7988,2,4,8,12,18,24,3.9816,0.5084,0.1908,0.0072,0.1396,0.4452,0.5028,0.4042,0.0386,0.0256,0.2364845977525577,0.31399437412095643,0.4109129535416782,0.7249073276626347,0.31651341169379144,0.17442835578912053,0,0,0,0.8438,0,0,,
605480,Mallex Smith,tba,ana,OF,8,6.0212,5,3500,1.7203428571428574,6.0212,0,5,10,12,17,24,7.59142,0,6,12.2,15.4,21.7,31.202,4.9188,0,4,8,10,14,20,3.8932,0.6432,0.133,0.0432,0.0222,0.3156,0.3002,0.3252,0.1954,0.1,0.2358744394618834,0.29970204459056815,0.31603139013452913,0.6157334347250973,0.2747878351998355,0.08015695067264572,0,0,0,1.053,0,0,,
608654,Johnny Field,tba,ana,OF,7,6.2944,7,3500,1.7984000000000002,6.2944,0,5,10,14,20,28,8.15088,0,6,12.2,18.7,27.41,37.4,5.2344,0,4,8,12,18,24,4.0222,0.5108,0.213,0.0138,0.1148,0.3744,0.4488,0.1986,0.079,0.0436,0.22293126896118842,0.26129978618666405,0.3759284443979496,0.6372282305846136,0.2755420416687385,0.15299717543676117,0,0,0,1.107,0,0,,
405395,Albert Pujols,ana,tba,1B,4,7.4858,5,3400,2.2017058823529414,7.4858,2,5,11,16,22,32,9.89458,3,6.2,15.2,21.7,30.9,43.9,6.3192,2,4,10,14,20,28,4.2942,0.6244,0.168,0.002,0.1798,0.4934,0.6342,0.3252,0.0106,0.0064,0.2454522549760645,0.30259419682362254,0.4246913580246914,0.7272855548483139,0.3151094499557543,0.1792391030486269,0,0,0,0.6166,0,0,,
622110,Matt Duffy,tba,ana,3B,3,6.773,4,3300,2.0524242424242423,6.773,2,5,10,13,19,26.01,8.5591,3,6.2,12.2,16.2,25.2,34.7,5.5196,2,4,8,10,16,22,4.4444,0.8184,0.195,0.017,0.072,0.398,0.4002,0.2902,0.062,0.0416,0.26536998700110737,0.3133381333813338,0.37249049155071984,0.6858286249320537,0.30091728917289173,0.10712050454961247,0,0,0,1.048,0,0,,
435079,Ian Kinsler,ana,tba,2B,6,6.8522,12,3100,2.2103870967741934,6.8522,2,5,10,14,21,28,8.9897,3,6.2,12.5,18.7,27.9,37.4,5.7768,2,4,8,12,18,24,4.0882,0.5814,0.1636,0.0096,0.1166,0.434,0.4754,0.4192,0.078,0.0396,0.23744889615699105,0.3156401350227484,0.382611065685473,0.6982512007082213,0.3076492833031652,0.14516216952848193,0,0,0,0.636,0,0,,
467092,Wilson Ramos,tba,ana,C,4,7.3452,5,3100,2.3694193548387097,7.3452,2,5,11,16,22,30,9.55654,3,6.2,13,21.7,28.7,40.902,6.1196,2,4,8,14,18,26,4.3522,0.6846,0.1704,0.0022,0.1792,0.4562,0.5718,0.2674,0.0078,0.0046,0.2537211124167646,0.2995726299342861,0.4281237759498629,0.7276964058841491,0.3144123431827581,0.1744026635330983,0,0,0,0.8776,0,0,,
621002,Daniel Robertson,tba,ana,2B,1,6.8068,24,3100,2.195741935483871,6.8068,2,5,10,14,20,28,8.93502,3,6.2,12.4,18.2,25.725,37.202,5.7792,2,4,8,12,16,24,4.6706,0.6008,0.1636,0.0172,0.0954,0.4976,0.3334,0.6214,0.038,0.0238,0.21658599229477424,0.32081531280777625,0.33616516842833144,0.6569804812361077,0.2960895816383333,0.1195791761335572,0,0,0,1.4356,0,0,,
624414,Christian Arroyo,tba,ana,3B,5,6.0508,2,3100,1.9518709677419355,6.0508,2,5,9,12,18,26,7.787,3,6,12,15.7,24.9,34.7,5.0056,2,4,8,10,16,22,4.2528,0.6188,0.1846,0.0104,0.0916,0.382,0.4044,0.2552,0.0378,0.0254,0.22648589153492096,0.27290255831452226,0.3466079647788673,0.6195105230933895,0.2713900018811137,0.12012207324394633,0,0,0,1.0314,0,0,,
594777,Kole Calhoun,ana,tba,OF,8,6.002,0,2700,2.222962962962963,6.002,2,5,8,12,19,26.01,7.88442,3,6,12,15.7,25.2,35.2,5.066,2,4,8,10,16,22,3.8598,0.5422,0.1436,0.0192,0.0962,0.4096,0.407,0.4058,0.0194,0.014,0.23196294151708163,0.3127105031348774,0.3682107701215982,0.6809212732564756,0.3012111508368309,0.13624782860451656,0,0,0,0.9094,0,0,,
608701,Rob Refsnyder,tba,ana,OF,6,5.6748,0,2600,2.1826153846153846,5.6748,2,4,8,11,17,24,7.44442,3,6,9.7,15.2,22.21,31.903,4.8112,2,4,6,10,14,20,4.136,0.5004,0.1534,0.0094,0.062,0.3606,0.311,0.5166,0.067,0.031,0.20036470133171239,0.30024177949709857,0.2993313808918605,0.5995731603889591,0.2730113152804642,0.09896667956014812,0,0,0,1.1954,0,0,,
455117,Martin Maldonado,ana,tba,C,9,5.5598,0,2500,2.22392,5.5598,0,4,8,11,18,25,7.31828,0,6,9.5,15.2,24.7,34.1,4.7036,0,4,6,10,16,22,3.7396,0.4956,0.1566,0.0064,0.0842,0.4114,0.3612,0.3688,0.0228,0.0142,0.22036311854752577,0.29725104289228793,0.3455559511095289,0.6428069940018168,0.2854939565728955,0.12519283256200314,0,0,0,0.9528,0,0,,
491696,Jesus Sucre,tba,ana,C,9,5.4224,4,2400,2.259333333333333,5.4224,0,4,8,11,18,25,6.96938,0,6,9.5,15.2,24.7,33.405,4.4684,0,4,6,10,16,22,3.7822,0.5964,0.1336,0.0044,0.0842,0.3614,0.389,0.1766,0.0468,0.0272,0.22703572220989574,0.26312728041880384,0.33658753050809853,0.5997148109269024,0.2622866056792343,0.1095518082982028,0,0,0,0.7622,0,0,,
608577,Nomar Mazara,tex,cha,OF,4,8.7924,7,4400,1.9982727272727276,8.7924,3,7,14,18,24,34,11.7519,3,9.2,18.625,24.7,32.2,46.603,7.514,2,6,12,16,20,30,4.5552,0.643,0.1896,0.0114,0.2042,0.5812,0.7294,0.544,0.0146,0.0106,0.26131830873554046,0.34953459782226903,0.4669924212205823,0.8165270190428513,0.35385164207938175,0.20567411248504186,0,0,0,0.897,0,0,,
660162,Yoan Moncada,cha,tex,2B,1,10.1792,5,4400,2.313454545454545,10.1792,3,8,16,19,26,35,13.4277,3.5,9.85,21.2,25.2,34.9,47.4,8.6532,2,6,14,16,22,30,4.6554,0.652,0.193,0.0334,0.2394,0.7196,0.608,0.6324,0.1354,0.08,0.27785234899328853,0.3759505090862224,0.5209545115585383,0.8969050206447607,0.384825364093311,0.2431021625652498,0,0,0,1.1444,0,0,,
547989,Jose Abreu,cha,tex,1B,3,9.8614,28,4200,2.347952380952381,9.8614,3,8,14,19,25,35,12.9989,3.5,9.5,18.9,25.1,34.4,47.4,8.3196,2,6,12,16,22,30,4.4152,0.7502,0.2484,0.0158,0.2496,0.7146,0.7532,0.3744,0.0124,0.0074,0.31280934468422095,0.3710817177024824,0.5674123935854286,0.938494111287911,0.3991482152563871,0.25460304890120766,0,0,0,0.5414,0,0,,
608336,Joey Gallo,tex,cha,1B,6,10.0508,0,4200,2.393047619047619,10.0508,2,7,16,20,28,37,13.7604,3,9.2,22.2,27.9,37.9,50.903,8.8028,2,6,14,18,24,32,4.3542,0.34,0.1174,0.0118,0.3672,0.6868,0.8376,0.7328,0.0326,0.0202,0.23096040205445412,0.3603876716733269,0.5740873695255979,0.9344750411989249,0.39458917826466405,0.3431269674711438,0,0,0,1.4222,0,0,,
608337,Lucas Giolito,cha,tex,P,,13.1803,14.7,4100,3.214707317073171,13.1803,4.3,13,21.95,26.3,33.2,41.551,27.1686,13,26,42,48,57,66,13.7652,4,14,24,28,36,44,25.5214,3.169,0.9772,0.092,1.0212,3.4948,0,3.7632,0,0,,,,,,,5.72127,0.3568,0.3922,5.3264,0.0228,0.0152,5.077893544615095,5.588697857293923
571602,Matt Davidson,cha,tex,1B,4,9.559,7,3900,2.451025641025641,9.559,3,7,16,19,26,36.01,12.8646,3,9.2,21.7,25.2,35.4,50.1,8.22,2,6,14,16,22,32,4.3116,0.5246,0.1672,0.008,0.3102,0.6898,0.7932,0.4816,0.0108,0.0076,0.26370757180156656,0.34595045922627327,0.5545169712793734,0.9004674305056466,0.3820987568420075,0.2908093994778068,0,0,0,1.1252,0,0,,
594953,Daniel Palka,cha,tex,OF,5,9.3488,14,3800,2.4602105263157896,9.3488,3,7,15,19,25,36.01,12.3896,3,9.2,19.2,25.2,34.7,50.1,7.9264,2,6,12,16,22,32,4.2138,0.576,0.1694,0.025,0.2928,0.6422,0.7432,0.334,0.0414,0.028,0.2740347440589721,0.33157719872798896,0.5569874735811124,0.8885646723091014,0.3761820209786891,0.28295272952214034,0,0,0,0.9548,0,0,,
570560,Yolmer Sanchez,cha,tex,3B,2,8.4148,4,3600,2.3374444444444444,8.4148,3,7,12,16,23,31.01,10.8563,3,9.2,15.7,21.7,30.7,41.4,6.9756,2,6,10,14,20,26,4.533,0.788,0.2206,0.0562,0.1182,0.6394,0.53,0.2842,0.0818,0.059,0.27843155714554696,0.3236708581513346,0.44026548672566373,0.7639363448769984,0.32973778954334876,0.16183392958011678,0,0,0,0.6352,0,0,,
425783,Shin-soo Choo,tex,cha,OF,2,9.221,6,3500,2.634571428571429,9.221,4,7,13,18,24,33,12.3652,6,9.2,18.2,24.7,33.9,44.4,7.9576,4,6,12,16,22,28,4.7962,0.6332,0.1852,0.0078,0.18,0.6588,0.594,0.8402,0.0694,0.0482,0.2543478260869565,0.38497143571994497,0.4416076845298281,0.8265791202497731,0.3642025353404779,0.18725985844287163,0,0,0,0.893,0,0,,
641313,Tim Anderson,cha,tex,SS,7,7.4286,0,3500,2.122457142857143,7.4286,2,5,11,15,21,30,9.51604,3,6.5,15,18.7,28.4,40.4,6.108,2,4,10,12,18,26,4.0064,0.72,0.1728,0.0278,0.1338,0.4522,0.5272,0.1812,0.1046,0.052,0.275645717870961,0.3084065495207668,0.440290703754052,0.7486972532748188,0.3222523462460064,0.164644985883091,0,0,0,0.8046,0,0,,
592261,Delino DeShields,tex,cha,OF,1,8.4362,3,3400,2.4812352941176465,8.4362,3,7,12,16,22,29,10.9647,3,9.2,15.4,21,28.4,37.901,7.1076,2,6,10,14,18,24,4.9114,0.7342,0.1662,0.024,0.0738,0.5718,0.3778,0.7052,0.2326,0.116,0.23731634254196182,0.3468257523313108,0.340877751890067,0.6877035042213778,0.31111471270920715,0.1035614093481052,0,0,0,1.1158,0,0,,
544725,Leury Garcia,cha,tex,OF,6,7.5712,3,3300,2.29430303030303,7.5712,3,6,11,15,21,28,9.66116,3,6.5,15,18.7,27.9,37.9,6.2156,2,4,10,12,18,24,4.1138,0.7608,0.1756,0.0464,0.1004,0.4798,0.4836,0.2404,0.1256,0.0706,0.2796509526514173,0.32174631727356695,0.42670522021996177,0.7484515374935288,0.32393028343623903,0.14705426756854445,0,0,0,0.6866,0,0,,
595777,Jurickson Profar,tex,cha,SS,5,7.5258,11,3300,2.2805454545454547,7.5258,2,6,11,14,21,28.01,10.079,3,9,15,18.9,28.4,38.715,6.4712,2,6,10,12,18,24.02,4.4556,0.5816,0.188,0.0186,0.0992,0.5558,0.522,0.6488,0.0494,0.0354,0.23310917305873702,0.3447796031959781,0.3704423662918988,0.715221969487877,0.3198979262052249,0.1373331932331618,0,0,0,0.6858,0,0,,
643396,Isiah Kiner-Falefa,tex,cha,2B,3,6.9448,4,3200,2.1702500000000002,6.9448,2,5,10,13,19,26,9.07616,3,6.5,12.7,18,25.21,34.7,5.832,2,4,8,12,16,22,4.685,0.7104,0.1812,0.0198,0.0566,0.4688,0.4688,0.483,0.0684,0.0452,0.23036649214659688,0.30971184631803633,0.3233222275107092,0.6330340738287455,0.2840957950907151,0.09295573536411234,0,0,0,0.8432,0,0,,
455139,Robinson Chirinos,tex,cha,C,8,7.2462,3,3100,2.3374838709677417,7.2462,2,5,11,16,22,30.01,9.86828,3,6.2,15.2,21.7,29.2,41.402,6.34,2,4,10,14,18,26,4.1354,0.3492,0.1428,0.0048,0.1912,0.5314,0.504,0.6762,0.0222,0.019,0.1988899167437558,0.3298834453740872,0.4087650323774284,0.7386484777515157,0.326209169608744,0.2098751156336726,0,0,0,1.3578,0,0,,
596059,Rougned Odor,tex,cha,2B,7,7.8848,7,3100,2.543483870967742,7.8848,2,5,13,17,23,32.01,10.5012,3,6.5,16,22.2,31.4,43.9,6.7312,2,4,10,14,20,28,4.2546,0.4538,0.1554,0.0222,0.2068,0.5166,0.6022,0.4156,0.0864,0.0602,0.21833810888252148,0.29469280308372114,0.4319874967439437,0.7266802998276649,0.3141476519531801,0.21364938786142224,0,0,0,1.1106,0,0,,
608597,Ronald Guzman,tex,cha,1B,9,6.2942,0,3000,2.0980666666666665,6.2942,2,5,9,13,19,27,8.37804,3,6.2,12.2,18.2,25.2,36.902,5.3912,2,4,8,12,16,24,4.031,0.4924,0.142,0.0194,0.1056,0.4622,0.3976,0.5416,0.0186,0.0136,0.21763053820140998,0.3227486975936492,0.36023385109187833,0.6829825486855275,0.30509590672289755,0.14260331289046835,0,0,0,1.0346,0,0,,
641553,Adam Engel,cha,tex,OF,9,6.699,7,2900,2.31,6.699,2,5,10,14,19,29,8.78164,3,6.2,12.5,18.7,25.7,38.717,5.6464,2,4,8,12,16,24.02,3.7786,0.5042,0.1476,0.0276,0.1098,0.4622,0.4392,0.3484,0.126,0.058,0.23007404816045707,0.3010638860953792,0.38522535129146984,0.686289237386849,0.30054554596940664,0.15515130313101277,0,0,0,0.857,0,0,,
553882,Omar Narvaez,cha,tex,C,8,5.8208,7,2300,2.5307826086956524,5.8208,2,5,8,11,16,22,7.60544,3,6.2,12,13,21.7,29.2,4.8992,2,4,8,8,14,18,3.8852,0.635,0.1764,0.0046,0.0404,0.4222,0.3444,0.4794,0.0202,0.0138,0.25145340301838043,0.34381756408936476,0.3415350284808268,0.6853525925701915,0.3086283846391434,0.09008162546244636,0,0,0,0.5086,0,0,,
